   0.3432499891    0.3541412706    0.2962564211    0.3056787113    0.2489199817    0.2557947825     0.164411283    0.1689017269    0.1353909867    0.1397890576    0.2082439939    0.2139989309    0.1715530068    0.1763291838    0.1437930448     0.147693179    0.1166029236    0.1203487466    0.1621392493    0.1666473499   0.07644804548    0.0840119094   0.08636110064   0.06684954298   0.05409133834    0.0556099554   0.06973019387   0.07166921821   0.04253684052   0.04435518046   0.04982849929   0.03855685068   0.03719657232   0.04168812315    0.0271352386   0.02785277029   0.03260036395   0.03363328648   0.02740918153   0.02290451746   0.02354817458    0.0384403555   0.03366897622   0.02341949731   0.02407700137   0.02129925527   0.02185818952   0.03235522019   0.03645904648   0.02377829284   0.02440841548   0.02813716222   0.02903052917   0.02936979188   0.02401013279   0.02364104182    0.0242923368    0.0219320442   0.02254782178   0.01865955888   0.01915349316   0.01561516036   0.01604100899   0.01925133115   0.01518469697   0.02528946765   0.01647604212   0.01531735603   0.01693784581   0.01574377341   0.01517119491   0.01755016583    0.0128586824   0.01327599704   0.01928107763   0.01977793649   0.02032357955   0.01462954245   0.01531887614   0.01629331559   0.01674682722   0.01365678209   0.01402668012   0.01686302789   0.01330169496   0.01107446541   0.01142966189   0.01658131263   0.01029941388     0.010588558   0.01107290199   0.01138028625   0.01144898788   0.01177054792   0.01329433432   0.01319532291   0.01101191568   0.01132092793   0.01539704025   0.01582697365 
  0.02968141474    0.0306569524   0.02563950368   0.02646672041   0.02154718128   0.02214893521   0.01422163169   0.01462164607   0.01172036321   0.01210447771   0.01802465126   0.01852934305   0.01485230243   0.01526942362   0.01244390073    0.0127873417   0.01009160886   0.01042022126   0.01404114981   0.01443346507  0.006624017908  0.007273340772  0.007478531592   0.00579208983   0.00468341622  0.004815371876  0.006038344309  0.006207158815  0.003685485522   -0.5108113647   -0.5786709658  0.003338629809  0.003222231312  0.003609138269  0.002346730739  0.002411135754  0.002824086227   0.00291358012  0.002374938558  0.001982966274  0.002038880934   -0.4428690235  0.002915518835  0.002027954517   0.00208506424  0.001841875968  0.001892099314  0.002801586457  0.003156800224  0.002057807717   0.00211332638  0.002437596603  0.002514745195   -0.3383088278  0.002080319748   0.00204817248  0.002104381794  0.001899027654  0.001952520517   0.00161486189  0.001658266051  0.001352754525  0.001389615693  0.001666580795  0.001315627554  0.002189695719  0.001426574697  0.001326200103  0.001466841727  0.001363403252  0.001313336164  0.001519817163  0.001114061859  0.001150138844   -0.2225847413  0.001713448368  0.001760546965  0.001266833966  0.001326957095  0.001411394517  0.001450618656  0.001183129364  0.001214989501   0.00146005761  0.001152164974 0.0009594192406 0.0009901050342   -0.1914282069 0.0008918069957 0.0009169271918 0.0009588003732  0.000985585275 0.0009913141067  0.001019243081  0.001151019515  0.001143224463 0.0009534755488 0.0009803171228  0.001333338864   0.00137053623 
-8.971860189e-05 -0.0001167756617 -9.285338236e-05 -0.0001044774218 -8.116323936e-05 -8.839300893e-05 -4.623758915e-05 -5.592465699e-05 -4.455581249e-05 -4.855022828e-05 -6.681809782e-05 -7.355625462e-05 -5.75966789e-05 -6.193436372e-05 -4.455907119e-05 -5.014799123e-05 -3.669090582e-05 -4.113866744e-05 -5.747633683e-05 -6.054079757e-05 -3.066478125e-05 -2.819249773e-05 -3.034372462e-05 -2.661251545e-05 -1.852264257e-05 -1.940146233e-05 -2.453269185e-05 -2.590305551e-05 -1.691687878e-05    0.3911789048   -0.8014957538 -1.336770262e-05 -1.433712124e-05 -1.400839339e-05 -7.299990133e-06 -9.187086081e-06 -1.263776851e-05 -1.304658016e-05 -1.100010934e-05 -7.701712236e-06 -8.064222106e-06    0.3599895363 -1.176949761e-05 -8.181445642e-06 -8.546351191e-06 -5.631250045e-06  -7.1364614e-06 -1.117566638e-05 -1.252122341e-05 -7.391350984e-06 -8.313756633e-06 -1.102506383e-05 -1.116933775e-05    0.2700470027 -9.553572933e-06 -9.334653063e-06 -9.409500683e-06 -7.56585053e-06 -7.912627349e-06 -5.827265648e-06 -6.467202696e-06 -6.097079578e-06 -6.235964672e-06 -6.384269243e-06 -6.032638653e-06 -8.67784477e-06 -5.652377111e-06 -5.212998144e-06 -6.024520004e-06 -5.572878027e-06 -5.010589644e-06 -6.198214847e-06 -5.10519161e-06 -5.203780353e-06   0.03878929777 -7.777150128e-06 -7.846432922e-06 -5.12041441e-06 -5.831831907e-06 -6.267998131e-06 -6.389944497e-06 -5.356823203e-06 -5.348006456e-06 -5.762235996e-06   -5.029274e-06 -4.346833819e-06 -4.413795305e-06   0.02368660451 -3.562580369e-06 -3.727043077e-06 -3.841680069e-06 -4.076526951e-06 -3.936682913e-06 -4.113975194e-06 -4.507634326e-06 -5.199721593e-06 -3.78837323e-06 -3.96076075e-06 -5.563310049e-06 -5.689750484e-06 
  0.01371665102   0.03271308213   0.02300718164   0.03107498958   0.02157840674   0.02661752114  0.008788531207   0.01584481428   0.01204347148   0.01473388876   0.01727813921   0.02201833281   0.01631766402   0.01924792673    0.0107297781   0.01483112924  0.009145224676     0.012224806   0.01885842437   0.02076239133   0.02585091139   0.00806559161   0.00951306677    0.0220879035  0.006070867642  0.006577749853   0.00793274819  0.008793678854   0.01452823005 -3.959964083e-06 8.767915056e-07  0.004292352132     0.011650433  0.004500846734  0.001223648989  0.002571983521   -0.3611452463   -0.3738086892  0.009287380047  0.002399895356  0.002605791222 -4.456561829e-06  0.003823479243  0.002759285883  0.002967105003 0.0008939883209  0.001963400818  0.003393719838  0.004152318862  0.001798834835  0.002456885882   -0.3199165756   -0.3110584189 -3.052825609e-06  0.007927104105   -0.2746648103    -0.264380887  0.002516539829  0.002714717538  0.001433010357  0.001885187156   -0.1770948406   -0.1788275796  0.001805918648  0.005173804852  0.002615082692  0.001714261105  0.001533790439  0.001957534084   0.00177303464  0.001414368504  0.002041766941   -0.1519051563   -0.1499766747 -9.493602648e-07   -0.2271245772   -0.2194045056  0.001666519727    0.0044415905   -0.1731162995   -0.1723083516   -0.1561863885   -0.1459678611  0.001719278575  0.003951252282   -0.1266167852    -0.123779283 -7.012702283e-07  0.001186470779  0.001280982183  0.001195443815  0.001347102611  0.001302650677  0.001402788034  0.001331194483  0.004245050597  0.001243076998  0.001341398668   -0.1230515726   -0.1233189751 
  0.03315983782   0.03057764622   0.04310526107   0.03676060358   0.03944431864   0.03578587209   0.01735229643   0.01033094657   0.02180324693   0.01937885953   0.03178928148   0.02806319006   0.03031709285   0.02847339585    0.0192979651   0.01220555586    0.0170145111   0.01465757058   0.03823435579   0.03763122986   -0.6140048191   0.01526651522    0.0143612968   -0.5213027612   0.01247200534   0.01244215126   0.01601048669   0.01569700792   -0.3534669968 -7.39754674e-06 1.097951505e-06  0.004968044633   -0.2790701716  -0.01568076018  0.002766401131  0.002531294068  -0.01091241563  -0.01133463772    -0.220759019  0.004883801757  0.004865094286 -9.209440137e-06  0.004692052052  0.005684998448  0.005691566352  0.002102656043  0.001935843048  0.004550098825  -0.01257404942  0.003383977784  0.002916977665 -0.009701532611 -0.009280585838 -6.014326607e-06   -0.1871293123 -0.008376928605 -0.007916022222   0.00517610713  0.005176060703  0.002691284268  0.002283322759 -0.005392036415 -0.005433339138  0.001727260097   -0.1258551327  0.002884386414  0.003324146877  0.002897424627  0.003197689874  0.002760726784  0.001295037369  0.002652758478 -0.004657422251 -0.004545304697 -1.618699171e-06 -0.006905441383 -0.006556856249  0.002052547311   -0.1017571417 -0.005113512834  -0.00504045237 -0.004753232376 -0.004328042221  0.001987838059  -0.09382519065 -0.003846523288 -0.003705586211 -1.145544237e-06  0.002438068871  0.002436385905  0.002345089441  0.002274461488  0.002686209569  0.002688912392  0.001469937408  -0.09974358083  0.002532338164  0.002531613676 -0.003040113921 -0.003005736038 
7.328820574e-07 -1.67782408e-06 -8.80173488e-07 -1.91197418e-06 -1.047039171e-06 -1.711019624e-06 8.501956048e-08 -8.046633826e-07 -6.164984589e-07 -9.638813811e-07 -7.675581069e-07 -1.386935919e-06 -9.552794034e-07 -1.345211387e-06 -3.48474475e-07 -8.600900285e-07 -3.560643684e-07 -7.514759043e-07 -1.562393079e-06 -1.816055019e-06 5.284489429e-07 -4.905490043e-07 -6.82917505e-07 4.466526147e-07 -4.266891724e-07 -4.907849377e-07 -6.39794443e-07 -7.541845681e-07  3.42567921e-07   -0.1339679193   -0.1415617175 -2.712096938e-07 2.770400872e-07 -1.778304833e-07 4.106307466e-08 -1.323655073e-07 5.166865785e-08 3.022362439e-08 1.903149192e-07 -1.552725913e-07 -1.813067533e-07   -0.2000425497 -2.505437254e-07 -2.109189413e-07 -2.375481083e-07 4.030203287e-08 -9.642381164e-08 -2.171525495e-07 -1.91076257e-07 -6.350631537e-08 -1.489040442e-07 4.695489592e-08 3.236868884e-08   -0.1189755092 1.606891326e-07 4.011008966e-08 3.091187596e-08 -1.811826028e-07 -2.062849179e-07 -5.310239959e-08 -1.112968869e-07 2.579529618e-08 1.747451051e-08 -9.508482702e-08 1.221695302e-07 -1.615176441e-07 -1.196284716e-07 -9.875450666e-08 -1.520541354e-07 -1.306742243e-07 -7.263014278e-08 -1.392809901e-07 2.176845034e-08 1.689044885e-08     0.759302354 3.331277372e-08 2.460816525e-08 -1.096550793e-07 8.954543471e-08 2.839969499e-08 2.349938966e-08 2.305210227e-08 1.721255938e-08 -1.050197793e-07 9.498169604e-08 1.851079666e-08 1.306837889e-08    0.5755871945 -8.647863941e-08 -9.85027695e-08 -8.835980757e-08 -1.085717526e-07 -9.339039886e-08 -1.060236335e-07 -7.870565289e-08 8.621908692e-08 -8.707781818e-08 -9.957658926e-08 2.394028091e-08 2.156594265e-08 
  -0.1100341429   -0.1642146016  -0.05464453925  -0.08525008551  -0.06561711939  -0.08804271562  -0.06039613753  -0.08213932764  -0.04407139291  -0.05667684389  -0.04386336721  -0.06351108311 -0.008502378411  -0.02135798356  -0.04018413982  -0.05495489477  -0.02446055541  -0.03647147658    0.5494280398    0.5524891011   0.01842094988   0.04998059789   0.04502423225   0.01542474447    0.2439521911    0.2484508575    0.2175688975    0.2183258791   0.01203993953 3.996307847e-06 -5.377123829e-07  -0.03539250957  0.008245478824   -0.0187109502 -0.008977098252  -0.01298834203  0.003259513822  0.002755479364  0.006662771939   0.07565073317   0.07682845591 1.664516939e-05  -0.02888284862    0.1130100286    0.1150730703 -0.006894819997 -0.009992837106   -0.0120457538  -0.01235355511 -0.005096062032 -0.007602046954  0.003510497615  0.002310799817 5.086476763e-06  0.005539992552  0.003106492847   0.00197482992    0.1043466314    0.1063307772 -0.003655638298 -0.005595089209  0.001668362202  0.001303018889 -0.009055494253  0.004276696228 -0.008188820132   0.02575734928   0.00886245701   0.02525389073  0.007991470371 -0.007133326356  -0.01537666193  0.001752694924  0.001265198818 5.334666843e-06  0.002530662237  0.001638466419  -0.01249728839  0.002009754535  0.001357134643 0.0008943518753  0.001635196633 0.0008396707904 -0.005308875396  0.002516782674  0.001393086146 0.0009388747215 3.234016444e-06   0.04848165108   0.04937937261   0.02188061358   0.02166047714   0.05399757202   0.05503249651 -0.004391305333  0.002836594809   0.04559690809   0.04642072151  0.005705718047  0.005532983749 
 -0.05535625969  -0.01588089686  -0.01363842546  0.009921494144  -0.01081790771  0.006907877577  -0.02545495908 -0.008605494774 -0.006143334584  0.003216136107  -0.01097324446  0.004517979356   0.01288486248   0.02456137111  -0.01179435509 8.940906951e-05 -0.005906383689  0.003275999304    0.2905569188     0.304691158  0.002950586143    0.0109438604   0.01658510402  0.002406145968   -0.5039908655     -0.51592859    0.1111948242    0.1170347025 0.0008697341693 8.659371521e-08 -1.347579911e-07 -0.002807477281 5.196012808e-05 -0.001786056774 -0.004253389231 -0.001263746676 0.0005847347428 0.0004246211325  0.001066312407   -0.1598672588   -0.1634637713 9.735701714e-06 -0.001581144956     -0.17355278   -0.1775266738 -0.003393712792 -0.001105086006 0.0007921901676 0.0002153841819  -0.00140075667 0.0005221229128 0.0009100063222 0.0004670723769 1.435542495e-07 0.0008552079736 0.0008171139159 0.0003983041118   -0.2124619278   -0.2175320192 -0.0009558085915 0.0003701810109 0.0002992339937  0.000186802631 -0.0008054341461 0.0003015131071 0.0005289002854   0.01167977223  0.006074102187   0.01288694164  0.007160358094 -0.0006833239863 -0.0005987555398 0.0004845234413 0.0003163151166 2.291891241e-06 0.0006553998977 0.0003277916558 -0.0006531784257  4.96785633e-05 0.0001613025943 1.152568889e-05 0.0003756744219 7.077211923e-05 0.0004112928939 -0.0001140258287 0.0003567548057 0.0001917501992 1.241134905e-06  -0.09307910326  -0.09527427615   0.01172589495   0.01258603557   -0.1073592058   -0.1099265153 0.0001924195205 0.0004034437717   -0.1035185331   -0.1059724743  0.004026460475  0.004034044852 
-0.000145577854 0.0001343223682 -0.0001238453825 0.0001144580856 -0.0001052015496 9.271512015e-05 -6.959195836e-05 6.307879978e-05 -5.439672732e-05 5.792105852e-05 -8.731185925e-05 7.885950345e-05 -7.373665365e-05 6.110402654e-05 -6.036535988e-05 5.473118477e-05 -4.875196564e-05 4.561542292e-05 -5.32914812e-05  6.42761363e-05 1.645367001e-06 -3.353162059e-05 3.155658037e-05 4.228233431e-07 1.325786221e-06 3.232622977e-05 -2.332341937e-05  2.72495827e-05 -7.216064056e-06   -0.2265069376 0.0007657981614 0.0001613666496 -7.525914979e-06 1.576947791e-05 -1.149676695e-05 1.053052195e-05  5.56147034e-06 9.243928868e-06 5.661053495e-07 -2.659522778e-06 9.921974841e-06    0.7275385501 0.0001392836506 -2.905279758e-07 1.381069803e-05 -9.04070126e-06 7.424700919e-06 1.306465277e-05 1.366740507e-05 -9.957071673e-06 9.117573868e-06 3.272870217e-06 4.717967819e-06   -0.6463169089  9.88753961e-08 3.893590046e-06 4.963076119e-06  1.00085592e-06 1.368417347e-05 -7.815821439e-06 6.419870001e-06  3.21523552e-06 4.623082366e-06 7.785922305e-06 -2.59807481e-06 1.009628479e-05 -6.184550686e-06 -6.317112859e-06 6.243259875e-06 5.543992042e-06 5.887362513e-06  7.29921119e-05 2.982742622e-06 3.846023317e-06   0.03549261969 2.702061508e-06 3.652938246e-06 6.065247205e-05 -1.041369982e-06  2.16866746e-06 3.210702469e-06 2.246464323e-06 2.635998228e-06 6.770853018e-06 -2.881039411e-06 1.438960598e-06  2.05967734e-06   0.01990471489 2.668375908e-07 6.327414737e-06 -4.095785858e-06 4.180431521e-06 4.003291246e-07 6.878351107e-06 5.092040634e-06 -7.181844966e-08 6.189832079e-08  6.47520003e-06 -4.063129273e-05 -4.069405271e-05 
   0.2691504049   -0.2812043757    0.2680813466   -0.2196074521    0.2389853033    -0.168914202     0.132204582   -0.1317056911    0.1265908355    -0.107655921    0.1938157113   -0.1476834305    0.1842793296  -0.09505761367    0.1270905047   -0.1072256362    0.1056932067  -0.08781423696   0.09610664692   -0.1525134359 -0.002695220714   0.07751534066  -0.05755640215 -0.0002023566496    0.0025459132  -0.06300567359   0.04315242472  -0.06357547258   0.01476042971 -0.0001041171771 6.043627569e-07   -0.4030848977   0.01509249302  -0.03282165636   0.02148969647  -0.02201336615  -0.01429115784  -0.02442893117 -0.0009151302882  0.007997550776  -0.01853415649 0.0003101914912    -0.347045441  0.001765862822  -0.02816973314    0.0167894186  -0.01564522659   -0.0240497386  -0.02682127658   0.02132524029  -0.01761749066 -0.007240372696  -0.01184326804 -0.0003143061462 3.172900286e-05 -0.009061026943  -0.01258607242 0.0001323362491  -0.02672445918   0.01685213417  -0.01236733622  -0.00833477206  -0.01226760111   -0.0162223704  0.005309883797  -0.01920392247   0.01343787781   0.01527859048  -0.01253346736 -0.009396119687  -0.01229455065   -0.1811362158 -0.007169448951 -0.009695490234 7.926880119e-06 -0.006144565552 -0.009214349395   -0.1510922557  0.002130271653 -0.006238704477 -0.009170714788 -0.005477527593  -0.00706600218  -0.01312180056  0.005723095876 -0.003265378578  -0.00519135011  5.52631703e-06 0.0003686240798  -0.01246518986  0.008766688344 -0.008585397943 0.0002125213961  -0.01351462852 -0.009938691601 0.0002465012355  0.001687267853  -0.01185980914    0.1208912124    0.1213810382 
 -0.02695461637   0.04646021607  -0.04346876254   0.02755938609  -0.04230070215   0.01771916845  -0.01435129255    0.0216785915  -0.02306045596   0.01274214073  -0.03297348158     0.017073859  -0.04074204082 0.0005833833773  -0.01902153947   0.01463975712  -0.01712562988   0.01122362078  -0.01825250848   0.01977418512 -2.423812903e-05  -0.01573331467  0.004334443893 -0.0003649735395 0.0003674979246   0.01050099246 -0.008125112545  0.008151476059 -0.002214017332 4.136306521e-06 -3.662149976e-08   0.09647298843 -0.002114947393  0.005338919682 -0.002232789341  0.003624094081  -0.06052232959   -0.0998428146 -1.793480459e-05 -0.001301770414  0.002771626815 -1.106544971e-05   0.08275550578 -0.0001198960862  0.004522804935 -0.001707907777  0.002635513072  0.002617380073  0.003661451834 -0.003364037318  0.002276581323  -0.02378497985  -0.04208728381 1.373514518e-05 -0.0001448172209  -0.03454832654  -0.04793363616 0.0002905533576  0.004451738434 -0.002705490373  0.001583646771  -0.03609934831   -0.0509429863  0.002642182123 -0.0007944500306  0.002347082149 -0.002731411194 -0.003377208138  0.001168881271  0.000297826333  0.002017358204   0.04297442201  -0.02864759977  -0.03678887317 1.694514681e-07  -0.02207803686    -0.033917921   0.03601648938 -0.0003169719515  -0.04184895046  -0.05066472632  -0.02200948667  -0.03010902717  0.001706058747 -0.0007762100806  -0.01141160175  -0.01879453496 -2.181421714e-08 6.632667274e-05  0.002053319128 -0.001827269291 0.0007907216248 0.0001342618936  0.002263261623  0.001327344757 -0.0001003741159 -0.0003401268576  0.001748027544    0.6776168481     0.688241243 
  -0.2001776127    0.1967192119   -0.1737355695    0.1939015681     -0.14359334    0.1806026286  -0.09735718257    0.1000787935  -0.09086935191   0.06749873833   -0.1213701828    0.1438916747  -0.07763921941    0.1560752512   -0.0848107648    0.0950050029  -0.06870467446   0.07432730554    -0.127340409    0.1044326982  0.002870051367  -0.04674671918   0.06650288387  0.001471521671  -0.01776978278   0.04497975427  -0.05337386133   0.04501715046  -0.01339354032 9.381575881e-06 -1.459080728e-07   -0.5473871735  -0.01302192723   0.02486953035  -0.01593073181   0.01583757594 -0.001012188917 -0.0003561234123 0.0009854560488 -0.009001322541   0.01601024476 -1.902798722e-05   -0.4721822677 -0.009894666842   0.01922911015  -0.01247099634   0.01101960149   0.02585288628   0.02357482771  -0.01396780568    0.0155191187 0.0004594362106 0.0009596268155 4.531597219e-05 0.0004455836946 3.674184221e-05 0.0006347444885 -0.007001325995   0.01893303017  -0.01096130527    0.0110310412 -0.000696261098 -0.0003157049281   0.01166688989 -0.004809076438   0.01811040866  -0.01039713126 -0.007728930927   0.01231364534   0.01343382066  0.008963482012   -0.2473087256 -0.0001497038289  0.000419215463 4.122524487e-06 0.0001571407727 0.0005992761176   -0.2055132218 -0.001465724807 -0.003082098903 -0.002182260816 -0.0002204369176 -0.0003134070925   0.01148553758  -0.00486170835 0.0001185226839 0.0003670851269 1.242579428e-06 -0.003564655739  0.008807401161 -0.007160753761  0.008338285729 -0.003818890231  0.009481918047  0.008673240822 0.0001046778927 -0.002765590675    0.0102507769   0.03115361849   0.03309762448 
  -0.2923687615   -0.2903888807   0.00978520677   0.02772236791   0.03536383095     0.053285245    -0.160023807   -0.1566069704   0.03503682763   0.04878645328   0.02555670095   0.03941983669    0.5787024148    0.6073247944  -0.04864495697  -0.04106124819 -7.693538345e-06  0.007383653476  -0.07717958464  -0.06129090734    0.0126989045    0.1197260666      0.12979874   0.01265999615 -0.002307936244  0.003165018311  -0.02574831585  -0.01899026306  0.004171866109 -1.230681558e-06 -2.659397158e-08   0.05093286191 -0.0001349334493   -0.0358453753  -0.02340160667  -0.02308277805   0.00224627914  -0.01053752478  0.004656687897   0.01636441932   0.01890035765 1.550986596e-06   0.05835261813 -0.005867340629 -0.003431686635  -0.01817491213  -0.01799403521  0.006506155188 -0.008662168425 -0.001656360151 -0.0004348927874   0.01045702171 -0.004747772614 4.103811012e-05  0.004565194425   0.01118270177 -0.003450940494 -0.001086403831  0.001204572775 -5.126524361e-05 0.0002402218228  0.001297268193 -0.005297341057   -0.0159121815  0.001451842025  0.002622465018   0.01443373217   0.04414168525   0.01634260363   0.04658831322  -0.01274156337   0.03910965469  0.007587750912 -0.0003783383413 6.981385373e-06  0.008324413716 -0.003086995995     0.025851539  0.001019615584   0.01139214627  0.003197936495  0.003925008903  -0.00380343319 -0.000130374621 -0.0007496337356  0.004143730317 -0.001936594152 1.581384649e-06 -0.000803174187 0.0002728501314   0.01254532579    0.0139500503 -0.001214738025 -5.159943531e-05 -0.001282503936  0.002238221263   0.01631178149   0.01788622051   0.01648036529   0.01175896648 
-0.001760426144  0.006363205948 0.0006363280539  0.003143269085  0.003790557403  0.004897552406 -7.065732828e-05  0.003370357048  0.006320646711  0.006605046893  0.001259326242  0.002570646498  -0.01931321777  -0.01995339704 0.0006537781712  0.002277920774 0.0004029959576   0.00137398098  0.002643739535 -2.84901536e-05   0.00017923021 -0.003679219174 -0.003525677506 0.0001552666229 0.0004358336621 0.0003339668028 0.0009060483919 -0.0001262053938 -0.0007374434263 -8.161201836e-08 6.629572622e-10 -0.001856092025 -0.0005888455898 0.0008395685107 -0.0001069433529 0.0005224002977    0.1004199356   -0.4277627715 6.293431457e-05 -0.0006032699974 -0.0006242919024 8.160431563e-08 -0.001586345477 0.0003373779758 0.0001819960595 -0.0001004629129 0.0003727693969 0.0007276933025 0.0005585397931 5.363016034e-05 0.0003004539962     0.329563692   -0.2736805548 4.224519599e-07 5.852306558e-05    0.3604236858   -0.2275040031 0.0002021274882 0.0001485869282 4.072015305e-05 0.0001955261892   0.06493735437   -0.2058423929 0.0003736960071 -0.0002629749337 0.0003600118113 -0.0004410364911 -0.001483499272 -0.0005121019258 -0.001578835294 0.0002936170186 -0.0004315302819    0.2293720079   -0.1141541517 4.721256201e-08    0.2654582949    -0.190794352 -0.0007024673508 0.0001848106181    0.3491719278  -0.01951170654    0.1373346621   -0.1473292129 0.0002130918641 -0.0002018027409    0.1317017341   -0.1123787556  7.89353391e-09 0.0001021629342 6.775758132e-05 -0.0004190327333 -0.0005396537844 0.0001148705179 8.195817742e-05 0.0001743549586 3.477774235e-05 -0.0005500379074 -0.0005855584544   0.09326682138   -0.1417383126 
   0.2437098941    0.3030037856  -0.07945373078  -0.07196750797   -0.2012300232   -0.1982134214    0.1371147446    0.1641392431   -0.5088453593   -0.5173891996   -0.0945917558  -0.09086863898     0.236517234     0.230739008   0.01231354397   0.02274868079   -0.0319174799  -0.02814383869    0.1089934965     -0.10010582  -0.01838933783   0.03804746512   0.01458315646  -0.02492423585   0.03794205417  -0.05522574266   0.04379319604  -0.03933729196   0.02791187558 1.176596193e-05 -1.182536223e-07   0.03395713156   0.02246631466   0.03764962444   0.01950445886   0.02403430815 -0.008654521434  -0.01206051865 -0.006748878874   0.02267884869  -0.00674257101 -9.690558799e-06 -0.006115300553   0.01796027011  -0.02496773989   0.01514321286   0.01857434226  -0.02845755823   0.00414312679 -0.004289413338 -0.003137675937 -0.005462694834 -0.001718098312 -3.24877971e-05 -0.009482684205 -0.009212778564 -0.004282275751     0.015934541  -0.02382912371 -0.004470524941 -0.003053472516 -0.005864150151 -0.006392565998   0.01667431677  0.009952397453 -0.009776325738  0.009289748493   0.02075076461 -0.001117012017   0.01670760385   0.01329735066  -0.06083316714  -0.02307111873   -0.0207995339 -6.293290052e-06 -0.004523018829 -0.001157526311 -0.002473658823  -0.02306092458   0.05700090145   0.06121092381 -0.004252455085 -0.002116619588 -0.002395661898  0.008107753595 -0.002488243973 -0.001013870897 -4.083983348e-07  0.007452520332  -0.01101643715   0.01077121777  0.002198751417  0.008460101247  -0.01212692789 -0.0005844680948 -0.005292010638   0.01608059681 -0.001302608594 -0.004714868012 -0.004702485559 
  -0.1870873059   0.08578237861  -0.05345576517   0.07509465574  -0.03962482843    0.1008086886  -0.09855725698   0.04269487957   0.04259634422    0.1343758135  -0.03506097473   0.06277038246  -0.04292276358   -0.0224541949  -0.04986156698   0.04106251612  -0.02390593543   0.03207972548    0.5344505567   -0.5212406092   0.05312337627   0.04445522791  -0.04993002973   0.05381785335    0.2585959668   -0.2381741045    0.2115146403   -0.2066821555   -0.1148041071 -9.702249454e-06 9.813161776e-08  -0.02377994739  -0.08794746448   0.01256125392  -0.01495705322  0.006823181928   0.01568220114   0.01446751191    0.0191491844   0.07727942311  -0.07882191671 7.799993606e-06  -0.01726927438    0.1181071472   -0.1091900228  -0.01164507491  0.004454735401   0.01510402595   0.01180746822 -0.005465831232  0.006326527205  0.008965428774 -0.003704777497 2.516017773e-05   0.02003566599   0.01129199993 -0.002611719215    0.1106615031   -0.1014464751 -0.003713642201  0.004070448667   0.01030865046  0.008128354711  0.005224900054  -0.04086860726  0.008348448378   0.02445674036  0.005886863066  -0.02489816394  -0.01087486371  0.003912684651  0.001054043426   0.01445196507  0.006588234737 4.875891074e-06  0.006854819515 -0.003414032531 -0.007658587405   0.03323560341  -0.05382502984  -0.06447670832  0.007008964808  0.001071600356  0.004733338675  -0.02990647296  0.003933722656 -0.001136654405 2.564207425e-07   0.05124242106  -0.04704325638   0.02035844353  -0.02160966588   0.05712429543  -0.05269332915  0.003504567584   0.01196972132   0.04736294887  -0.04596140878   0.01144051056 -0.005004685374 
  0.03206894507   0.01740409939  0.001086276555  -0.01197931541 -0.007147161738  -0.02277627624   0.01857653156   0.00982778046  -0.04901527674  -0.06048808189 -0.001364857296  -0.01198481077   0.02711776635   0.02087407599  0.006392498343 -0.001438856027 0.0007021944365 -0.004863198477  -0.03685648245   0.03499150976  -0.01387790954  0.001801002283  0.006815097484  -0.01529336065  -0.02062355804   0.01726759934    -0.014445017   0.01393920929   0.03053114792 1.804598402e-06 -1.831253233e-08  0.005494891404   0.02281258644  0.001801793693  0.002608458761  0.001383633686    0.1950428473    0.1242759458 -0.005017806086 -0.004850023609  0.006957370773 -1.413240984e-06  0.001214473624  -0.00929851122  0.007730802327  0.002006389715  0.001124534393 -0.003361990907 -0.0008768041679 0.0003310781923 -0.0007603601358    0.1113042761  -0.08029838389 -4.383258628e-06 -0.005740456346      0.13564758  -0.07179853963 -0.008851289506  0.007322408846 0.0001348111783 -0.0005843140332    0.1284544858   0.07460082907 0.0009224095936   0.01086352528 -0.001460008394 -0.0009764151823  0.001514862196  0.002195446258  0.002290925064 0.0007501615177 -0.005848235617    0.1290447695  0.003286337983 -8.459635104e-07   0.08545845479  -0.06831688988  0.000572124535  -0.01105495877   -0.5565446841   -0.7147492043   0.08781480982 -2.072862006e-05 -0.0005824151921  0.007713832744    0.0486250362  -0.02914059479 -3.298701138e-08 -0.004080777038  0.003379981474 -0.0007481565162  0.001981562184  -0.00455563968  0.003806779321 -0.0003398023737 -0.003445256865 -0.002925065941  0.004195369027   0.03425433871  -0.06494214736 
  0.04682969897 -0.001267295146   0.01614922975  -0.02747162274   0.00847931042  -0.04214604874   0.02787125102  0.003701774099  -0.03266501038   -0.0622344061   0.01024406855  -0.02510019228   0.02959829923  0.001419619225   0.01537943758 -0.006057935323  0.007002834115  -0.01128095667  -0.08498728021   0.08353964802    0.2807496444 -0.002170094632   0.00479740781    0.3045345655   -0.0501240704   0.04561173902  -0.03341172235   0.03291074142   -0.6456682445 2.786589636e-06 -2.834952141e-08  0.008227317107   -0.4733832861  0.008607375749    0.0038390641 -0.000177161799  0.006370691294  0.003641762335    0.1013596059  -0.01419333987   0.01519284053 -2.138205163e-06  0.003741197711  -0.02227229114   0.02035564462   0.00294189196 5.124567377e-05  -0.00638049461   0.00697139822   0.00157596006 -0.002085547933   0.00311972702 -0.003106020148 -6.443347307e-06    0.1141146714  0.003545216865 -0.003214793253   -0.0214605414   0.01941796488  0.001096003217 -0.001493726254  0.004180699337   0.00225945799 -0.0002134367149   -0.2296370966 -0.002929248157 -0.003213805023 0.0008324863138    0.0035747515  0.001624727186 -8.896845597e-05 -0.004065416435  0.001251524294 -0.003018958369 -1.246247277e-06  0.002347830196 -0.002653271918  0.001658090437    0.2092773194  -0.01417001111  -0.01942395743  0.002680319938 -0.0001090258119 -0.001553667361   -0.1583168749  0.001370118164 -0.001172643931 -3.460162217e-08 -0.009867350387   0.00893973965 -0.002628348228  0.003409453582   -0.0110468638   0.01007627315 -0.001044016846    0.0697378732   -0.0087373684  0.009143627111 -0.0006269766949 -0.002242365654 
  0.01109821857   0.01021350008 -0.001672149934 -0.003991304545 -0.007773628674  -0.01047184839  0.006356537767  0.005642275354   -0.0109848492  -0.01280467326  -0.00302313822 -0.004916870129  0.007209323071  0.005585998069  0.001308697805 0.0002292403555 -0.0006637613773 -0.001608724081 -0.001045106802  0.001724575027 0.0002838743232  0.000211909652 -0.000362227822 0.0001600691431 8.948301005e-05 -0.000645695265 -0.000397085146 0.0006448972865 -0.001201451767 9.197973414e-07 -9.300311316e-09  0.001086970823 -0.0007599196168  0.001305865036 0.0008967835046  0.000808936057   -0.2557696631    -0.246825037 9.887457788e-05 0.0003158591608 1.732674463e-05 -6.253082496e-07 -0.0003739829292 -2.695064022e-05 -0.0001613532389 0.0006924801881 0.0006348424642   -0.0015729994  2.90557269e-05 -5.539825367e-05 -0.0002340394452  -0.02920867466   0.09628138347 -1.628354924e-06 5.894917835e-05   0.01715138454    0.1606404746 2.060528048e-05 -0.0002788727038 -8.610954616e-05 -0.0001909303036   -0.1619774362   -0.1396999723 0.0005558912158 -0.0004259706879 -0.0005448293076 -4.444520435e-06 0.0005593704221 1.271464152e-05 0.0004842623696 0.0004506081958 -0.001955126037    0.5629801054    0.6645919845 -3.167242991e-07   -0.0117903432     0.092193626 -0.0001707484622 6.542653546e-05   -0.1167824045  -0.01168089911  -0.06686020913  -0.01076864666 -0.000173556303 -0.0002270089559  -0.01439795922   0.03676766598 1.457503859e-08 3.191198846e-06 -0.000118374179 0.0001534622751 0.0002189710226 1.723964438e-05 -0.0001270269551 -8.358638085e-05 5.476525825e-05 0.0003413962795 0.0001601801956  -0.04602974401   0.03822959811 
   0.0342988624  -0.03132294763   0.01162918743  -0.01114639509   0.01469774162  -0.01349781769   0.01814327989  -0.01619018607  0.005309496558  -0.01312266307   0.01195692343  -0.01127050941 -0.007400308211  0.006612117969   0.01021346437 -0.009243459702  0.005333631666 -0.005042619392   -0.3106519677      0.30312945  0.002417330058  -0.01074473298   0.01083450955  0.004098426803    0.5121639842   -0.5006525429   -0.1190320313    0.1162204795 -0.007407386415 3.073708063e-06 -3.072701997e-08  0.002868905268 -0.004533025686 -0.003960427842  0.002747469996 -0.002495576863  0.001319643894 -0.0004649195859 0.0008859716039    0.1628841671   -0.1579256224 -2.061172492e-06  0.003250720798    0.1757121007   -0.1719229958   0.00213663476 -0.001733677467 -0.002104924291 -0.002166084003  0.001174394937 -0.001107782073   0.00086300145 -0.001070039991 -5.291459101e-06  0.001583894132   0.00113265608  -0.00105479258    0.2159022239   -0.2111487206  0.000810385124  -0.00063092965 0.0008814624486 -0.0001384839385 -0.001845618512 -0.002627197893 -0.001450058724  -0.01232583206 -0.005983905942   0.01209227619  0.005786666274 -0.001413042436  0.001366267482 -0.0003689724456 -0.001891905441 -1.000165041e-06 0.0007383877901 -0.0008398511857   0.00145738906  0.004429331972 -0.001057052425 -0.002682831758  0.000660612779 -0.0002878063163 -0.0008309812735 -0.001428885193 0.0003765096829 -0.0004392465128 5.296847183e-08   0.09452540463  -0.09245785607  -0.01237569053   0.01206160573    0.1090474213   -0.1066017996 -0.0006572449668  0.001009608734    0.1054350041   -0.1031256147 -0.004150435364  0.002615211513 
   0.2015349285     0.216577427  -0.09175426457   -0.1021045515   -0.4166879837   -0.4429137194    0.1142697299    0.1195935822    0.4298073946    0.4333515842   -0.1630553697   -0.1746820097    0.1607189529    0.1530136685 -0.005192545861  -0.00786146823  -0.04040097581  -0.04486929522   0.01200494088   0.02209760111 -0.008589639133  -0.01390684819  -0.01721355266 -0.005805733733 -0.002180483192 -0.002257962786  0.003217706509  0.006940132031 -0.003387817798 2.570627898e-05 -2.471984054e-07  -0.03586196815 0.0009500423361   0.02741557182   0.01611432303   0.01717455565  0.009516873264  0.007185089651 -0.003118908562  0.002074590524  0.001726194798 -1.55881583e-05  -0.02784173897 0.0003985173028 0.0009143623038   0.01252246451   0.01336756458  -0.06794572024 -0.002435834799 -0.006061511282 -0.006626152429 -1.22084606e-05 -0.006795667782 -3.643795741e-05 -0.001512990365 -0.008966447906  -0.01640214951 -0.0009816736505 -0.0009727520756 -0.005580898627 -0.005355451945  0.006205225807  0.004411713923   0.01184552419 -0.001182200422  -0.01790527892 -0.001592009916   0.01324467183 -0.001702056521   0.01284032893  0.009499846656   0.03659744229  0.005283454866 -0.0001510148806 -6.62152269e-06 -0.002484883297 -0.008003336135  -0.01399298005   0.02505211752  0.001213325354 -0.005575496851  0.002070892537 -0.0005045490053 -0.004989188535 0.0008340087629 -2.186681105e-05 -0.002832020964 8.101834439e-07 -0.0004122736406 -0.0003673359022  0.004722740786  0.004915468949 -0.0002036778714 -0.0001608773038 -0.002699089293 -0.000900038983  0.008736237398  0.008698322427 4.638766148e-05 -0.005827170919 
-0.006139044711 -0.005726415782  0.002307246115  0.002719209268   0.01038685887   0.01100682397 -0.003460958096  -0.00315758953 -0.008776223283 -0.009337855751  0.004117884085  0.004442816567 -0.003920892302 -0.004476637741 -3.974979839e-05 0.0002005690802  0.001011479934  0.001182259133 -0.001582567844 0.0004324808996 0.0004642410385  0.001250486223  0.001575878001  0.000102318826 0.0002531059839 -0.000240864298 -0.0005761358668 0.0002156416328  5.12793627e-05 -1.636186512e-06 1.438547023e-08 0.0007842170949 -0.0001456402326 -0.0007184505948 -0.0004918902443 -0.000455610601      0.24323809    0.3120634376 0.0001662574988  0.000320147187  0.000179776261 8.475052836e-07 0.0005881252221 -1.882590776e-05 -0.0001114348541 -0.0003819164912 -0.0003564145937  0.001768012527 6.359069166e-05 0.0001521149323 0.0001842182657  -0.05454323452   -0.1404261508 1.763725287e-06  2.06302117e-06   -0.4228759254   -0.5295667525 0.0001059622166 -0.0001006082077 0.0001403372428 0.0001423577126    0.1595165055    0.1755517336 -0.0003133218572 1.755707232e-05 0.0004738081863 0.0001329884977 -0.0003512757412 0.0002512103307 -0.000358901422 -0.0002565919209 -0.001042020369    0.3293292133    0.2446569335 2.932041705e-07   -0.1421185776   -0.2183357094 0.0003060100456 -0.001500641433    0.1908639557   0.08067132088   0.02870294801 -0.001780917975 0.0001345411134 -6.504172791e-05  -0.02445655739  -0.05965352782 -7.325032802e-08  4.02017115e-05 -4.330471264e-05 -0.0001691755103 -0.0001013840559 3.912943554e-05 -6.145077159e-05 7.275542712e-05 6.523064283e-06 -0.0002357704465 -0.0003759308734     0.122926457  -0.07364307994 
  0.03870184926  -0.03914582255 -0.008786230764  0.009215732416 -0.009843220445   0.02376082305   0.01809262028  -0.02391983438  -0.04714365474   0.01120791167 -0.008426626447   0.01207354568  -0.04926205113   0.04631216097  0.001866282205 -0.003855399096 -0.003168557787  0.003451831468   0.01037203988  -0.01122239688   -0.2840125761 -0.009636688757   0.01250178565   0.04507571225  0.000540433258 -0.002863092809  0.003626159969 -0.003784074662   0.06961307063 3.274351194e-05 -2.609133168e-07 -0.003769133883    0.1346078279  -0.01427724183  0.003003754535 -0.003041607923 -0.0002788892617 -0.0002394768921   -0.1004090393 0.0004685243768  0.002873882407 -1.545086821e-05   0.00233433908 0.0006686778817 -0.002050685811  0.002382148402 -0.002156142234  0.004232446573 -0.0003737930391 -0.0003653943358  0.000405141531 -0.0003511762085 7.393881543e-05 -3.041472258e-05   0.03786282843 -0.0005293905163 0.0003633571245 0.0002222697453 -0.001364685922 -0.0004564695704 0.0005818981459 -0.0002020711054 -0.0001203027739 -0.002241386447   0.02469092024   0.00140894486 -0.0009778898771  -0.00366784245  0.001407780819  0.003412244471 -0.001750545963  0.006748741382 -0.0002436602143 0.0008023954489  -4.2165208e-06 -0.000344555636 0.0001502941215  0.001111330111    0.9311062735 -0.001376605774 0.0004707910641 -0.0002074946236 0.0001181916752 0.0003340613508   0.04570662679 -0.0001579056747 3.447849838e-05 1.319054604e-06 0.0001331656279 -0.0006670919774 -0.0009102937991 0.0008128823232 0.0001776040652 -0.0007343102756 0.0001756504518   0.01558728268 -0.001103624366 0.0007011421163  0.006498262481 -0.007319461359 
-0.004524270499  0.003746803741 3.135712572e-05 0.0003214488142 0.0007071864427  0.000408398944 -0.002377110066  0.001990628961 -0.0002828753711 -0.0007794564974 0.0003501008053 0.0001795666688  0.005478062954  -0.00600773417 -0.0007165721905 0.0007896883003 -3.972262372e-05 0.0001946582409  0.004913899409 -0.004893719909  -0.00309665814  0.002367261005 -0.001244390524 0.0002896578398 -0.0009559589164  0.001045435707  0.001964249404   -0.0019575491  0.001025220219 -5.21851003e-06 4.096013245e-08 0.0002395379027  0.001513507106 0.0004092759949 -0.0003597147007 0.0003023847057   0.08699219278  -0.01186782992 -0.001096277627 -2.493260961e-05 0.0002065448733 2.432686439e-06 -0.0002349233934 -0.0001310507044  0.000163367009 -0.0002810072619 0.0002066745942 5.605015579e-05 0.0001930776479 -3.181081431e-05  6.07948973e-05   0.03628935683  -0.05435315838 4.756812467e-06 0.0003369778209  0.006536818399   -0.1259272927 -0.000394966303 0.0004437558607 -7.510469906e-06 1.530944067e-05   0.06111354336 -0.001164166027 0.0002235591079 0.0003628539758 3.835547643e-05 0.0005203897345 0.0005148142179 -0.0003493240066 -0.0005587843099 0.0001703959122 -0.0006216459109   0.07673409456  -0.04038643468  6.38619369e-07   0.02198686992  -0.06244574442 -0.0001064342857   0.01007197834   0.08707440228  -0.07609249781   0.03721394887  -0.02050584104 4.206653007e-05 0.0005009871574   0.01650996378  -0.02404424897 -2.035807639e-07 -0.0001552755519 0.0001772995322  0.000348972101 -0.0003633618384 -0.0001948626302  0.000209486343 3.754488987e-05 0.0001128851572 -0.0001229110291 9.269853368e-05   -0.6924359311    0.6787406752 
-0.0001698195283 0.0002071489388 2.882790182e-05 -2.812409869e-05 4.055407858e-05 -7.834467331e-05 -8.198723425e-05 0.0001139606004 5.661308627e-05 -4.984379109e-05 3.311214684e-05 -4.140062177e-05 0.0003307337205 -0.0003161830447 -1.276340439e-05 2.712396261e-05 9.910346789e-06 -9.034738433e-06 -4.928222479e-05 5.288502206e-05 -3.070192907e-05 6.073659101e-05 -8.064937522e-05 -4.368596246e-06 -3.675062059e-06 1.497511468e-05 -1.658102083e-05 1.732005354e-05 1.733335791e-05   -0.7153606739  0.005362529212  2.08892359e-05 1.564370396e-05 2.695714832e-05 -1.321195185e-05 1.647572548e-05 -3.500617525e-06 2.609212017e-06 -1.092304249e-05 -1.936847964e-06 -1.961296625e-05    0.3211242081 -1.345358265e-05 -3.615707815e-06  1.07128479e-05 -1.046682169e-05 1.162224869e-05 -1.432682243e-05 6.013505942e-06 8.837818611e-07 -4.455520937e-07 -7.19444339e-07 2.457182121e-06    0.6155276627 7.412524763e-07 7.443730728e-07 4.404529023e-06 -1.540034134e-06 7.099430904e-06 1.413765259e-06 -1.739379736e-06 -2.467089585e-06 1.088167548e-06 1.204126417e-05  6.11838355e-06 -4.445964275e-06 6.781861052e-06 2.507478519e-05 -9.826798512e-06 -2.382650487e-05  9.28585855e-06 -4.062817279e-05 -2.420961485e-06 9.073091411e-07   0.07486452592 -1.528206352e-07 2.385475124e-06 -6.294049675e-06  0.000102051769 3.089398751e-06 5.106019256e-07 -1.27768714e-06 6.805764272e-07 -4.876929683e-07 4.860552057e-06 -3.443184714e-07   1.0941187e-06  -0.02510451986 -8.439492948e-07 3.459757418e-06 6.948174952e-06 -6.473140911e-06 -1.084447751e-06 3.880263991e-06 7.652400613e-08 -8.430292746e-07 7.567529441e-06 -6.592460345e-06 1.142698411e-05 -7.145374811e-06 
   0.3018167804   -0.2731694748  -0.01669252031   0.01365970949  -0.05252818921   0.02569947906    0.1682309348   -0.1465694787  -0.03825878002    0.0327350428  -0.03334945531   0.02474391078   -0.6061274326    0.5785624401   0.05007273627   -0.0425795188 -0.002448066289  0.001656075449   0.06822259489   -0.0757637269   0.02647478255  -0.09471029955    0.1525241391  0.008716148106  0.002768063718  -0.02647044414   0.02216417036  -0.02425694312  -0.02225631581 -0.0004251132656 3.046967703e-06  -0.02514017817  -0.01413621917  -0.03567461346   0.02420901475  -0.02175259951  0.004268952867 -0.005245997047  0.009442658492   0.01100311038   0.04499779208 0.0001850993612   0.01830251005   0.00312502637  -0.01875513021   0.01879796016  -0.01508220177   0.00595015436 -0.009910765118  0.001239563045 -0.001260338605 0.0007351888425 -0.003046273862 0.0003494115146  0.001111896617 -0.0004724088959 -0.004761087819 0.0009272297609  -0.01254772366 -0.0003480669769  0.001097088258  0.003087544405 -0.002306049164  -0.01607458131 -0.007845583144  0.002077947487  -0.01076389173  -0.04646999315   0.01963814551   0.04408248882  -0.01233091847    0.0514520765  0.002947532763 -0.001760516375 3.786507594e-05 0.0001945479244 -0.002686667542  0.008529728431  -0.09089037768 -0.008559077349  0.001934661745  0.001634751759 -0.0008112120948 -0.0008183515055 -0.004010490118 0.0003779587921 -0.001377927993 -1.26440812e-05 0.0005782069685 -0.006085491893  -0.01363715542   0.01265697432 0.0008464971755 -0.006900679151 -0.001074368679  0.002184316996  -0.01405653393   0.01431227985  -0.01069787881  0.003441806616 
 -0.01563467666   0.01571211996 -0.003998242175  -0.00125467621  -0.06080842509  -0.05936696844  -0.01028104667  0.008051048541 0.0001670546085  0.006193287911  -0.01199353409   -0.0111322647  -0.09143567737   -0.1755837344 -0.006051214014  0.001478964804 -0.002208635541 -0.0004969439586  -0.04940148518  -0.04368308813 -0.0006865907651    0.5725781177    0.5721332857 -0.0006478335492  -0.08354272055  -0.08420501992  -0.01726961815  -0.01557852475  0.001023366339 1.109131913e-05 -7.539137545e-08 0.0001449452214 0.0003870496902  0.002000398875 -0.001305364665  0.001249158433 -0.0004609229189 -0.001042780947 -0.000246647054    0.3485858555    0.3559124032 -4.684740637e-06 -0.001083676036  -0.06619189063  -0.06682820467 -0.0009877562399 0.0008730332061  -0.01011914652 0.0003629908847 -0.0005080375133 -1.682515732e-05 -0.0001104480603 0.0005699706553 -8.71554185e-06 -0.0001723815665 0.0002531993217   0.00136332299  -0.03961104907  -0.03995173864 -0.0003234566607 -0.0001193805696 -0.000485238199 -0.0006285127752 0.0009167651358 0.0003605626549 -0.001369828553   0.08738011184 -0.008759016592   0.08767347028  -0.01530130311 0.0007069811584 -0.0006107738792 -0.0009006287149 0.0003071979592 -8.022123966e-07 3.308345319e-05 0.0007059105838 -0.0005383584909   0.00279566144  0.000596587272  0.001059105931 -0.0002608192175 -4.705085425e-05 -6.432524043e-05 9.104525237e-05 -4.764599418e-05 0.0002398585931 2.447483722e-07  -0.01930821628  -0.01947251079 -0.004553781854   -0.0066032471   -0.0244038453  -0.02464523145 1.348415471e-05 -0.0001711300993   0.01550138614   0.01380037335  0.001016347522 -0.0003430186813 
   0.2155604389   -0.1840598959  -0.05432811103   0.05019695151   -0.1353311651    0.1285763541    0.1231066162  -0.09550343657   -0.4712361373    0.3870126428  -0.06405040941   0.05906955051    0.2018663988   -0.1901586602   0.01930755196 -0.008665337847  -0.02109094321   0.02008186619  0.001665189427 -0.001896725805  0.006850534804   0.01404998571  -0.03915341042  0.006953176645 -0.005992817703 -0.003897139945  0.001360194213 -0.0009199254045  -0.01144918632 -5.590182819e-05 2.625044982e-07   -0.3072160208  -0.00268230467  -0.02368863127   0.01726594801  -0.01449994111 0.0006155237699 -0.002677455026  0.002450061771   0.01164894409 0.0002528304437 2.118741279e-05   0.05538949098 -0.003553549339 -0.002798335774   0.01341556136  -0.01008068067   0.02514768101 -0.001674952441 -0.002516953067   0.00247726854 -0.0008078329278 -0.0004251230622 3.760876315e-05  0.001641944393 -0.002424187221 0.0007949475671 -0.002960332821 -0.002143851959 -0.002935251718  0.003246215848 0.0004583519434 -0.001213370175  -0.01073176349 -0.004027581567  0.008321944617  0.002021772364   0.01612091211 -0.005904708552  -0.01515254239 -0.008168999515    0.5405076118 -0.008400057617  0.008863038949 -9.313504139e-07 -0.0008809259428 -0.0001247012521    0.0222716278   -0.0391894103   0.01219959837  -0.01551622617 -6.611858603e-05 0.0002660343747   0.00205713651 -0.0003654588733 -0.000361651752 -0.0001875169181 2.745627519e-06 -0.001375694615 -0.001005923647  0.005535854995 -0.005160243402 -0.001443924334 -0.0009759031573  0.001247575536  0.001937126219   0.01144081035 -0.002403721565   -0.0019044714  -0.00242790239 
-0.0005633796016  0.001213319704 -0.001192669533 -0.0007607377621   0.01555243333   0.01796929719 -0.0007248885698 0.0004818413007  0.005380581046 -0.002226033371 0.0008292775721  0.001597501463 -0.004377569875 -0.006130492202 -0.0009760384463 -0.0003147479088 -0.0006249008447 -0.0004021844264   0.01448960065   0.01495131498 -2.236167583e-06  -0.07334564975  -0.07552196777 -4.879729934e-05  -0.09116562444  -0.09374125739  0.004628733034  0.004779694979 3.962705944e-05 1.237293054e-07 -4.246596936e-10  0.005662645677 -3.538123106e-06 0.0001251072323 -5.57218416e-05 9.477627163e-05 -0.0001067754988 0.0002496769042 -7.428848776e-07   0.05171369784   0.05309355081 -4.543911419e-08 -0.001092650683   -0.0775883279  -0.07974557031 -3.779361362e-05 6.923015883e-05  0.003199427639 -6.464450367e-05 -0.000101653009 -4.79830961e-05 -3.564984589e-05 -2.323143146e-05 -7.966596254e-08 -1.36138579e-05 -7.420137086e-05 -4.511882407e-05  -0.04813389369  -0.04948767107 -7.33058029e-05 -3.993845131e-05 -6.364260675e-05 0.0001310680151 7.083824813e-05 1.398604394e-05 0.0002544108526  -0.01109500275 -0.000100494775  -0.01141792567 -0.0002324737702 5.375235696e-05 -0.009967515046 8.546574717e-05 -4.268418486e-05 8.587394955e-09 -4.290313615e-05 -4.080002455e-05 -0.0004490819936 0.0001717032277 0.0004735410295 -0.0003446208791 -4.30849886e-05 2.832812056e-05 -1.542697081e-05 -2.509740923e-06 -2.034984513e-05 -8.685995141e-06 -1.316995363e-08  -0.02232856764  -0.02295590036  0.000397667582 0.0003671611002  -0.02944670241  -0.03027333173 -1.993806656e-05 -1.27310192e-05    0.6778806926     0.696640781 -3.227095661e-05 -4.058153199e-05 
-0.007799471386  0.008291380225  0.001867666197  -0.00162112207  0.006376465702 -0.005705296374 -0.004048517518  0.004975696896 -0.001710104304 -0.003432242987    0.0029262831  -0.00251800419  0.004429613451 -0.004528198543 -0.0003877298219  0.001071426021  0.000751820665 -0.0005857818336 -0.0009190497442 0.0009409690446 7.727948779e-06  0.002587697064 -0.002075080792 -0.0004809947052 -0.0001223164146 0.0004884440686 -0.0002775986209 0.0002686815126  0.000449418574  1.58504526e-06 -3.143991413e-09  -0.02071937746 -5.679298937e-05  0.001230585923 -0.0006198108281 0.0006769751171    0.1207438505  -0.09012544293 6.182554194e-07 -0.0005480648385 -0.001353110288 -5.674597859e-07  0.003770398777 -9.201703455e-05 0.0003506686833 -0.0004844448794 0.0004657898668 -0.001120387139 0.0002312699112 9.136594088e-05 -5.435863975e-05   0.04416446484  -0.04271784235 -9.853988216e-07 -0.0001557707817    0.0612016497   -0.1278727174 -5.526652924e-05 0.0002313262367 0.0001035120678 -0.0001027764238   0.09372142443  -0.04082398519 0.0004953020132 0.0001582893584 -0.0003070741808 0.0003488224341 0.0003374503872 -0.0002706492983 -0.0003458472594 0.0003856960989   0.03696814949    0.2109979167    -0.208720957 2.049734072e-07   0.03323971818  -0.04670532807  0.001501500959 0.0008728690177   -0.6635981092    0.6344054332   0.05860449699   -0.0290599138  -5.3139137e-05 -3.875283133e-05   0.02221967796  -0.02088138333 -2.833431938e-07 -2.58209529e-05 0.0001122097403 8.879472348e-05 -9.284785635e-05 -3.858721043e-05 0.0001267251459 -2.010807525e-05 -0.0001304089858 0.0009886941143 0.0008044763001  -0.02872748722   0.02408864893 
   0.2225508021   -0.2224014016  -0.06376821697   0.06026727926   -0.2052337794    0.1849239129     0.125133894   -0.1290582262   -0.2241654903    0.3073433039  -0.08971137171   0.08114493976    0.1492501013   -0.1383076325   0.01376859834  -0.01817750674  -0.02584372998   0.02357637394   0.00934232608 -0.009109016297 5.941566011e-05 -0.005983029827  -0.02408727894   0.01266475962 -0.004153852029 -0.005810824658  0.003507113277 -0.002913393952  -0.01240097054 -4.035177649e-05 -5.243316297e-08    0.3668930855  0.001744216315  -0.03180459992    0.0178340717  -0.01788127504  0.009006403638 -0.009070726253 6.207664404e-05   0.01938113013   0.01300493664 1.413570717e-05  -0.07178078213 -0.002392204648  -0.00459561411   0.01385745756  -0.01238488651    0.0368755525 -0.003577764256 -0.003321575175  0.002969191257  0.001847033079 -0.002802301574 2.435372989e-05  0.003947813844 0.0004881536646 -0.006338959494 -0.002037708712 -0.002984667269  -0.00357929958  0.003831658088  0.007014638596 -0.004136685592  -0.01313513096 -0.004367907262   0.01092716687 -0.0006641698023   0.01216971351 -0.004034017552  -0.01124444682   -0.0101763617   -0.6578737401  0.003450739091 -0.004040653898 -1.08506548e-05 0.0009432442086 -0.002638150499  -0.02904366975   -0.0293383512  -0.02842725459   0.02346536062  0.003873781557 -0.001492062843  0.002520164848  0.001143604387 0.0009984681167 -0.001371455692 1.420264354e-05 -0.0009579318719 -0.001446300391  0.004398921647 -0.004022402405 -0.0009425355018 -0.001513108021  0.001418673583  0.003455573249 -0.002497524602  -0.01570684669  -0.00349468408 -0.0009535739693 
6.573587788e-06 -4.131966686e-06 4.034241887e-07 9.450501683e-08 -7.441218367e-07 -2.056610557e-06 5.123779071e-06 -2.06400188e-06 -1.464764557e-05 1.542924743e-05 1.675147132e-07 -3.936413741e-07 -2.987462024e-07 3.247184705e-07 2.414281639e-06 -4.977530115e-07 3.250381468e-07 -1.818647345e-08 -1.760121699e-08 2.132271992e-08 6.482445741e-08 -6.953219439e-07 -7.21104927e-07 2.089471642e-07 -1.936804513e-07 -1.888290405e-07 -1.709250488e-09 9.674233726e-09 -3.047541979e-07   0.05558365411   0.01387543107 6.484153897e-06 2.348985887e-08 -5.418976975e-07 5.624119006e-07 -3.35248508e-07 2.857228628e-07 -3.184887311e-07 2.319988097e-08 6.750691015e-07 7.034041844e-07  -0.01861847161 -1.625676078e-06 -1.552718824e-07 -1.510283632e-07 4.185892399e-07 -2.229578139e-07 -3.501172195e-07 -1.330452842e-07 9.816685306e-08 -2.900815135e-08 5.489109035e-08 -7.43732305e-08  -0.03168462475 5.765031574e-08 7.074923441e-08 -2.411698569e-07 -9.814602604e-08 -9.570601555e-08  4.29413576e-08 1.433945133e-08 2.310328497e-07 -1.488354708e-07 -2.52883169e-07 -1.07186797e-07 -2.268806002e-08 -1.112916448e-07 -2.433760941e-08 -1.13786572e-07 2.667729532e-08 -1.943068029e-07 -1.139134933e-05 -6.604671166e-07 6.344254358e-07    0.6042972558 5.444088384e-08 -9.508797146e-08 -7.092520332e-07 -8.138920089e-07 -3.334006774e-07 2.016913715e-07 1.304200376e-07 -4.937090427e-08 -2.352530445e-08 2.446259373e-08 3.130917979e-08 -3.812667067e-08   -0.7938464542 -4.732928339e-08 -4.618899871e-08 -8.199028275e-09 9.937237096e-09 -5.256089701e-08 -5.103202147e-08 -2.092391465e-08 6.059844055e-08 -1.972878218e-07 -1.690975564e-07 -9.372536034e-08 -3.349508768e-08 
 -0.01532881499  0.007656602191   0.01886518973   -0.0032838128  0.005283213528  -0.09404157364  -0.00428359992  0.005156413429  -0.08422490211   0.07591204315   0.02083500374  -0.01771147374  -0.07977732477    -0.043143368  0.009767047708  0.001498130321  0.009240943093 -0.0009155160101  -0.03629237437  -0.03300833601  0.001530882851    0.3434391951    0.3500270565 -0.001857044369   0.08577659184   0.08902767477  -0.01207642466  -0.01113704131  0.001110719058 1.956724725e-06 -3.400075378e-08   0.01794816858 -0.0009543036703  0.001280086819 -0.001120185966 0.0005877369853   0.01024602932 -0.009115875802 0.0005435111281    -0.564107644   -0.5798186335 -6.335716339e-07  -0.00664250565   0.08442535044   0.08756356861 -0.0009266989369 0.0003931102418  -0.01827297134 0.0001555856455  0.001491122478 -0.0002104874598  0.002441395898 -0.001723066356 -1.062329476e-06 -0.0006860402922  0.004720357005 -0.009318626082   0.04086729477   0.04243558868  0.001189696246 -0.0002533756372  0.008225391878 -0.004307285724 0.0004330089091 0.0003940587474 -0.002375623827   0.05428117539 -0.007455181737   0.05549120636 -0.004434480173 0.0003220963178  -0.03010364918  -0.03385882335   0.03295601855 -1.046189924e-06  0.002895002198  -0.00321277865 -0.003123783446 -0.000475726902 -0.006496926931  0.005748316623   0.00473560117 -0.002057307508 -0.0002951944698 -0.0003593018424  0.001350047898 -0.0009420700807 1.429289229e-06   0.02035522693   0.02113237086 -0.003651666975 -0.002559472638   0.02772092425   0.02875109776 -0.0001579736081 -0.000501143761    0.1076374876    0.1129341331 -0.0009716345732   0.00100247031 
 -0.02879101793   0.02649266999   0.01167017299  -0.01150470794   0.05636898121  -0.04692069966  -0.01650132744   0.01445906005  -0.04688863426   0.04761758304    0.0211552292  -0.01932936244  -0.01474448164   0.02233304648 -0.0001618654199 -0.0007468740164  0.005039571775 -0.005075483968 0.0001902153937  0.004884496688  0.002449289355   -0.0220191847  -0.02658601036 -0.003600668201 -0.006117267613 -0.005368162431 0.0001246267598  0.001506369246  0.002181108374 3.676025905e-06 -5.63852615e-08   0.00853985186 -0.001679705105  0.003687231168 -0.002305504597  0.002112771016    0.1982281654   -0.1707661573  0.000869992138   0.03941393889   0.04032086613 -1.18209654e-06 -0.004808761109 -0.006195269752 -0.005488880254 -0.001792161341  0.001463715963  -0.00957353793 -0.0003360510037 0.0007441807816 -0.0007355213219   0.04706852533  -0.03659763162 -1.977716402e-06 -0.001266828251    0.0881785974   -0.1829859401 -0.002905387884 -0.002524058674 0.0007036227011 -0.0007412486465    0.1616177717  -0.07955775459  0.001553371042 0.0007734205569 -0.002426317262 -0.003597453636  -0.00117000938 -0.004113099338   0.00192128457  0.001192121928  -0.01233763311   -0.6349520049    0.6187320362 -1.648860166e-06   0.05445895768  -0.06519693268 -0.002433595765   0.00168460912   -0.1350253713    0.1095359608   0.09303820707  -0.03876329421 -0.000615963084 -0.0006353822304    0.0259149622  -0.01970751163 2.270877517e-06 -0.001451881167 -0.001265513052 -0.000374997479 0.0007820655748 -0.002017868535 -0.001794751453 -0.0004016251923 -0.0009610107423 -0.008259737331 -0.006201681828  -0.02321482131   0.01573973607 
  -0.1952981535    0.1783407769   0.09074168269  -0.08480403002     0.421215932   -0.3864377861   -0.1123072271   0.09697436105   -0.4479002247    0.4514207141    0.1631647489   -0.1498553755   -0.1379429362    0.1468940066  0.004385292152 -0.008856956232   0.03987232799  -0.03763402573  -0.01254335976   0.02310132343   0.02070576694  -0.02980100577  -0.06096297595  -0.02837660731  -0.01293706682 -0.006530811542 -0.003676562192  0.006754998358   0.01621976071 2.382289762e-05 -3.230924821e-07   0.08073822229  -0.01394026971   0.02471062643  -0.01560850968   0.01411758006  -0.03031518192   0.02853427004  0.007365016623   0.07836184865   0.07885241865 -7.568468402e-06  -0.04192461246  -0.01391034156 -0.007646507116  -0.01214779032  0.009823304639  -0.07893385079 -0.003422252603  0.006026562806  -0.00565499685 -0.005564106798  0.004633298667 -1.26140434e-05  -0.01005028902 -0.005293083234   0.02048389109 -0.006107807268 -0.002863112619  0.005536510869 -0.005485963092  -0.02477632971   0.01327167199   0.01038342601  0.005759168245  -0.01884810765 -0.005554274738  -0.01139412786 -0.008908628629   0.01237772655  0.007957654309   -0.1199502448   0.07945004015  -0.07699778048 -8.89560347e-06 -0.005287397045  0.007304652811  -0.02103740666   0.01006224966   0.01885971857  -0.01244422441  -0.01363079301  0.004988805584  -0.00473438984 -0.005161662336 -0.003201735351  0.002538716197 1.249222977e-05 -0.003075838303 -0.001480191892 -0.004131628159  0.004748918729 -0.004447663101 -0.002491813102 -0.003122731017 -0.007540510704  -0.02143812403 -0.003951111216  0.004497301078 -6.820178912e-05 
 -0.02129485845    0.0168686031  0.004973198146 0.0003457911613   0.02138962979  -0.03440075159  -0.01552403766  0.008381950104 -0.008833882893  0.008788513018  0.009480177851 -0.007039738049 -0.004369258712  0.002736723846 -0.001753532322   0.01339504872  0.002317148301  0.001093660954 -0.0007291188957 0.0008366541688   -0.5079836859 0.0009744109329 -0.004349208475    0.5986219819 -0.0003895809376 0.0002605585013 -0.0001984603662   0.00012560534   -0.2544427458  1.93741156e-06 -1.551046133e-08  0.000296966226    0.3600133625  -0.01277758192 -0.001798036697  0.001440323948 -0.001448100922  0.001630537003   -0.1820782406  0.002622588989 0.0009666317688 -5.451610431e-07 -0.001301007112 -0.0005142501801 4.451732741e-05 -0.001350599836 0.0009444917318 -0.007328843122   0.02104920028 0.0002485033632 0.0002035472093 9.428555643e-05 -0.0001617170249 -8.770044296e-07    0.2101571073  0.001752099728 -0.001049002718 -0.0001730551809 0.0001407951959 0.0002831552257 -1.635087812e-05 -0.001256076989 0.0007621304204  0.001060609546  -0.09144844614 -0.0002965326911 9.386765595e-05 -0.0003776899689 -0.0006640358855 0.0002372815339 0.0007707171534 0.0002420127945 -0.0001394909421 0.0002413736477 -2.881095396e-07 0.0004583310444 -0.0004104603347 -0.0006895304935   -0.2486265017 1.874676499e-05 0.0003881914796 -0.0005470275783 5.801464741e-05 0.0001273947869    0.1200033776 1.368406299e-05 -5.96242951e-05 5.086092944e-07 -8.877283129e-05 6.288779137e-05 -0.0001442552955 8.771799144e-05  -0.00015817383 3.443163727e-05 0.0002566354506    0.1530223624 -0.0004233659098 0.0003033982897 0.0001279587517 0.0002393888894 
 0.006504743698 -0.004696590749 -0.001086336814  0.001276349591 -0.007370630914  0.005378271666   0.00468916185 -0.002396231589  0.002273083563 -0.002438672014 -0.002565378365  0.002194234864  0.001680922826 -0.002011941007  0.001336933548 -9.831325783e-05 -0.0004154342061  0.000547704789 0.0002874903787 -0.0005035178262  0.001468785738   -0.0010133389  0.002424921566  -0.00161107529 0.0002123882821 -0.0001980955845 8.551099135e-05 -0.0001439574621 0.0005379854521 -6.072229532e-07 4.166753755e-09 -0.0002166695463 -0.001001631382 -0.0006277088802 0.0005463983966 -0.0004045766116   -0.4031682753    0.4266395586 0.0005278129966 -0.001270526913 0.0002142404103  1.63531121e-07 0.0004473551983 0.0002190880044 -0.0001388434007  0.000411819607 -0.000261647627  0.001271313501 -8.781215843e-05 -4.504147963e-05 5.491942408e-05    0.0166825246  -0.07718922071 2.600648826e-07 -0.0005672275744    0.5164284524   -0.3481222814   9.5380656e-05 -0.0001014934621 -6.044256878e-05 8.596200057e-05   -0.3623270938    0.1998792862 -0.000298120081 0.0001955516313 0.0003021371987 -0.0001348356632 0.0001438109253 0.0003672047621 -0.0001773528249 -0.0002309492826 -0.0001957742869  -0.06404431387   0.09540583423 6.517372186e-08    0.1247467885   -0.1494924539 0.0002546172471 0.0005373379917   -0.0361829522   0.08868551605   -0.1658785608   0.01547874675 5.848870694e-05 -0.0003167562653 -0.001703233723  -0.03295018575   -1.230362e-07 4.804872065e-05 -4.880040787e-05 5.573807699e-05 -7.244293126e-05 7.360001442e-05 -4.881096037e-05  3.24276807e-05 -0.0004022923639 0.0002322303721 -0.0001500576742 -0.007985409294   0.02553328315 
-0.003464922094   0.00228876236  0.002899197408 -0.001440786046   0.06331165862  -0.06121949587 -0.001686508863  0.001309477255 -0.002995382102  0.002304077471   0.01276762157  -0.01061585054    0.1359798362   -0.1329057949   0.00138286924 -0.0003194903425  0.001475062624 -0.0006528201615   0.04726777877   -0.0461302712 -0.0004879089071   -0.5808263343    0.5648394953 0.0005398012876   0.08554622849  -0.08322546791   0.01667100097  -0.01626904252 -0.0001576742047 2.652424625e-07 -1.803145293e-09 0.0002957281584 0.0003369211519 0.0003069655342 -0.0002728292713 0.0001770448106 0.0009760167785 -0.001037390042 -0.0001754814258   -0.3580823011    0.3485998636 -6.866748489e-08 -0.0003541213717   0.06774216567  -0.06595928975 -0.0002145276595 0.0001218567944  -0.01401678498 -0.0001012442702 0.0002599597769 -0.0001358007267 -9.915184496e-05 0.0002704510243 -1.081328917e-07  0.000190421965 -0.001071458208 0.0006702244119   0.04058937517  -0.03948244459 0.0002126663909 -0.0001202855915  0.000905652267 -0.0004848324115 0.0001227232365 -5.780171469e-05 -0.001802307021  -0.08884263738   0.01225008747   0.08635206622  -0.01196853924 9.419110425e-05  4.82109619e-05 0.0002420529426 -0.0003133659371 -2.844342487e-08 -0.0003214261783 0.0004065885137 -0.0002052949878 -0.000167733702 -0.0006949564763 0.0005836791901 0.0003967711274 -8.524612229e-06 -0.0001995564433 0.0001031537748   -2.399586e-05 0.0001222783592 6.048357942e-08   0.01977986321  -0.01924178477  0.005674782391 -0.005543162592   0.02498625422  -0.02432230971 -0.0001003096179 0.0001329156578  -0.01481504923   0.01445658127 -0.000165383059 0.0001642787487 
0.0008914112977 -0.001302036817 -0.0007687861274  0.001307607031   0.01628073494  -0.01608020164 0.0006372797471  -0.00062486569 0.0007906268151 -0.0009932476114  0.001367757116 -0.0006605179468 -0.005358044783   0.00505833078 -3.971758643e-05 0.0005988678963 -0.0003633365486 0.0006933737432   0.01489782227  -0.01457168919 0.0001109440474  -0.07558933033   0.07340801557 -0.0001252736453  -0.09372866751   0.09120056706  0.004763582011 -0.004650064107 4.940559879e-05 -5.793836292e-08 3.417574669e-10 -0.0002438607055 -9.358257857e-05 -0.0001538536751  7.12996088e-05 -0.0001048740691 5.302423815e-05 -7.297361701e-05 4.003279694e-05   0.05310556503  -0.05168170176 1.373604286e-08 0.0002962041795  -0.07978744121   0.07755721946 5.553965302e-05 -7.396910262e-05 -0.003928950488 0.0001355389536 -4.887699764e-05 9.640794807e-05 -2.289268585e-05 3.403817177e-05 2.119667345e-08 -4.438487767e-05 -8.525327161e-05 4.911214902e-05  -0.04948662717    0.0481470665 -4.127925366e-05 7.569280437e-05 5.279069175e-05 -3.124531838e-05 -7.868333747e-05 1.807469545e-05 -0.0002307492717  -0.01143563792 -0.0001723729076   0.01109570829  0.000152222054 -6.017904122e-05 -0.0001535205749 1.992999483e-05 -2.606139671e-05 4.652655943e-09 -3.853701401e-05 4.619570217e-05 0.0001801243327 3.685216379e-05 3.942779889e-05 -5.393283601e-05 1.631732956e-05   1.6723807e-05 4.836765132e-05 -2.883605559e-05 -1.041622141e-05  1.77683092e-05 -1.227014706e-08  -0.02295581832   0.02233413567 0.0003861589384 -0.0003818883454  -0.03027438891   0.02945077623 4.928871513e-05 -3.043419759e-05     0.696743636   -0.6779063383 -5.733447829e-05 4.267784143e-05 
-0.005105263835   0.00783898122   0.00540119521 -0.008472244421    -0.040931247   0.04324784317 -0.003731395857   0.00314123915 -0.004157180626  0.005131957672 -0.0004290789596 -0.003192487538  -0.06203837336   0.06128552164  0.000920437401 -0.005067553768   0.00270374001 -0.004706402205  -0.03545295789   0.03479236143 -0.000422666039    0.3565969198    -0.346274808 0.0005172645057    0.0895355465  -0.08707950925  -0.01186607305   0.01159546063 -0.0002432423579 2.884183717e-07 -1.498789153e-09  0.002628769409 0.0004525244886 0.0007893935288 -0.0004001488334 0.0006341973207 -5.165789066e-05 0.0001387591105 -0.0001522068419   -0.5869679688    0.5711032283 -6.290717532e-08  -0.00319352496   0.08837706644  -0.08561470722 -0.0003163902997 0.0004472384618   0.01141517117 -0.001186938337 0.0004013384201 -0.0006748645934 6.306337234e-05 -9.240639146e-05 -9.540958953e-08 0.0001856597812 1.199218763e-05 9.892225686e-05   0.04266453119  -0.04148206056 0.0003219017637 -0.0005126517004 -6.154050664e-05 4.315001357e-05 0.0004667571307 -8.915174752e-05 -2.004807966e-05   0.05647468431  -0.00600985463   -0.0547970907  0.005934320471 0.0003584257735  0.001897444668 -2.950661414e-05 4.842206703e-05 -1.780633765e-08 6.349556614e-05 -9.486353045e-05 -0.001963103626 -0.0001261187919 0.0002187569447 -0.0001580535258 -8.217323656e-06 -8.890869749e-05 -0.0004354664647 0.0001372918313 3.223554034e-05 -5.476987447e-05  5.87132768e-08   0.02125222238  -0.02066292747  -0.00315208011   0.00309998343   0.02896898686  -0.02814481875 -0.0003765780791 0.0001235155181    0.1128547064   -0.1098014376 0.0001329059444 -6.874993981e-05 
  -0.2194462572   -0.2295904255    0.1896958927    0.2156603569   -0.3075381962    -0.342391375   0.06490911723   0.06759507264  -0.06303950135  -0.06136113969    0.2053886568    0.2258447047   -0.0467097855  -0.05452546327    0.3318024779     0.351072056      0.12652435    0.1451984235 -0.009080698686 -0.009737395006 -0.004633097081  -0.03959020679  -0.05446872273  -0.00115609305  0.003674154007  0.002188584302 -0.002227288916 -0.002441346452   0.02044761289 1.111150202e-05 -5.192529776e-08   -0.2296221145  -0.02115670028   0.01196697246  -0.02000272355  -0.02066188303 -0.003000189343 -0.0007497354586 -0.001831287536  0.005572272961   0.01445588362 -2.259641468e-06    0.2829989332  -0.02009382256  -0.02275966489  -0.01428103025  -0.01481853354  -0.09260979595   0.07736901504   0.01651163669   0.01871022796  0.002448710669  0.002813069809 -3.382024874e-06 -0.0006838277237 -0.003415607665 -0.002292672676  0.002465780095  0.001723239679   0.01242181876   0.01274193386 1.155912992e-05  0.001036231595   -0.0140647743  0.007269611258   0.02874192964 -0.007739795458 -0.004535583367  -0.01024335919 -0.005227792931   -0.0117456336   -0.1749272487 -0.0005357184087 -0.0006061058445 -5.466542962e-07  0.002932933566  0.003291836284    0.1747402931  0.002865483181 0.0003053371057 0.0001978535468   0.00365017677   0.00285998007   0.01308189637 -0.007675682826  0.001655908419  0.001884210467 2.216111447e-06   0.00112935408 0.0007557323944 -0.001737085395  -0.00199355493 -0.001750751406 -0.002396654964   0.01000918428 -0.0006664168251 0.0006646493734 0.0004354125795 0.0009597709451 0.0009804687679 
  -0.1183660621   -0.1185823249    0.1001355276   0.08917459854   -0.1730779821   -0.1223459733   0.04367331034   0.02782818001  -0.02687466353  -0.05031480561    0.1078880658    0.1111595568  -0.02481732865  -0.02138428467    0.1881067412    0.1682832068   0.06576292945   0.05227434193 -0.004501346254 -0.003970096782 -0.003802810514  -0.02380752294  -0.01819600666   0.00167773179  0.002346285231  0.002947228944 -0.001010339835 -0.0006106174483   0.01201258494 5.715158209e-06 -2.543865603e-08     0.475963781   -0.0129019759  0.004329488026  -0.01093482364  -0.01111583973 -0.002096935984 -0.0004712083769 -0.001438247859  0.005498892581  0.002624051316 -1.126037598e-06   -0.5747983102  -0.01395939645  -0.01344231438 -0.007731004237 -0.007755064423  -0.03412577738   0.03666802517   0.00864314052  0.007609339438  0.001598755973  0.001684145043 -1.675877133e-06 0.0004753721489 -0.002147511705 -0.001706773485  0.001723158623  0.002054688745  0.006544770206   0.00520937065 -0.000122074537 0.0006867460173 -0.007534088923  0.004275912066   0.01401618657 -0.004537570188 -0.002397761084 -0.003585255682 -0.002086651935 -0.006473068783    0.3458748968 -0.0004137787965 -0.0003005440829 -2.525316101e-07  0.001967745506  0.001972428771   -0.3541657615  0.001144268591 7.814021464e-05 5.828086707e-05  0.002382268607  0.001889056472  0.005366961483 -0.004633263569  0.001081820173  0.001133645271 1.132252256e-06 0.0008017555999 0.0009709227127 -0.0008982882225 -0.000752165524 -0.001179697649 -0.0009874986575  0.003915084345 0.0002770155427 5.959421434e-05 3.539114632e-05 0.0004769697751 0.0005026329008 
 -0.01375465349  -0.01374369456  0.002662424457  0.002509017102 -0.002584153398  -0.00186386731   0.01583987175   0.01430719993 -0.0007487408564 -0.0007622969899  0.001170724774  0.001149033589 0.0001984600436  0.000268771819   0.02580488607   0.02434813027  0.001579317013  0.001460972767  -0.01162204645  -0.01200015459 -0.001540580885 -0.004723155434 -0.004754245295  0.001272725825   -0.1940606026   -0.1993280479  -0.03395028752  -0.03485739233   0.00276506077 5.986216037e-07 -2.379289261e-09  0.002418126263 -0.003284355612  0.002826460627 -0.001442328251 -0.001452651646 -0.001859858496 -0.001004455946 -0.000573711659   0.06068347417   0.06224656483 -1.09781487e-07  -0.00231682768    0.6450368419    0.6626910649 -0.0009329973622 -0.0009277783599 -0.0006489568693  0.005231332589  6.47655689e-05 4.217985984e-05  0.001275547287  0.001484371056 -1.614338715e-07 0.0004371306745 -0.001785650733 -0.002306939332   -0.1424787765   -0.1463495697 0.0001380504433 8.266472639e-05 -0.0004314427803 0.0004546484396 -0.0009724804769 0.0009871754626 0.0002995970434 -0.001434282401 -0.0001684649105 -0.001458955339 -0.0001683043679 -0.0008749439557  0.001257458551 -0.0003519341916 -0.0004401100178 -2.035203669e-08  0.001668987538   0.00170245431 -0.001458098487 -0.0001112498009 -0.0002445601502 -0.0003112328425  0.001851515532  0.002174677807 4.822971625e-05 -0.001131915988 0.0008881975481  0.001030518602 1.172850026e-07  -0.06991079301  -0.07181069841 -0.004342964982 -0.004454881512   0.02222117008   0.02284198253 -2.373007892e-05 0.0003620914553   0.03170931959   0.03255351166  1.65272142e-05 5.860198383e-07 
 0.003659581251  0.003217879293 -0.001934957675  -0.00142459511  0.003397139335  0.002300219545 -0.003804860815 -0.002359030267 0.0006886213153 0.0005319975737 -0.001484896355 -0.001151279227 0.0004970923783 0.0003689758617 -0.006667896275 -0.004982044116   -0.0011374918 -0.0008076817581 0.0001489479552  0.000126553132 0.0004366278188 0.0005946456816 0.0004030857935 -0.0004073965574  0.001028237793  0.001043374711 0.0002184204338 0.0002142257809 -0.000814121037 -1.616746037e-07 6.359102759e-10 -0.0007028710106 0.0009815142652 -0.0004727351955 0.0003495926667 0.0003151343122   -0.3038427417   -0.1783770216 0.0001601563953 -0.0004569858145 -0.0004043094367 2.952899291e-08 0.0007385247962   -0.0033454789 -0.003471306961 0.0002412404104  0.000214029088 0.0007927986026 -0.001119238352 -0.0001580119678 -0.0001127812861    0.2217282385    0.2602123733 4.339411243e-08 -0.0001437025871   -0.3099749297   -0.4219143444 0.0007553894209 0.0007687438431 -0.0001238286269 -7.604053896e-05   -0.1008813626   0.05551637146 0.0002131411782 -0.0002910189314 -0.0001599768436 0.0001176982585  4.96020351e-05 8.422698475e-05   3.7763556e-05 0.0001921492947 -0.0004167504575  -0.06214021686  -0.07962716675 5.320988121e-09    0.2953050143     0.301239535 0.0004600348926  3.97202247e-05  -0.05081041418  -0.06334236579    0.2888857452    0.3677136895 -7.123536762e-05 0.0003367329056    0.1560040782    0.1820927222 -3.087930929e-08 0.0003717618313 0.0003781641163 4.366403575e-05 3.941797107e-05 -0.0001037992042 -0.0001137790709 -4.742647051e-05 -0.000122122395 -0.0001784795262 -0.0001802166789  -0.01449920165  -0.01832402224 
 0.009068103899   0.00731441383  -0.01142853436  -0.01135970925   0.01685218775   0.01485537868   0.01407750539  0.003198441633  0.003019785672  0.003584547876   -0.0167042334  -0.01740406503  0.002572828985  0.002545637161 -0.002645247283 -0.003627403521 -0.008424231673 -0.008079437158 0.0006231042996 0.0006175512794   -0.2794717003  0.002218092667  0.002181105115    0.3250449963  0.001054012728  0.001079405036 0.0002769339134 0.0002645435712    0.5061207497 -3.748163966e-07 1.402787873e-09 -0.002279052019   -0.6614583575 -0.007470843137 0.0007940683728 0.0006152678509 -0.0004295395323 -0.0003037804849   -0.0995547935 -0.0006859184919 -0.0006794687753 6.625255085e-08  0.002824231363 -0.002880542758 -0.002975393312 0.0005852739642 0.0004748823292  0.005052370684  0.008356528173  -0.00111734052 -0.001126770433 0.0002030574693 0.0002945457211 9.686137597e-08    0.1195318342 -0.0002795553258 -0.0005543579358 0.0007928374126 0.0008123152436 -0.0007834273963 -0.0007175685582 -7.380647939e-05 0.0001380809217 0.0004136757204    0.1818135133  -0.00180106923 0.0004518525915 0.0002589535744 0.0004459047216 0.0002563259024 0.0002925454969 -0.001583140625 -5.95783119e-05 -0.0001051804439 1.098135603e-08 0.0002739392493 0.0003102617774  0.001696567976  -0.05508477566 -7.222270613e-05 -0.000103566679 0.0003938140298 0.0005928361722 -0.000770695153   -0.2195083922 0.0001406365038 0.0002018930511 -7.314900016e-08 0.0003931849167 0.0004025558916 0.0001182947058 0.0001161648389 -2.352873618e-05 -2.68197811e-05 -0.0005556438386    0.1094828031 -0.0002092605607 -0.0002129659423 -5.156032928e-05 -6.321080429e-05 
   0.2066394263    0.1737330154     0.151390185    0.1786425089   -0.2057577733   -0.2324243899   -0.4064922339   -0.3919236663  -0.03691718907  -0.04781847519    0.2563955303    0.2904350931  -0.03208037272  -0.03942396686   -0.3666316115   -0.3176226309    0.1289991022    0.1463480159 -0.009459646787  -0.01121627499 -0.0004452455461  -0.02577877364  -0.03302756205  0.008934551439 -0.009765265237  -0.01022516955  -0.00115189657 -0.001512255401   0.01172388239 -7.980137084e-06 2.744792697e-08  0.002646733035  -0.01991161063  -0.08083240376   0.02560721706   0.02302843175   0.00736601045  0.002740818093 0.0004418081515  0.002528734452  0.003971650919 1.341804144e-06  -0.01793543009   0.01908081029    0.0178474161   0.01473717413    0.0125877638  -0.08308349101  -0.06423507603   0.02070624796   0.02330584869 0.0009322275413 0.0007194137297 1.947094366e-06  0.003883299798 -0.001369804307 -0.002064044387 -0.007699132144 -0.008021640605   0.01158100133   0.01321787279 -0.007051824785 -0.007860411276   0.01510219005  0.004326656491   0.03647507145 -0.005436907162 -0.003334162352 -0.006791110695  -0.00403285239   0.01491183585   0.01014708836 -0.0003044689278 -0.000282856888 1.866659319e-07  0.002321411234  0.002238507827 -0.009187241952 -0.002564821519 -0.0009870503365 -0.000926820133  -0.01033933187  -0.00791515406   0.01605547526 -0.005976070924  0.001128765911 0.0009447904305 -1.550609817e-06 -0.003808037782 -0.003974110979 -0.001203781432 -0.001470288105 -0.000428278848 -0.0006987953262   0.01476190841  0.004697262104  0.001419006448  0.001584732447 -0.000993320463 -0.001017500065 
-0.006103257353 -0.000935476498 -0.0002556585364 -0.005084817268 -0.0001959461103  0.006964523347  0.007842346727  0.006486511034 -0.0001224119959  0.001487696683 -0.001822258461 -0.007218342193 -3.248949173e-06  0.001198644019   0.01016569132  0.002490362478 -0.0006450929972  -0.00383799091 6.791938378e-05  0.000322704183 -9.739775708e-05  -0.00028350156 0.0008792761753 2.005489511e-05 0.0001377709791 0.0001228901152 -2.43771549e-05 2.622453304e-05 -9.017698829e-05 1.973444105e-07 -6.149482686e-10 -0.0002382256834  0.000229579958  0.001412140348 -0.0006712321123 -0.0002163347609    0.2810654888    0.1768720935 -4.40786505e-05 9.745431538e-05 -8.296391854e-05 -3.128808028e-08 0.0005213237667 -0.0004029085383  6.11575583e-05  -0.00041844961 -9.958050525e-05  0.003071419616 0.0004380335328 -0.000150298013 -0.0005807105933    0.1627455565   0.09899164205 -4.502798313e-08 -1.123011147e-06    -0.232067723   -0.1213565616 0.0001140840853 0.0001031290958 -4.413618952e-05 -0.0003595069444   -0.3826684142   -0.3963879387 -0.0001280192114 -3.510183011e-05 -0.0009330133009 -4.335628112e-05 5.118249053e-06 0.0001768707619 0.0001210761862 -0.0001609740996 -0.0002689172373  -0.04324492558  -0.02039803954 -3.553370515e-09    0.2626021859     0.202336711 0.0002852091312 2.628467321e-05  -0.04520155674  -0.02566224258   -0.4100992546   -0.4121934693 -0.0004179883283 5.819805715e-05    0.1377435901   0.09297231947 4.288918061e-08 5.573937497e-05 5.179263227e-05 -1.820157033e-06 4.158698106e-05 -1.34263573e-05 3.858935588e-05 -0.0003783596925 -3.227440425e-05 -8.730333052e-06 -2.106609057e-05  -0.01463647921  -0.00846324602 
  -0.2495837347    0.2563173051     0.242559878    -0.206496283   -0.3871672677    0.3134703439   0.04366271095  -0.08728257295  -0.07822415702      0.07023925      0.27176933   -0.2178338999   -0.0598963786   0.05245744999    0.3724026487   -0.3797770239    0.1635221654   -0.1324618278  -0.01154594318   0.01212591169 -0.003887710752   -0.0548307911   0.04829368522   0.01136504186   0.00327201181 -0.001441300363 -0.003062156095  0.001491034299 -0.0004803265301 8.701088969e-06 -2.606320102e-08  -0.02466809233  0.004171302151  -0.01935443181    -0.022220358   0.02376305267  -0.00917206097  0.003777717656 -0.001104953351   0.00976580484 -0.004270561963 -1.354160142e-06   0.02771654951  -0.02585456051   0.02610577562   -0.0161664152    0.0149368731    0.1541398699  -0.09214581161   0.02167230456  -0.01759275576  0.003319942872 -0.004359659953 -1.943978633e-06  0.004568081509 -0.005004039137  0.008103441144  0.002458166421 -0.0008691590737   0.01603179514  -0.01346623749  0.003812130922  0.004066605798   0.01728537705 -0.000225572888  -0.02924707004  -0.01057074797 -0.005811972748  0.009153410072  0.005086313461   0.01404915089  -0.01346700685 -0.0009205523808   0.00148740606 -1.321453792e-07  0.003387213058   -0.0056624486   0.01684433576 -0.0006232489291 -7.121389812e-05  0.002044637103   0.01235194988 -0.001772651601  -0.01334790649  0.000716461483  0.001969187185 -0.003228164481 1.684382545e-06    0.0011179051  -0.00037329622 -0.002258786289  0.001799717574 -0.002584825022  0.002415650923  -0.01127005596  0.003279625587 0.0005970612868 -7.228932911e-06 0.0007296338564  0.001465291661 
-0.004452693652  0.001220055924  0.004289504826 -0.004204284876 -0.006844144412  0.006051174881 -0.002917363623  0.003431110599 -0.001352110484  0.001339255975  0.005175637055 -0.005468867002 -0.001185548029  0.001193781469  0.004061552178 -0.0001659599125  0.002882339777 -0.002914675608  0.001662324146 -0.001562019066 -8.306682194e-05 -0.0002557573896 2.489998702e-05 7.084300882e-05   0.03157300776  -0.03068820786  0.005445687523 -0.005331675957 -2.03279537e-05 1.440608543e-07 -3.716318376e-10 -0.0001949653455 9.625736781e-05 0.0008208680883 -0.0004179998372 5.434178355e-05    0.3000214378   -0.2456610623 -3.418528497e-05 -0.009679430525  0.009509716498 -2.074119568e-08 0.0003352583011   -0.1051570804    0.1023564247 -0.0002921384233  5.07897155e-05  0.004381458642 -0.0001601280569 0.0003992273897 -0.0004352296228   -0.2316888738    0.2407127389 -2.948113526e-08 2.258114665e-05    0.3543415408   -0.3680286146   0.02317904363  -0.02251986297 0.0002891486248 -0.0002869493805   0.05596222281  -0.01755571865 5.107664923e-05 -9.150813711e-06 -0.0006215825104 2.698661905e-05 -8.661627808e-05 -7.272293245e-05 8.941352149e-05 1.068544096e-05 -0.000162528639   0.06920053088  -0.07077946086 -1.135648472e-09   -0.2885272089    0.2948423053 0.0001871304661 7.830663319e-06   0.05737326674  -0.06781646141   -0.3758058649    0.2538007232 -0.0003233909243 1.880523027e-05   -0.1587811596    0.1693123403  2.70563308e-08   0.01137137512  -0.01104842333 0.0006597690528 -0.0006447507871 -0.003652712162  0.003556400472 -0.0002928473119 -1.243008605e-06 -0.005135596967  0.005003992906    0.0176510637  -0.02224097541 
 -0.01505959635   0.01454762363   0.00401016743 -0.003438784918 -0.004379832263  0.003374051965   0.01375672412  -0.01394660336 -0.001137723988  0.001026573594  0.003234250589 -0.002041871294 -9.916061155e-05 1.276249277e-05   0.02612010604  -0.02513623589  0.002582698544 -0.002060868135  -0.01186032326   0.01174801296 3.769389105e-05 -0.005018118899  0.004756546942 0.0004761472537   -0.1968634361    0.1917516749  -0.03451897395   0.03341577794 -9.901587857e-05 4.757338401e-07 -1.224381253e-09 -0.0007515256906 0.0003171018817 -0.003266840872 -0.001557629336  0.001534329029   0.04790266441  -0.03921365096 4.429608165e-05   0.06149997859  -0.05959284799 -6.846911524e-08 0.0005618500844     0.654278035    -0.636879494 -0.001019492357  0.000875535929  0.001939921669 -0.006070533492 0.0001979566222 -0.0001310535616  -0.03711125111   0.03862696998 -9.731624941e-08 0.0002108409198   0.05675323429  -0.05895579212   -0.1445333652    0.1408007529 0.0002308788679 -0.0002279092542  0.009138803294 -0.002912124575  0.001116318533 -3.746880497e-05 -0.0005274896327 -0.001502956126 -0.0002011954547  0.001436614321 0.0001915570892 0.0009743237934 -0.0002056251389    0.0110875054   -0.0113388137 -3.729813473e-09  -0.04623906652    0.0473686393  0.000370639691 7.108073986e-06  0.009225910995  -0.01083361807  -0.05996710489   0.04046614794 -0.0001204382266 6.458755697e-05  -0.02544318468   0.02718059771 9.178296777e-08   -0.0709195214   0.06908619271 -0.004426511959  0.004277613881   0.02252722223   -0.0219391046 -8.103121762e-05  0.000163195763   0.03216278582  -0.03127588556  0.002918682284 -0.003550088022 
   0.1957221037    -0.195140034    0.1636948383   -0.1508371864   -0.2160983904    0.1677110249   -0.4041871511    0.3805197775  -0.04176990315    0.0392836047      0.26636118   -0.2620855105  -0.03541784269   0.03325768614    -0.347150059    0.3495208863    0.1371707039   -0.1245833232  -0.01020416688   0.00769144041 -0.004821631373  -0.02934144567   0.02791408526 -0.003186521395 -0.009717549145  0.007678527548 -0.0007714432484  0.002274797444  0.001976182553 -5.700957722e-06 1.279792342e-08  0.003241148192 -0.004717537315   0.09012504623   0.02460354991  -0.02505325467  0.003557727012 -0.004025672209 -0.002445964108  0.004036251041 -0.006753872115 7.693182956e-07  0.006075422856   0.01856706776  -0.01806328942   0.01406652803  -0.01243107231    0.2144190848   0.08275665335   0.02172004718  -0.02074986053  0.002723263182 -0.003998228422 1.085187447e-06 -0.001853959989 -0.003890697859   0.00467979382 -0.007775775817  0.005774247954   0.01240194871  -0.01018199588 -0.006574820146  0.007230973912  -0.01814733692 0.0007036274757  -0.02477731985 -0.006098359559 -0.003654406267  0.005800014325  0.003371060825  -0.01757424007 -0.003603609205 -0.0007728208044 0.0008177303838 1.364049632e-08  0.004292571681 -0.007026402538   0.00200182636 -0.000639412356  -0.00117152789 0.0003873315161 -0.005829628639  0.006912444644  -0.01489240272 -0.001034671537   0.00230799213 -0.003373635657 -1.100752697e-06 -0.003855113992  0.002875634986 -0.001246897796   0.00138585204 -0.0004545773502 0.0004981353858  -0.01414956315 -0.001830119051  0.001528580463 -0.001777816965 -0.0008906207987 -0.0004165643537 
-0.005152178089  0.003897316748 -0.002381656079  0.002085709313  0.002986324936 -0.001292905469  0.006500424873 -0.006479442367 0.0005922121085 -0.0005390920244 -0.004180275875   0.00382063815 0.0005246115213 -0.0004626025207   0.00798014121 -0.006530873216 -0.002122881575  0.001704448126  0.000176920399 -9.669246023e-05 7.355980092e-05 0.0002972838425 -0.0004293134137 7.464590877e-05 0.0001020534235 -5.535499311e-05 -3.275689854e-05 -3.249642729e-05 -3.31994814e-05 1.624998337e-07 -3.302673863e-10 -8.30250108e-05  0.000101649038 -0.001607780561 -0.0006340286766 0.0005072095521    0.2564434363   -0.2657210476  3.97869795e-05 -1.381820872e-05 9.205137178e-05 -2.064939947e-08 -5.660193338e-05 -0.0001273221097 0.0001244165915 -0.0003665938624 0.0002446773137 -0.008261287907  -0.00167329822 -0.000361717403  0.000328419192    0.1236069054   -0.1379001332 -2.893633642e-08 4.053026047e-05   -0.1638533992    0.1865811652 9.031868257e-05 -4.018559044e-05 -0.0001885075597 0.0001402964641   -0.3177683546    0.4328393126 0.0003645167963 -1.231995691e-05 -0.0001422095924 6.481444394e-05  5.60076895e-05 -9.336293979e-05 -4.757959287e-05 0.0003522091775 4.069528722e-05  -0.03010156008   0.03258299482 1.251247826e-10    0.2100701673   -0.2623779105 -7.566055316e-06 1.498621789e-05  -0.03211653247   0.02809319766    -0.405159439    0.4124524262  0.000184711916 1.915371788e-05    0.1091965312    -0.125825725 2.638507352e-08 4.470560904e-05 -2.035846919e-05 1.279652908e-05 -2.002182715e-05 9.784818185e-06 -1.248574605e-05 0.0002088298588 3.549602441e-05 -1.229999742e-05 1.892493902e-05  -0.01085778178  0.008522851501 
 -0.01516302997   0.02601197642  -0.03496955091   0.06086917135   0.07248105197   -0.2513261574    0.0413889582  -0.09769435395   0.00838091581   -0.0132288154  -0.06003635708   0.07238966321  0.007189042997  -0.01062712026    0.0350978829 -0.002195206508  -0.02733306616   0.06284046934  0.002597227975 -0.001182171884  0.001611856323  0.005642463007 -0.007932278365  -0.00105177659  0.001186498425 -0.001159626432 -0.001611148428 -0.003899606786 -0.0003504140041 3.919460217e-07 -6.940678187e-10 0.0004374193942  0.000592012347  -0.02144794068 -0.002265727086  0.004963694359  0.001080242405 -0.001085095975 0.0007275133089 -0.0006649149134  0.001018318911 -4.790609502e-08 -0.003044487577 -0.001558320426  0.001518933869 -0.001168237957  0.001854974589    0.9408278357  0.003342592255 -0.004179202242  0.008822792663   0.00075547471 -0.0008686813363 -6.68602372e-08 -0.0003510165435 -0.001051236073  0.001515657449 0.0009588763937 -0.001156888547 -0.002585725548  0.004166160285 -0.001520128374  0.002131993318  0.004766873584 -0.0001162898969    0.1137618317  0.001249352614 0.0007675422297 -0.001686704317 -0.001087990373  0.004988135559  0.001226449144 -0.0001805267414 0.0002186967121 1.990714629e-09  0.001148289901 -0.001577153504 -0.000995846775 0.0002158656816 -0.0001551444678 0.0002171245648 -0.001661337788  0.001782654057   0.01577508961 0.0001491099854 0.0006487772687 -0.0007479223418 7.568803846e-08 0.0004465756216 -0.0006543018867 -8.769630593e-06 -0.0009195315729 0.0001933973843 -0.0002592830127   0.01004474662 -0.0002323709049 -0.0002023859763 0.0002606596408 -1.654124205e-05 0.0001039809885 
-0.001520726289  0.001055185854 0.0001226786399 0.0006905746053 -0.0005976586291 -0.001991837026 -0.002774148562 -0.003032681887 -0.0001136777445 -0.0002229923385  -0.01098751418  -0.00997847362 -0.006484748769 -0.006714867617  0.005167461233  0.001875717114 0.0002313166464   0.00087576181   -0.2574922428   -0.2628087905 4.640073965e-05 -0.001707252278 -0.001814740338 -3.380457399e-05  -0.01886841329  -0.01926665621    0.6420845128    0.6554122081 -1.174601168e-05 3.625436802e-08 -5.301581708e-11 -1.548179191e-05 3.180116427e-05 -0.0006494754934 -0.0002000766328  0.000137363406 4.139265586e-05 -3.532024406e-06 2.104650945e-05  0.002431646104  0.002482108331 -4.136714573e-09 -2.675928943e-05   0.02690488677   0.02738492867 -0.0001070478382 6.803744464e-05  0.003437663435 0.0003488830237 -7.411255165e-05 5.443306572e-05 2.321232415e-05 2.167643661e-05 -5.734643436e-09 -1.517012029e-05 2.300524785e-06 6.969100201e-06  0.005565040243  0.005726010239 -2.47645416e-05 1.934937493e-05 -6.381845962e-05 -2.65175955e-05 9.558471646e-05 -4.302353723e-06 -0.001248905325  -0.01580143039 -0.007251810749  -0.01615195082 -0.007411037224 0.0001004245306 1.441911094e-05 -3.18819781e-06 -2.380595751e-06 3.522044845e-10 -4.453816817e-05 -3.968957405e-05 -6.871235895e-08 9.934830488e-06 6.234749592e-06 6.721759068e-06 1.081707498e-05 4.651084271e-05 -9.784399806e-06 5.524887879e-06 3.319767748e-05 3.054452826e-05 7.004994845e-09   0.01553940704   0.01590026771   0.09621817922   0.09820388081 -0.007373869137  -0.00756295347  5.73462089e-05 -2.38929108e-05  0.001552966631  0.001583540154 -9.393757953e-06 -9.357769206e-06 
  -0.1399101474      -0.1423869  -0.07903877523  -0.08193160697  -0.04750788708  -0.05311969069    0.4294956277    0.4243761619   0.01195417048   0.01224566748    0.3710856546    0.3736387316  0.003674183229  0.003963666063   -0.3561846752   -0.3418852876   -0.1326728973    -0.135116041 -0.0009204071555 -0.0007009629703 -0.006051910065    0.0016093012  0.001811413395  0.006226704683 -0.0004621946179 -0.0004202453705  0.009346509827  0.009342877433 0.0004336923312 3.208092154e-06 -4.224677084e-09  0.002321334372  0.001134494761   0.08773966546  -0.02238259854  -0.02372918766   -0.0043231261 -0.002644700403 -0.002745627055 0.0008289165356 0.0008315481456 -3.538773582e-07  0.004190611448 0.0007154066458  0.000673041892  -0.01057874932    -0.010626283   0.02763004871  -0.07419525484  -0.01261333173  -0.01393888039 -0.002128217094 -0.002010743776 -4.890389304e-07  0.002737066791 -0.001222596034 -0.0007629290119 -0.0001527288486 -0.0001101607615 -0.005015099839 -0.005328219847   0.01085938569   0.01023098959  -0.01489862572 5.257057673e-05   0.05500295308 0.0002855481163 0.0003906552507 0.0003435842907 0.0004309366381  -0.01756540448 -0.001120370666 0.0003619608204  0.000367336341 3.798539557e-08   0.01002139601  0.009035242296 -0.0002086733496 -0.0001329781314 0.0004130634691 0.0004220584954 -0.008289027192  -0.00724433037 -0.005844116389 -2.447615834e-05 -0.003781149409   -0.0036580912 6.198867245e-07 0.0001035986183 0.0001259098512  0.001565206535  0.001574931873 -0.0007331592176 -0.0007379211519   -0.0122032184  0.002675262662 0.0001414212059 0.0001384303183 0.0004712018435 0.0004873542122 
 0.004667320574  0.003423494293  0.002059202513  0.002175581961 0.0009926303006  0.001349221084 -0.009640846785  -0.01092543273 -0.0003105225431 -0.0003243479251 -0.008585195894 -0.009845716325 -0.0001168298219 -0.0001110358516  0.006569996428  0.009249493864  0.003500442017  0.003566866194 -2.138870994e-05 -2.389382807e-05 0.0001530872177 -5.588140207e-06 4.536810559e-06 -0.000161194268 1.870958385e-06 5.822122396e-06 -0.0001479478699 -0.000156192253 -7.492810507e-06 -9.405076896e-08  1.00314545e-10 -5.189602783e-05 -4.395720414e-05  -0.00235342723 0.0007364926859 0.0006025990356   -0.1988393534  -0.09019192131 7.023084694e-05 -2.665235301e-05 -2.877184623e-05 9.991212994e-09 -0.0001109298821 -1.225971907e-05 -1.519409879e-05  0.000350687591 0.0002623354446 -0.0005035105743  0.002082043774 0.0003645142594 0.0003723106756   -0.1002273751  -0.09913451524  1.37610159e-08 -7.221605969e-05  -0.05338450384  -0.03558120198 -5.616880698e-06 -1.59488632e-06 0.0001369352422 0.0001432187107    0.4545467746    0.3763739893 0.0003704643151 4.334856637e-07 -0.001515060226 -8.044857978e-07 -1.391515491e-05 1.277513739e-06 -1.349617092e-05  0.000459240824 2.725401706e-05   0.01480535048   0.01453106824 -1.511222176e-09    0.4316148047    0.3582316262 6.814820551e-06 -9.830954597e-08  0.007557066814  0.008711985685   -0.3278420006   -0.3071644646 0.0001544811267 -7.914784544e-07   -0.1791909091   -0.1740935943 -1.997533229e-08 -5.974676057e-06 -4.052566769e-06 -2.754870919e-05 -2.84952654e-05 1.971291664e-05 2.190129242e-05 0.0003374882736 -7.078090067e-05 -3.460392091e-06 -3.98233388e-06  0.004384973683  0.004504583016 
-0.0002092892404 0.0002629080778  0.000148437083 -0.0001829539458 -0.001354121071   0.00155531501 -0.0002337957827 0.0001401933814 -0.0001309386522 0.0001283363389 -0.008741621621  0.008231630925 -0.006667774458  0.006534433688 0.0005634912657 -0.0004844369323 0.0002039272395 -0.0001926548869   -0.2628506446    0.2574835791 -3.980044559e-06  -0.00178483014  0.001748998292 4.929082835e-06  -0.01926242611   0.01889350227    0.6554420034    -0.642144622 6.156838844e-08  4.16603957e-09 -3.396872761e-12 -7.42311522e-06 2.074000026e-06 5.240897409e-05 -3.45735013e-05  5.02802853e-05 9.678586925e-06 -1.090241556e-05 -1.602629864e-06  0.002476030016 -0.002421758351 -4.060746515e-10 8.429269001e-06   0.02743435608  -0.02685700433 -1.311157939e-05 1.516072782e-05 -0.001113164183 -6.861119987e-05 -3.608880893e-05 3.858448331e-05 1.478994567e-05 -1.69921311e-05 -5.552992742e-10 2.130973424e-06 1.394756644e-06 -2.002282083e-06  0.005653646669 -0.005613047464 -1.224574733e-05 7.173858416e-06 -2.868479643e-05 3.820564504e-05 5.292771196e-05 -8.415283262e-08  0.001780812352  -0.01613726361 -0.007407727861   0.01581863257  0.007256300737 5.582185125e-05 -4.569701042e-06 -2.222855945e-06 2.656983241e-06 7.878835532e-11 -2.355197212e-05 3.239374608e-05 2.790215028e-06 -1.549923173e-07 4.976747154e-06 -4.246869519e-06 1.504782031e-05 -2.166752109e-05 0.0001365676217 3.125139067e-08 1.995172114e-05 -2.591007862e-05  8.06798824e-10   0.01584447349  -0.01558465765   0.09821848831  -0.09621681161 -0.007502349938  0.007440058931 5.470354795e-05 1.492959011e-06   0.00158401163 -0.001550939623 -1.332324904e-05 1.407046277e-05 
  -0.1677404444    0.1111629519  -0.03763313301    0.1199718517  -0.04768293617   0.04545500189    0.4692548799   -0.3629960797  0.006728018886  -0.01691420619    0.2973113266   -0.4220009318 0.0006265313939 -0.007039127328   -0.4022011285    0.2770677204  -0.01555377785    0.2447901016 -0.000388618663 -0.001173943069  0.004793517754 -0.0002552357631 -0.003792328421 -0.003899584854 -0.0004102582744  0.001044085158   0.00484007947 -0.005460167089 -0.0006315907925 3.237469409e-06 -2.303317635e-09 -0.0003582595258    0.0023824554  -0.08775618277  -0.02541241648   0.02064433757 -0.003562880152  0.001466892023    0.0023176575 0.0008848983936 0.0008812780546 -3.071304175e-07 -0.006574305138 0.0006844934059 -6.770177153e-05  -0.01258425281  0.007328490076 -0.001256055031   0.06780435544  -0.00719770197   0.01938678168 0.0006424751699  0.003971145968 -4.191046752e-07 -0.002044550345 -0.0005831636596 0.0009014722289  2.90857924e-05  0.001628062054 -0.002286409268  0.006717893833  0.007960390836 -0.005467952075   0.01440617569 -0.0002294826572  -0.07913140753 -0.0002349384073 2.728366342e-05 -0.001154708485 -0.000863749875   0.01841068158  0.001643965325 -4.236441708e-06 -0.0004657340049  6.58241773e-08  0.002336521405 -0.009816409723  0.002042518525 0.0008841779473 0.0002138059631 6.638967624e-06 -0.006974607034   0.00430092903  0.008451822297 0.0001755340919  0.003398356802  0.009159993985 6.275667079e-07  0.000134634421 0.0007842866301 0.0007459504655 -0.001116713469 -0.001101678185 -0.0001283588715   0.01738651645 -0.003655886829 0.0001600330045 0.0001132121203 0.0003832183741 0.0002835636223 
  0.08750354337    0.1502344668   -0.1900362504   -0.1534640375 -0.009292004533   0.01469862049   -0.1034354801   -0.2906027675   0.02446013462   0.01882928958    0.3735380696    0.1971626143   0.01399659839    0.0122272076    0.1584924925    0.3111693001   -0.5289720713   -0.4695572612  0.003449405506  0.003207046379  0.002925936738  0.008532129287  0.007735804894 -0.001533892239 -0.0003436891087 5.969707841e-06  0.005847612191  0.003348977455 -4.32273068e-05 -1.680168808e-06 1.165245794e-09  -0.00632735533 -0.0009591540513  -0.06208045491  0.009811180554   0.02053017157  0.003970212296  0.003371580921  0.001376799129 -0.000757366285 -0.0007765840912 1.586212631e-07   0.01323205382 -0.0001598753322 -0.000345156006  0.006157644291   0.01059705921 -0.005996600152   0.06714592414  -0.02402657178  -0.01821795478 -0.004491027867  -0.00374526972 2.163708413e-07 -0.001971914338 4.953338505e-06 0.0001120309912 -0.0002086389399 0.0001784307995  -0.01255407714 -0.009383417471   -0.0047281981 -0.007671108701   0.01425510854 5.216900278e-05   0.02647839794  0.002639353267  0.001798645215  0.002439123013   0.00159599617   0.01464359087 -0.002737022001 0.0005436736364 0.0004172809231 -3.456398212e-08  0.007470577574  0.004947416188 -0.003632552534 -6.016342344e-05 0.0001913360762 0.0001313786325  0.005141838461  0.007829563235 -0.009528219645 -9.585547338e-05  -0.01338970011  -0.01219159306 -3.256209089e-07  2.55939124e-05 0.0001833182449  0.001531413694  0.001084214967 -2.235778349e-05 0.0002325510735   -0.0103068482 -0.007690449976 -0.0001334651316 -0.0001477240167 -6.27796946e-05 -0.0001026371121 
 0.005050832162 0.0006706239029 -0.002702900958 -0.004997130676 0.0007115374794 -0.0005417023457  -0.01063142686  0.001322630483 0.0003111102021  0.000652354669  0.001168616373   0.01122863702 0.0002343994205 0.0003506335861   0.01013196364  0.000689066497 -0.009217323913   -0.0129901733 5.664621275e-05 9.356755782e-05 -3.214229069e-05 0.0001996657056 0.0002532287366 4.153348436e-05 -3.985888632e-07 -1.725457388e-05 3.827869657e-05 0.0001226026522 9.893400834e-06 -1.008977869e-07 6.957675856e-11 -0.000103416177 -6.260397243e-05 0.0004698522258 0.0007086286581 -3.209622293e-05   -0.2389151074    0.0026127224 -1.675689811e-05 -3.218319674e-05 -3.306213249e-05 9.293986761e-09 0.0003557367488 -1.482068689e-05 -8.096608582e-06 0.0003717810029 5.623318859e-05 -0.0001207247405 6.517408589e-06 -0.0003054663405 -0.0007280493774   0.08005369948    0.1891997491 1.265409263e-08 -3.770103147e-07  -0.03034384081   0.02523377191 -8.051204369e-06 -3.050152335e-05 -0.0001841600525 -0.0002972719985    0.4219974439  -0.08269240363 -2.123442031e-05 4.999100225e-06  0.002079886117 6.447797138e-05  3.13297092e-05 8.063783997e-05  4.58300994e-05 -9.736773669e-05 -7.645295595e-05 -0.008682187534  -0.02478525605 -2.010245268e-09   0.01360509295   -0.4494169951 -0.0001203650891 -1.751040364e-05 -0.005620528912  -0.01161269591    -0.369653688 -0.003009033107 -0.0003332349191 -4.015108193e-06     0.322097983    0.5197264914 -1.818595983e-08 -3.779119118e-06 -1.419396371e-05 1.710806126e-05 3.473921328e-05 2.706076832e-05 1.416122042e-05 -0.0005399870875 -8.032548489e-05 -5.270371853e-06 -5.019471292e-06 -0.001662998873 -0.005429357835 
 0.001563876531  0.003623397296 -0.003143037662 -0.002045298433 -0.0004764309034 0.0006214600298  0.001115556958 -0.008352589091  0.000413378861 0.0002339674036  0.007683926718 0.0006024891442 0.0002153766554 0.0001815089472 -0.0004959263726  0.008239462221 -0.008557490675 -0.007242187718 6.775028709e-05 3.833185878e-05  9.15400709e-05 0.0001184842931 0.0001178954147 -5.525340545e-05 -9.111143767e-06 3.811159449e-06  7.08602942e-05 5.191436198e-05 -3.299631804e-06 -2.12508804e-08 1.632068897e-12 -0.0001173757804 -1.445071126e-05 -0.001948490639 0.0002091887822 0.0005784806153  0.005386870771   -0.1914911299 4.379148571e-05 -1.099120323e-05 -1.307100188e-05 1.941890809e-09 0.0002012357877 -1.766266158e-06 -7.149929032e-06 0.0001132824054  0.000259657666 -0.0001172754653  0.001929436393 -0.0003834208112 -0.0001927587091    0.1692811784  0.006714485374 2.642314705e-09 -5.651551223e-05    0.0291867052  -0.03696241545 -1.149537645e-05 8.716314943e-06 -0.0002033552228 -0.0001260256481    -0.159961415    0.5097259784 0.0003911336068 5.873540977e-07 -9.375760923e-05 3.958030634e-05 2.859160778e-05  3.76567377e-05 2.392029843e-05 0.0004509309788 -3.875288557e-05  -0.02280244505  0.001071658141 -6.977139624e-10    -0.437725517    0.1760328502 -6.945047647e-05 2.228842227e-06  -0.01233888716 -0.002116431153   0.08803909177   -0.4564611833 -0.0001184810633 -1.438742775e-06    0.4315878679    0.1446742557 -5.740310309e-09 -4.522069493e-06 6.084279631e-06 2.093318747e-05 1.670948232e-05 -9.380198872e-07 9.818796604e-06 -5.368537933e-05 -0.0001981612288 -1.890015992e-06 -2.571037144e-06  -0.00596616349 -0.0001199987667 
 0.001309469881 -0.002813479016 -0.004325287426  0.004379946365 -3.192743845e-05 -0.0001517953933 -0.003826933464  0.004671222781  0.000549588376 -0.0005537134177  0.007551814834 -0.007046177853 0.0002042023679 -0.0004674528998  0.005423734391 -0.005744973706  -0.01203310453   0.01231772209 -0.002882570044 -0.003170312929 -3.340337646e-05 9.360797978e-05 -0.000323787833 -6.333333798e-05  -0.01755255918  -0.01805517337   0.01308279357   0.01328087936 -5.989956312e-07 -2.18610061e-08 5.313895683e-12 0.0001164495154 -4.722560225e-06  0.001049342344 5.127822901e-05 -0.0003702404178 7.593797349e-05 -7.719708905e-05 -1.140318821e-05  0.001143616468  0.001195947309 1.819838474e-09 -0.0003433930603  -0.07873949824  -0.08090567861 8.384888187e-05 -0.0001853794794 0.0001733789163 -0.001415136958 -0.0005984906714 0.0005610981518 -7.918132507e-05 7.659515039e-05 2.460055502e-09 5.119995669e-05 2.536638975e-06 -3.614840197e-06   -0.1781918047    -0.183117082 -0.0002923371513 0.0002791339107 -0.0001164551261  0.000133465107 -0.0002774159161  1.30426433e-07 -0.001747947898 -0.0002141829832 -7.591269085e-05 -0.0003502464608 -0.0001663940035 -0.0002527440173 5.909644825e-05 9.490177005e-06 -9.941639341e-06 -5.79772301e-10 0.0001192855945 -0.0001243336512 0.0001818714047 -4.649940922e-06 4.166661527e-06 -8.489902215e-06 0.0001248391234 -0.0001529004515 0.0002649178559 6.327137188e-06 -0.0002434888018 0.0002457724525 -4.248695077e-09   -0.1090800752   -0.1120975072   0.00236269938  0.002371627727    0.6601258397    0.6783546496 0.0004191280504 0.0004360418737  0.000922252654 0.0009529714273 -1.681582458e-06 -7.348358213e-06 
   0.1225063769   -0.1229701153   -0.1780292507    0.1773225829  0.002621458981 -0.004689768027   -0.2038107087    0.2014487597   0.02249458639  -0.02222720698     0.295818342    -0.284353086   0.01365281384  -0.01360096578     0.243224618   -0.2391063983   -0.5107770072    0.5118621437  0.003462862262 -0.003477772796 -0.001436774615  0.008474269008 -0.008442255076 -0.003288009904 0.0003413133345 0.0003295415301  0.004635694627 -0.006003806813 6.978844014e-06 -2.033321032e-06  4.57695085e-10  0.004848957291 -0.0008036233769   0.04633865451   0.01511260808   -0.0156810883  0.003551053299 -0.004049619307 -0.0004715381964 -0.0008881910854 -0.0001582667583 1.683707346e-07  -0.01433372435  0.001623085057  0.001903569585  0.008805214186 -0.007814803528  0.006325929157  -0.05898868786  -0.02187243756   0.02290976848  -0.00411197264  0.003972575426 2.275226284e-07  0.002235500194 8.699476334e-05 -0.0002387638918  0.004087967078  0.003103959533  -0.01183708383   0.01152895531 -0.005695222391   0.00701332706  -0.01241016062 4.588346013e-05  -0.07203754156  0.002659211639  0.001764829126 -0.002539915011 -0.001766182062    -0.011245052  0.002390464194 0.0004819837757 -0.0005370067937 -5.439558577e-08  0.006277402706  -0.00665978154  0.007770946677 -0.0003552913929 0.0001423784632 -0.0005142485512  0.006293199759 -0.008279678728   0.01048872921  0.000318989998  -0.01247911547    0.0129515745 -3.952184113e-07   0.00260612424  0.001794106281  0.001324306725 -0.001569560815  -0.01605953211   -0.0159835558   0.01699841976   0.02040415548 -0.0001855682835 -2.022803163e-05 -0.0001145844419 -0.0004116766395 
-0.002963945477  0.003186995612    0.0045781838 -0.004563265359 -7.903250248e-05 0.0001375635483  0.005197980695 -0.005284039209 -0.000577709051 0.0005705052761 -0.007547726532  0.007223925457 -0.0003505744306  0.000352774207 -0.006265974785    0.0062266169   0.01299089669  -0.01316327712 -9.157790756e-05 9.716906005e-05 3.258475438e-05 -0.000236901202 0.0001845638003 0.0001303857532 -9.759576771e-07 -6.094596447e-07 -0.0001163486067 0.0001368379966 1.734567913e-06 4.847068139e-08 -8.078292435e-12 -0.0001221661628 1.411631365e-05 -0.001222535701 -0.000342607401 0.0004427619805    0.1532376195   -0.1450535232 6.615344089e-06 2.157696574e-05 3.946384063e-06  -3.9275595e-09 0.0003717595433 -3.136250722e-06 -8.90256491e-06 -0.0002113205161 0.0002065344305 -0.0001927381055  0.001636647404 0.0006003790201 -0.0005849780272   -0.1652619312    0.1630176858 -5.299804369e-09 -7.089401683e-05  0.004127272807 -0.002965464237 -1.808055904e-05 1.167373208e-05 0.0003086909105 -0.0002964424974   -0.2216774513    0.2430740835 0.0003472212075 -6.952918829e-07  0.002104684273 -7.687796475e-05 -4.604868949e-05 5.716168418e-05  4.67833799e-05 0.0003304146092 -6.026734134e-05   0.02059961327  -0.02029179507 1.327040151e-09    0.2627034188   -0.2664946836 -0.0002224464839 8.376531254e-06   0.01218051259  -0.01430578009    0.2437201688   -0.2770578388 -0.0002469686094 -1.10037185e-05   -0.5094770516     0.505634489 9.335365404e-09 -1.348579208e-05 9.954762884e-06 -3.418793223e-05 3.806481885e-05 8.793955848e-05 7.370571519e-05 -0.0004283226897 -0.0007103462377 4.108772389e-06 -4.816150653e-08   0.00524568939  -0.00630632481 
-0.003477320609  0.003602692197   0.00181644589 -0.005664189547 -4.439960357e-05 0.0002694105494   0.00370108208 -0.003539588428 -0.0002346855518 0.0006252233986 -0.002987431146  0.007350072914  -0.00014376701 0.0003974050658 -0.004450136503   0.01693028765  0.007443366518  -0.01218719083 -3.605107497e-05 0.0001135993502   0.02422737111 -8.963971468e-05 0.0002434210785   -0.2543710019 -6.40863769e-06 -5.781802044e-06 -4.084584889e-05 0.0001300505324 -0.007378677398 5.269466167e-08  2.49408482e-12 -0.0001182258514   0.02008499019  -0.01312573934 -0.0007215602532 -1.295852367e-05 3.948133928e-05 -2.577989581e-05   0.03089371494 1.689836341e-05 4.133019186e-06 -4.014797804e-09  0.000369276604 -6.257720721e-07 -1.070930639e-06 -0.0002678785413 0.0002324155742 0.0008095922217  -0.02625732869 -1.492596392e-05  -0.00143362603 -2.820462102e-05 3.526361443e-05 -5.396504378e-09   0.06021338217  2.14534995e-06 2.957611129e-06 6.581043632e-06 4.999575672e-05 0.0001098959642 -0.0003865841322 -4.408483542e-05 4.506864754e-05 -0.0001724860709 -0.001139124354  -0.00601349335 -2.752412163e-05 -1.805426675e-05 8.598758956e-05 5.566183702e-05 -0.0009056724749 -5.604942847e-05 4.184428374e-06 -3.263460807e-06 1.591779092e-09 4.530576948e-05 -4.98987307e-05 -0.0002403911807  0.001505812922 6.198529718e-06 1.150540361e-06 4.664930524e-05 -5.308798495e-05 -0.001671957958   0.01236710596 -9.317440984e-05 0.0001127880875 1.026085237e-08 4.790686794e-06 3.560234518e-05 -1.217835955e-05 4.189795106e-05 6.294431546e-05 2.420108009e-05 -0.002320547635    0.9632977102 3.346579828e-06 4.196597336e-07 7.245397613e-06 5.351968503e-06 
-1.241603244e-05 8.797438462e-06  1.99962311e-05 -2.434435385e-05 6.010241323e-05 -5.534487396e-05 1.022284878e-05 -1.03990405e-05 -6.741789672e-07  8.06658631e-07 -0.0001655808644 0.0001431549378 0.0001296114004 -0.000125940655 -1.097551896e-05 8.726787213e-06 0.0003766194813 -0.0003638947013  0.003060920999 -0.002990345412 5.321119696e-07 0.0001141090926 -0.000111034214 -7.461400203e-06   0.01803463811  -0.01758063729  -0.01335096449   0.01303072765 -1.970066858e-07 1.823758328e-10 2.511276677e-14 -1.94998816e-06 6.328931823e-07 4.864110457e-06 -1.570369826e-06 4.207369919e-06 3.997943389e-07 -3.185868222e-07 7.877375199e-07 -0.001190162957  0.001160471179 -1.350148837e-11 1.103856621e-05   0.08093065459   -0.0787567154 -1.010825403e-06 5.949344386e-07 -7.190026682e-06 1.491884666e-05 2.163277464e-06 5.829003577e-07 -6.682784468e-07  6.68788579e-07 -1.811671292e-11 1.546443019e-06 -2.957102928e-08  4.34949985e-08    0.1831746491   -0.1782200529 8.072706208e-07 -1.215967112e-06 -4.152761751e-07 3.995458873e-07 6.549008427e-06 -3.791230805e-08   0.00015419383 0.0002855383874 0.0001219936451 -0.0002780311035 -0.0001189992655  9.59833293e-06 -1.348734113e-06 7.690474761e-08 -7.040130358e-08  5.71277023e-12 1.071886145e-06 -1.032128992e-06 -1.306831723e-05 8.460519499e-08 -2.553301623e-08 4.697072171e-08 5.425186389e-07 -5.211651244e-07 1.619095817e-05 3.170774042e-07 -1.673873443e-06 1.613153799e-06 3.553396067e-11    0.1121343623   -0.1090956801 -0.002398118315  0.002339750739   -0.6785323132    0.6603280602 9.866852966e-06 2.710746772e-05 -0.0009507926556 0.0009266232003 1.658980474e-06 -1.576058215e-06 
 0.001581634884   0.01818857834 -0.0001431713339   0.02206581115  0.004524413913  -0.03152053715 -0.0008339042244   0.01221002412 1.936895236e-05 -8.97959949e-05  -0.01904299887    0.1441635957 0.0003498979035 -0.002720984325 -0.002061985221   0.02985570478   0.01584931211  -0.02286350806 3.783475523e-06 -0.0004253325586  0.001642192751  0.000292786909 -0.001983120506  0.006774372279 0.0003166121696 0.0004183966791 0.0001611582307 -0.0008128732617 8.260562935e-05 -2.214170521e-08 -6.068839443e-12 -0.000370117094  -0.00027283593  -0.08688497462 -0.007439669459  -0.04297892911 3.202242508e-05 -2.678974232e-05  0.001122131736 -3.770300433e-05 5.080803943e-05 1.564300379e-09 0.0008459765173 -4.368420381e-05 -1.329232392e-05 0.0001570495823  0.001510915332   0.09777107175   -0.1257883115 -0.007562090952  -0.04423935054 -3.300196835e-05 9.069561392e-06 2.093363832e-09   0.00135757784 -1.031708915e-05 4.574687905e-05 -0.0002661543976 -0.001654255757 -2.819522344e-05  0.002191544792  -2.3070825e-05 1.593541591e-05  -0.05893941764 0.0001062647848   -0.9392783671 1.602836467e-05 2.205132091e-05 -0.0009920644681 -0.0005737589873   -0.1147040956 -9.616396972e-05 2.987350383e-06 -1.517190012e-06 -7.300177866e-10 8.408371025e-05 -0.0002206752251 -0.001731061816 -0.0002544189202 -5.745978668e-07 9.032575552e-07 2.823141059e-05 -5.270465894e-05   -0.1415153532 -5.651484453e-05 -0.000103106397 0.0001942413505 -4.307210989e-09 -0.0002507372453 -0.001173131106 3.387877867e-05 -0.0002957810887 -0.0001882364904 -0.0005220444203   -0.1386857196  -0.01167253493 -1.658134504e-05 -6.856087081e-06 -2.001259851e-06 -2.499275657e-06 
  0.00847928254   0.09394728673  -0.02361851576  -0.05797248421  0.002035286947   0.01177058148 -0.001636960644  -0.02333057146  0.001842335142  0.004593044725   0.01650046258  0.008727960224   0.00129115834  0.003813900763  0.004818656227   0.04151641003   0.01647998812    0.1110915443 0.0003865760384  0.001026406009  0.001741938547 0.0007492138633  0.002349300028  0.001693985492 -0.001196055431 -0.001429127689 0.0002212545218 0.0008604676948 1.122130157e-07 -1.100718656e-07 -5.231792014e-11 -0.0003331607875 -0.0001028318795  -0.07620258601  -0.06388417547   -0.2799065196    5.498929e-05 -5.010317948e-05  0.001300670702 1.035903979e-05 -3.282208622e-05 7.259998048e-09 -0.006455418086  0.000120136453 0.0001161096425 0.0007513395453  0.007213380008  -0.01845071926  -0.03988003063  -0.06423436866   -0.2707422036 -4.717353908e-05 -0.0001792657308 9.679162217e-09 0.0003700288779 4.413702769e-06 5.423247647e-06  0.001757308102  0.002481636294 -0.001905966903  -0.00402861062 -3.064125607e-05 4.485083383e-05   -0.2224134571 8.302697307e-05    0.2332513575 0.0005179726403 0.0002527837292  0.001264722382 0.0006889928864   -0.6102949574 0.0006047731891 9.858245158e-07 1.107164578e-05 -3.900046101e-09 -2.466866566e-06 0.0001120009798    0.0122487179 -8.506311439e-05 -6.919521609e-06 4.926923732e-07 2.042713731e-05 -2.13970343e-05   -0.1870220591 1.940628597e-05 3.390573786e-05 3.602175986e-05 -2.148186198e-08  0.001498997655  0.002032686314 0.0001389923474 0.0003966291869 0.0006887168821 0.0009803260637   -0.5408568117  -0.00315656494 3.786595646e-05 3.673955189e-05 -1.281511327e-05 -1.019954502e-05 
-0.001934839486  0.004143640267 -0.0003944146397  0.001719192002 0.0004555406194 -0.003191152131   0.01019906283   -0.1667685356 2.904873326e-05 9.163014295e-05 -0.001731441839   0.01842205673  5.25061013e-05 -0.0002379352069  0.007868309756   -0.1415050362  0.000596950586  0.001142739192 -2.004726237e-05 -6.180163588e-05  -0.01621794596 4.225840862e-05 -0.0001708619961  -0.02097795795  0.002575525126  0.002739648612 0.0001812829685 0.0001044113782 -3.184730791e-05 2.438053976e-08 1.344964576e-11 -4.194532209e-05 0.0003624516399    0.7266277316  -0.01005217376  -0.03599301085 -4.50854446e-05 -2.681837738e-05  -0.01225223428 -0.0001111574764 -0.0001109521235 -1.565603196e-09 -5.136411189e-05 -0.0002831243605 -0.0002980405985 -0.0001604561221 0.0003279663373   0.01063671262    0.6264103466  -0.00876768861   -0.0336123419 -7.743242905e-06 4.437744552e-06 -2.08440483e-09 -0.008314836049 4.142734257e-07 5.743898238e-06 -0.003560583969  -0.00391809583 -4.354475193e-05 0.0002035604799 -1.811581008e-06 0.0001353085242  -0.03099513058 -0.0008135754172   -0.1246814447 1.514736998e-06 4.043108477e-06 -0.0001209144439 -6.466217718e-05  -0.06660485931 4.724660166e-06 1.013858962e-06 5.167671934e-08 8.865613318e-10   1.1364092e-05 -2.295685154e-05 5.618486474e-05 0.0009660807001 2.655179242e-06 2.288429127e-06 -1.381484709e-05 0.0001066085241  -0.04137167714 -0.0003255211197 2.470170792e-05 -1.524248621e-05 4.766562324e-09 -0.003115814711 -0.003391928547 4.322694948e-05 1.199214152e-05  -0.00144169209 -0.001572495487  -0.06584078082   0.02333161652 -9.79314659e-05 -0.000103424323 3.309334086e-06 3.201198434e-06 
 0.002546288465 -0.0002188153475 -0.002201535705  -0.00225920692 0.0001213536588 2.701620221e-05 -0.0009754270916  -0.00144442173 0.0001809573276 0.0001925328141   0.00314299157  0.003847111103 0.0002938866292 0.0002973486682 0.0009912781958 -0.0004901121434  0.003104978719   0.00365882599  0.003676180099  0.003793639189 -0.0001424469306 -0.0002116334501 -0.000221543398 -0.0001599185963   -0.3197236159   -0.3284494771  -0.01990969638  -0.02052484485 2.109896891e-07 -3.202854217e-08 -1.781825514e-11 3.822846281e-05 -1.645531784e-05  0.006287246998 0.0009607949705  0.001362788741 -5.723275753e-06 -9.090716484e-07 -0.0001090977882   0.01428640591   0.01467507602 2.052882086e-09 -0.0002896552397   0.03514979504   0.03611263794 0.0002074863973 -1.118760322e-05 0.0003007683705    0.0052502418 -0.000111591645 0.0005649358003 -8.615417286e-06 -8.706851653e-06 2.732895258e-09 -7.58449118e-05 4.445218612e-07 -1.055230041e-06    0.4452252256    0.4574121373 -0.0001622690328 -0.0001555430474 1.294821523e-06 2.285728466e-06  0.001004486061 -5.60051087e-06 -0.003594458871 0.0003840032474  0.000200761011 0.0003941191526 0.0002053446859  0.003035324396 2.544532287e-05 1.916413215e-07 -7.099937201e-08 -1.166314819e-09 1.333623015e-06 -1.635845024e-06 0.0005372729115 3.085713327e-06 -2.106785076e-06 -2.159152179e-06 1.317717453e-06 -5.785054606e-06 0.0001168706857 1.053421397e-06 6.716640265e-06 1.512013395e-06 -6.260554645e-09    0.3890583108    0.3997059836 -0.004618206002 -0.004756845972    0.1805597912    0.1854450148  0.001850324562 0.0001380056478   0.01224621546   0.01257967024 -1.479407797e-06 -1.609354983e-06 
 0.001863660775  0.004614914082  -0.01207210545  -0.04812210457  0.001328781588  0.005445634968 -0.0006696113772 -0.005109196653 0.0007911523289  0.003213171661  0.004479678971   0.02776575098  0.000578338026   0.00272713238  0.002433694217   0.01508936016   0.01218575228   0.01984600752 0.0001482658791 0.0007714215458 -3.52308983e-05  0.000318048296  0.001601632667 2.102170857e-05   0.00128564474 -0.0003719328741 0.0002075068471  0.000650623973 7.840269767e-07 -2.160721502e-08   -1.639034e-11    0.0552756164 -1.404273463e-05  0.001347138055 -0.0006732634712  0.009832794848 1.020658227e-05 1.059402183e-05 -3.194643454e-05 -6.808351249e-05 -2.936446149e-05 1.284821824e-09   -0.4684404085 -0.0001437344635 2.088029395e-05 0.0001063592875 0.0001893588607  0.000222048624  0.002461457272 -0.006109562735 -0.008745869579 -5.701704966e-05 -0.0001039459714 1.704149093e-09 -5.957159166e-05 5.416234861e-06 9.720116278e-06 -0.001716707806 0.0008181574984 -0.001081255637 -0.003724646312 -6.021184151e-06 -2.845905528e-06   0.01026784615 -9.75572534e-07 -0.003370799558  0.000373681254 0.0001408442095  0.001107810346 0.0005227848053   0.02716861065   0.04332780012 3.543625988e-06  6.05311741e-06 -8.389577322e-10 2.540161092e-05 3.219425368e-05    0.8777122661 -5.527590202e-06    1.206807e-06 3.213942852e-06 1.458414361e-05   1.3888502e-05 -0.003058384247 -5.090400147e-07 3.435527245e-05 9.595276502e-05 -4.237473172e-09  -0.00154264342 0.0006043490621 0.0001074717617 0.0003332956388 -0.0007067663267 0.0003253281951  0.003090825507 -8.871061383e-05 -5.104146618e-05 5.392135959e-06 -1.498055907e-06 -7.81001725e-07 
0.0005966785674 -0.000275508098 -0.003136477249  0.002360423059 0.0002107747718 -0.0001113689193 -0.0004025116332 0.0003214737825 0.0002552563204 -0.000200252964  0.003811105436 -0.003473542074 0.0003510053112 -0.0003034218122  0.001011236984 -0.0007898825016  0.004619292617 -0.003908662135  0.003796534111 -0.003695584819 3.290906442e-06 -0.0001886460732 0.0002060960849 -3.26966925e-06   -0.3284677133    0.3197127532  -0.02045127765   0.01995866158 -1.59772498e-07 -6.811695512e-09 -5.424224738e-12 0.0001642201867 -3.819352274e-06 -0.0001455886484 -0.0008401189631 -0.0006273256728 8.499117781e-07 -1.880736948e-06 3.326277098e-06   0.01468232988  -0.01429383294 3.984196931e-10  -0.00139397742   0.03611311346  -0.03515250211 3.826676899e-05 -1.002719794e-05 -7.35408857e-05 -0.0001698906139  -0.00153177207 0.0002500862907 -1.076120644e-05 8.147053889e-06 5.280460782e-10 5.061993467e-06 1.328969372e-06 -1.747066631e-06    0.4574234352       -0.445254 -0.0002494512343 0.0001735762437 -7.731235598e-07 1.058250412e-06 -0.0003473769062 5.862395267e-07 0.0008175124452 0.0004132934811 0.0002159339627 -0.0003846064112 -0.000202357546 -0.001058598353 0.0001289175194 6.594626956e-07 -7.248588501e-07 -2.672066086e-10   2.7347518e-06 -2.549029018e-06  0.002607215799 -8.845369232e-07 -2.564679387e-08 -9.512963304e-07 2.644597087e-06 -4.006093728e-06 0.0004184496208 1.813808466e-06 6.182435882e-06 -5.096934261e-06 -1.33349158e-09    0.3997092103   -0.3890789343 -0.004739140835  0.004626187011     0.185494191   -0.1805393866 0.0002143372829 1.732924162e-05   0.01258196991  -0.01224679756 1.742420331e-06 -3.354751182e-06 
  0.09176392763    0.0192802871   -0.3367567325   -0.2703608062   0.03688153272   0.02926998877  -0.03888123154  -0.02060793971   0.02368341068   0.01858698389    0.1615208113    0.1251944774   0.01749784048   0.01371328792   0.08886208169   0.07205471461    0.3026593935    0.2273957501  0.004807457741  0.003720259655 -0.0005057796375  0.009762701054  0.007531320727 0.0009145543359  0.002910965039  0.001570240897  0.004240009394  0.003223823585 -4.223758364e-06 -9.878550027e-07 -9.220106091e-10  -0.00276168739 -0.0006043302634   0.01790135528   -0.4170014558  -0.03712874241 0.0002599053873 0.0001277516345 -0.0004410053221 -0.0005774245644 -0.0004681121641 5.468470246e-08   0.02271292688 -0.0004588421264 -0.0002873738284  0.006658411498 0.0009608068866 0.0004031994638 -0.009092285595   -0.5222757365   -0.2212699072 -0.001990157498 -0.001636452321 7.229738138e-08 -0.0001405715055 0.0001889143327  9.75372642e-05  -0.00219283221 -0.0007765351328  -0.02913240416  -0.02185202669 -0.0001485614204 -7.107503493e-05    0.1296165802 3.441888755e-05 -0.008574228202    0.0103590693  0.003894717857  0.008806366261  0.003145820749    0.2868190902 -0.002192007026 0.0001175638177 8.441184586e-05 -4.032252754e-08 0.0007968065998 0.0005783930212  -0.03983211341 -0.0001799584511 2.234831595e-05 3.519395139e-07 0.0004497954055 0.0001399248053   -0.0126143346 0.0002192298672  0.001413061273  0.001069408832 -1.93697844e-07 -0.002925393534  -0.00151987305  0.002507615704  0.002010915415 -0.001130834335 -0.0005522784053  -0.01786450727 -0.001627402901 -0.0001942941266 -0.0001335917821 -8.123193027e-05 -9.561295514e-05 
 -0.03584069282    0.0102633908  -0.09467890266   -0.3603643094  0.009727044685   0.03966515958  0.007670504593  -0.03025090523  0.005519241632   0.02497550265   0.03032177306    0.1652644936  0.004193099653   0.01847209177    0.0147808406     0.100400625   0.04421715039    0.3172983699  0.001138978851  0.005131684533 -0.0009504896381   0.00196642178   0.01015682679  0.001452066932 0.0002625428689  0.003558200737  0.001022206268  0.004683322879  2.47672389e-05  3.72992984e-07 3.766131536e-10 -0.002365795713 0.0002077268937   0.04019001478    0.4914384404    0.2637138418 0.0005190175694 0.0004723854832 -0.0008524990631  4.34020883e-05 -0.0002930927481 -1.997436346e-08   0.02139683603 -1.389902433e-05 -0.0004564728726 -0.003892277828 -0.001014567899 -0.0007624292432  -0.02147601856    0.3396573901    -0.137861211 -0.002235877671 -0.003403783697 -2.637011163e-08 4.112480593e-05 0.0002459476363 0.0003910375281 0.0005519843859  -0.00229168388  -0.00923244735  -0.02975501783 -0.0002008584027 -0.0002624792629    0.0922241425 -7.943751682e-05    0.0344123201  0.004824980875  0.001239691012   0.01180792082  0.004212079455    0.3086481933 -0.002030309662 0.0001507752419 0.0002309614269 1.554154769e-08 0.0009444276414  0.001470483415  -0.03656479771 -1.049376821e-05 0.0001409078342 0.0002016888023  0.000524959252 0.0009031501208    -0.185412789 -0.000121594757  0.001661588602   0.00250017261 7.309865933e-08 -0.0004604136133 -0.003748250553 0.0008177594916  0.002776892486 0.0001281546471 -0.001093629376    -0.353435318 -0.001593498008 9.124070939e-07 -0.0001607199954 9.043829196e-05 0.0001173229466 
-0.0005404088365 -0.0003854747109  0.004322865464 -0.000995542585 -0.0004580137754 0.0001343149362 0.0002810533281 -0.0001930392506 -0.0002827846663 9.327968302e-05 -0.001811406886   0.00069517784 -0.0002109345116 6.730994063e-05 -0.001003284477 0.0005836080528 -0.003257304228  0.001640262585 -5.697943401e-05 2.056807949e-05 -1.660556591e-05 -0.0001113391722 4.552481226e-05 2.597363006e-05 -3.597043001e-05 1.695316893e-05 -5.274844868e-05 1.742921967e-05  3.46990699e-07 -2.753892392e-09 1.560952241e-11 -2.513203082e-06 3.152674066e-06 0.0007230327555 -0.002295250906   0.00145438114   -0.1036513049  -0.06419974938 -1.438105329e-05 5.288383849e-06 -5.524683243e-07 1.427974232e-10 6.440981042e-05 5.175898136e-06 -2.024264006e-06 -2.988564594e-05 -4.243577049e-05 -1.161682877e-05 -0.0008226525486 -0.001379581833 -0.004965945824    0.5226939194    0.5251428974 1.883010396e-10 1.082809885e-05  -0.05556526075  -0.05568965699 2.121408456e-05 -1.668726278e-05 0.0003824751565 -7.958063273e-05   0.04264147577   0.03794245173  0.003137164649 -1.30203657e-06 0.0005003023366 -0.000140018576 -4.892328742e-05 1.637118159e-05 1.236926945e-05  0.007460209652 -5.943549649e-06  -0.03418887326  -0.03426636415 2.692611558e-10   -0.2182289637   -0.2206411745 -0.0001204083469 -3.181658452e-07  -0.02617432801  -0.02614729772   -0.1209662861   -0.1259143115 -0.002391603282 -1.226342659e-06   -0.3838081054   -0.3853291808 1.138925758e-09 3.873904063e-05 -1.352072612e-05 -3.213651585e-05  8.00291295e-06 1.185668309e-05 -5.556547441e-06 -0.006780822907 -1.586335666e-05 2.058680275e-06 -6.037650667e-07  -0.01048597724  -0.01046480848 
 -0.03676634276  -0.03228895959     0.512815944   0.09425390014  -0.05476236325 -0.008621957668   0.02870760522 -0.009980985534  -0.03390725902 -0.004828468983   -0.2183433824   -0.0268215262  -0.02524184272 -0.003668615386   -0.1196560409  0.006805959922   -0.3925152681  -0.02729623302 -0.006789607698 -0.0007900707048 -0.001779349101  -0.01292740775 -0.0009389941027  0.002583262619 -0.003608953674 0.0001863816437 -0.006175234761 -0.0007766682541 2.720778359e-05 3.634705861e-07 4.077533844e-10 0.0006002332368  0.000211947914   0.07801401749   -0.3145607664  -0.02340499353  0.001081550116  0.001026190163 -0.001495563678 0.0005163604328 8.678150052e-05 -1.854709222e-08 -0.002609961849 0.0005140716012 -3.406636236e-06 -0.0006965062785 -0.002531568584 -0.0006315672734   -0.0987544366  -0.09019165497   -0.2779156163 -0.004824531838 -0.007906474138 -2.443727606e-08  0.001478925014 0.0005213340316 0.0008679644673  0.001189299451 -0.001243868848   0.04647354362  0.008579685514 -0.0004062957792 -0.0005709862634    0.1824172863   -0.0001231276   0.02385516235   -0.0222521578  -0.00627981434 -0.009165330129 -0.001383870426    0.3812864627 0.0002675555815 0.0003198733439 0.0005248689946 1.561080031e-08  0.002021096964  0.003364661253  0.003400321854 -5.477933005e-05 0.0002691706765 0.0004267281487  0.001119252109  0.001965611556  -0.08650049087 -4.259599362e-05  0.003545626269  0.005827220645  7.13441949e-08  0.004725524086 0.0009368103652  -0.00409875799 -0.0008989664338  0.001047516155 -0.0001310253173   -0.3340247535 -0.001052567643 0.0002049429382 1.233430414e-05 0.0001404269131 0.0002068017763 
 -0.00320966537 0.0006831871161   0.04945522473  -0.01960823422 -0.005265550119  0.001689288126 -0.005448127764    0.1426379318 -0.003316298388  0.001481821105  -0.02190451091    0.0147610691 -0.002459762792  0.001026730011 -0.002311545126   -0.1596090734  -0.03922798174   0.01957468775 -0.0006675688173 0.0003055995015   0.01439054219 -0.001285515234 0.0006244368739  -0.01981053787 -0.0003619665036 0.0001970735409 -0.0006039114209 0.0002590791826 -0.0001308311358 3.141576837e-08 3.590850011e-11 -8.463811678e-05  9.19063106e-05   -0.6335585416  -0.01970897607   0.01816923705  8.98266353e-05 9.592020427e-05   0.01222374969 5.072383478e-05 -1.519693038e-05 -1.587186895e-09 0.0007984931886 5.154236839e-05 -2.568565657e-05 -3.265198957e-05 -4.408025425e-05  0.002073792506    0.7273948076  -0.01037372342  -0.05654717115 -0.0002031305679 -0.0006146506693 -2.090415053e-09  -0.01038273602 2.204581221e-05 6.770034949e-05 0.0001427081597 -0.000186132508   0.00445391906 -0.001550969212 -1.208715115e-05 -0.0001547113447   0.03306653237 0.0008110622204  -0.03623675075 -0.002001680569 -0.0005981627265 0.0002350367329 0.0001983803778   0.07624397513 -7.619158816e-05  1.35409231e-05 4.015448787e-05 1.356438444e-09 8.511090889e-05  0.000250100971  -0.00134153843 0.0008186351754 1.226848728e-05 3.299365991e-05 3.226006251e-05  0.000274303165  -0.03273907772 -0.0005213351786 0.0001474638047 0.0004306352085 6.164547338e-09 0.0004513711066 -0.0001187906954 -0.0003897470331 0.0001359914327 0.0001067291071 -5.965378679e-05  -0.06198787835  0.008887821603 2.033497565e-05 -8.697645684e-06 7.690308759e-06 1.633596619e-05 
 -0.03056733439   0.09401633076    0.1973817848   -0.3958987434  -0.02156547866   0.04135672103   0.01630749234   -0.0350505188  -0.01366972835   0.02585316005   -0.0914861966    0.1717964106  -0.01011775794    0.0191393493  -0.04963526875   0.09144238197   -0.1664870924    0.2901778326 -0.002899450239    0.0051189934 8.966208176e-05 -0.006017089204  0.009408410913 0.0001212423577 -0.002017982571  0.002318509961 -0.002408613311  0.004759912587 1.398646929e-05 2.910331811e-07 3.495319992e-10 -0.002036210564 0.0001800395041 -0.007772395333   0.01539508973   -0.4940663176 -0.0009227801494 0.0007106282301 0.0001024681955 0.0002675335376 -0.0002454728586 -1.431893688e-08   0.01216996682 0.0002781579856 -0.0003130964418 -0.001738146315  0.006323780489  0.001560087745   0.02191312954    0.1983603901    -0.257488808  0.006577348036 -0.005148018966 -1.883929461e-08 -0.0005937211528 -0.0006936328884  0.000570765039  0.003405370742  0.001673369829   0.01733770321  -0.03318418695 0.0004580957195 -0.0003536468137   0.05820305686 -2.037142693e-05  -0.04910374989 -0.003604650231 -0.002270351392   0.01926440412  0.004857873849  -0.09833131551 -0.001166628739 -0.0004280398142 0.0003443605619 1.275413725e-08 -0.002753864152  0.002210092305  -0.01852682875 3.229547712e-05 -0.0003096198509  0.000291507915 -0.001518516494  0.001301074157    0.2084698007 -0.0001508418959 -0.004873566854  0.003857504882 5.712759066e-08 -0.001758725884 -0.006793853764 -0.001433807763  0.003226446185 0.0006110095569 -0.0005689403276    0.4655030738 -0.0006311601006 0.0001070954394 -0.0001177118101 -9.935819633e-05 0.0001480118061 
0.0004916641427 -0.0007564430472  0.001107744276  0.003267893393 -0.0001382658765 -0.000364852173 -8.819351666e-05 0.0002638478172 -6.216054781e-05 -0.0002045899743 -8.161677592e-05 -0.001043653785 -0.0001399313743 -0.0002475199021 -0.0001772580991 -0.0006995459797 -0.0005500693608 -0.002145929651 -0.001076148714 -0.001135160555 -1.526872591e-06 8.920978427e-05 3.817525771e-05 2.464848364e-07  -0.08032836593  -0.08253352311  0.006449795351  0.006604764734 -1.921292282e-07 -4.637809091e-09 -5.659831657e-12 1.562369982e-05 -2.90047342e-06  9.71776734e-05 -0.001946799592    0.0037854163 7.872954784e-06 -4.790604635e-06 -1.578132246e-06 0.0004947305804   0.00050989255 2.262578016e-10 -9.248033465e-05  0.007532662161  0.007740186316 5.417053024e-05 -4.815610685e-05 -7.940523822e-06 -0.0002254272263 -0.001623044346  0.002272803871 -5.790138748e-05 3.288722013e-05 2.975885168e-10 5.299812206e-06 6.080395699e-06 -3.837148609e-06    0.4170386816    0.4284247505 0.0001141436069 0.0002832007111 -3.953901905e-06 2.316274941e-06 -0.0004659650683 3.194451658e-07 0.0003278476296 -0.001049551558 -0.0001086487789 -0.001167025553 -0.0001372380805 0.0008149516299  8.78233183e-06  3.74205976e-06 -2.265922499e-06 -2.042940614e-10 2.403333107e-05 -1.460813424e-05 0.0001353717984 -6.360760204e-07 2.596067983e-06 -2.06726604e-06 1.331962194e-05 -8.95937098e-06 -0.001664006452 2.130807791e-06 4.288016837e-05 -2.512537611e-05 -9.109254388e-10   -0.5528513799   -0.5679068489  0.002663279897  0.002719484782   0.01983521343   0.02037845391 -0.003634096967 3.177852899e-06  0.002259038388  0.002321302024 2.518372421e-08 -1.922261806e-06 
-0.0008276145134 0.0004568836814 -0.0007780672678  0.002584052374 7.699377707e-05 -0.0002657600824 0.0001747568029 -3.720573398e-05 4.156358849e-05 -0.0001487509161 0.0002013478521 -0.0007761369822 3.189111429e-05 -0.0001133455017 9.142965588e-05 -0.0004441675656 0.0003099122838 -0.001377142746 1.107563851e-05 -2.465659808e-05 9.054396504e-07 2.980996067e-05 -5.503580183e-05 3.158992126e-07 8.217092677e-06 -1.59106142e-05 9.751929287e-06 -2.814957273e-05 2.399127634e-07 3.000352382e-10 1.784885521e-11 2.509919603e-06 4.845566507e-06 -9.708925469e-05  0.005488094352  -0.01393526183   0.07570067631  -0.07104298484 2.947573211e-06 7.055598923e-07 3.564826842e-06 -1.450687503e-11 -6.190345191e-05 -6.543915744e-07 2.428362745e-06 -8.382763451e-05 4.989956669e-05 2.222427523e-05 -0.0001859385449  0.004723455442  -0.01228288156   -0.5228894948    0.5230205938 -1.904693993e-11 5.154449748e-06    0.0556866606  -0.05557972414 5.374893783e-06 1.102794204e-05 -7.254109348e-05 0.0002230272017  -0.03650207055   0.03594109896  0.005926498756 -4.051173719e-07 -0.0007939336422 -5.910785696e-05 6.194664528e-06 -0.0002110808204 -3.078327879e-05   0.00437649874 6.293235275e-06    0.0343370044  -0.03426210246 3.746163403e-10    0.2198850235   -0.2213201944 8.711284711e-05 1.058544611e-06   0.02642995214  -0.02699966775    0.1210958245   -0.1251805436  0.004618233957 -2.586573228e-06    0.3887352814   -0.3874971749 1.578271286e-09 -2.340828663e-05 8.281935602e-06 4.536579236e-06 -2.047194982e-05 -1.372758441e-06 4.872118534e-06    0.0022197592 4.181117048e-06 -5.286230698e-08 1.123764578e-06   0.01076506626  -0.01105157391 
0.0007854425053  -0.02832224857   -0.2323458855    0.3732529879   0.02486467204  -0.03910064162 -0.009246765387    0.0190226409   0.01530811142  -0.02361048106   0.09770561613    -0.146426161   0.01139261752  -0.01765607313   0.05272110638  -0.08022909411    0.1737412576   -0.2550453406  0.003312683102 -0.004422426175 -2.301251203e-05  0.006852182569 -0.007439996543 -0.0001027266224  0.001378501742 -0.002482350913  0.002764916405 -0.004332969135 -5.715986799e-06 -7.336183705e-09 -9.075121122e-12  0.001173802063 -5.649968102e-06 0.0002568773168    0.3233314768   -0.4559712105 -0.001341415501  0.001359684485 7.833121117e-05 -0.0002110162402 0.0002505981563 3.506395978e-10 -0.009598613415 -0.0002012657848 0.0003201002995 -0.001294189479 -0.0007133501326 0.0003727432518  -0.02119436819    0.0819254937   -0.4505987229  0.009537275163   -0.0101211254 4.608257672e-10  0.000600997865  -0.00101617616  0.001075523481 0.0007305115817  0.001177369456  -0.02118907038   0.03195899111 0.0006538154736 -0.0006901478547    0.2515211441 1.241381395e-05  -0.01933268075  0.003594774234  0.002816714168  -0.02564356103 -0.004751481553    0.2165878099 0.0009301272288 -0.0006266179591   0.00066278334 -3.226170307e-10 -0.004012822381  0.004277734877   0.01407248719 4.338013311e-06 -0.0004828244488 0.0005209534671 -0.002207340387  0.002416371374    0.1535353566 5.053133978e-05 -0.007097038701  0.007485719951 -1.424203933e-09 -0.003608886847   0.00205488645  0.001814370522 -0.003145161053 -0.0003611981179 0.0005921081217  -0.08268065888 0.0005410842077 -7.768971478e-05 0.0001249712687 -0.0001973387119 0.0002120660253 
0.0007440760251  0.002459288096 -0.009364287738  -0.02066203055 0.0009061940295  0.002070483663 -0.0003279159119 -0.001015772605 0.0005137923865  0.001213742324  0.002358581799  0.006693193775 -0.001519357932 -0.001057264474  0.001639333554  0.003965013608  0.004523143822   0.01182550209   0.02500931647   0.02594857314  5.39193858e-06    0.1078541881    0.1115184261 1.534301488e-06 0.0002077910965 0.0002636149932 -0.006089054993 -0.006169929417 -7.372198662e-08 -6.648926391e-09 -8.846558188e-12 -6.312383414e-05 -4.159612949e-06 -0.000315808855  0.007270269102  0.006297508084 -3.045940226e-05 -8.379087589e-06 1.946073569e-06 -0.001959471049 -0.002030086307   3.0856937e-10 0.0004435034284 -0.0003914508127 -0.0004115633576 1.628711367e-05 0.0001211401802 -1.129959779e-06  0.001272601207 -0.006660792686  0.002875120821 2.622023715e-05 7.478089118e-05 4.050945416e-10 -3.451782056e-05 -2.871684183e-06 -8.512680065e-06 -0.000465315956 -0.0004097803704 -0.0009450779245 -0.001842870638 6.509669169e-06 5.163673187e-06 -0.006538049236 5.769216863e-07 0.0001551867266   -0.6868261986  0.001383231078   -0.7082863335  0.001563962637 -0.007064500122 -4.299542253e-05 -1.66810132e-06 -5.020909038e-06 -3.013082487e-10 -9.333808051e-06 -3.136034519e-05 -0.0005985139188 -1.000850034e-06 -9.733029252e-07 -3.51048021e-06 -6.067288571e-06 -1.897421828e-05 -0.000985974749 2.551077479e-07 -1.438479566e-05 -5.39899887e-05 -1.309750369e-09 0.0008454897999 0.0006859433843 -0.003022748143 -0.003025227422 -5.031155341e-05 -6.16435813e-05   0.01084933714 -2.189820009e-05 1.435225586e-05 1.192233846e-05 -8.693636488e-06 -1.000996688e-05 
 2.16013588e-05 -0.0002139827361 -0.001294906177  0.001825412418 0.0001637874725 -0.0002149303211 -4.687739419e-05 9.204969702e-05 8.029263967e-05 -0.0001098614694 0.0002233992104 -0.0003974884651 0.0001557403771 -0.0001749121796 0.0002692758755 -0.000364662251 0.0008246382752 -0.001094544709  0.001107005857 -0.001090567097 -5.056814928e-07 -9.194594326e-05 5.405022432e-05 -3.467240995e-07   0.08252183822  -0.08033306191 -0.006623531764  0.006446914839 -3.146089959e-08 -1.90113567e-10 -2.580759062e-13 5.173856528e-06 -1.399804593e-07 3.006663797e-05  0.001649317031 -0.0003707834023 -9.534262539e-07 1.106382113e-06 -2.163214736e-07 -0.0005094952046 0.0004965291631 8.644185289e-12 -3.691968034e-05 -0.007738757707  0.007533705821 -6.260442609e-06 -1.024698306e-05 3.166981879e-06 -0.0001053148135 -0.001127955524 -0.0005577463388 7.020940418e-06 -8.362249886e-06 1.133975349e-11 2.980572227e-06 -7.812366692e-07 9.032360937e-07   -0.4284228064    0.4170557401 -0.0001238028657 0.0001616885677 4.579938343e-07 -5.575200176e-07 0.0004515226788 2.882718008e-08 -7.011385994e-05  0.001128904362 0.0001116263416 -0.0009715575262 -0.0001176462764 0.0001998507134 3.557403186e-06 -4.658237443e-07 5.444107411e-07 -8.645332855e-12 -2.813829933e-06 3.350706393e-06 4.950576889e-05 -1.313165696e-08 -4.074065062e-07 4.493097987e-07 -1.628229953e-06 1.945534134e-06 0.0004044792855 3.293127106e-07 -5.204299346e-06 6.079684236e-06 -3.722462715e-11    0.5679364182   -0.5528559407 -0.002736015212  0.002658453712  -0.02037760008   0.01983587403 -0.0005133971504 1.829100572e-06 -0.002320987227  0.002259376791 4.461916213e-07 -4.467499771e-07 
  0.06589621978    0.0030401423   -0.2080617494  0.009691866705   0.02008293006 -0.001362838374  -0.01674370453  0.001481444015   0.01166750934 -0.0009752025953    0.0666821244 -0.008397806225  0.008927864653 -0.0009415028332   0.03899691556 -0.004456977843     0.106668183  -0.01321765176  0.000121644949  0.002676576994 5.240356311e-05 -0.005328372492   0.01223987562 -0.0001144881209   0.00101401057 -0.0003716707834   0.00246156953 -0.0009952474557 -3.525420046e-05 -5.533515142e-07 -8.022210776e-10 -3.078848287e-05 -0.0003738796562 -0.004098266381   -0.5635025388   -0.1912022524 -0.000183895289  6.49718887e-06 7.458523183e-05 -5.695255471e-05 -0.0003353222382 2.415681877e-08 -0.0002792416875 -0.0001205149637 -3.313887359e-05   0.00556585603  0.000796281266 -0.0002302277704  0.003684767333    0.6906027335     0.209574085  0.000547169308 -0.0003551123081 3.164523529e-08 -7.052125289e-05 -7.274439962e-05 -6.489057813e-06 -0.0009976456628 0.0005347096451  -0.02048998813 0.0007571194478 4.588586276e-05 -8.76496505e-06   0.09077587027  8.30797386e-05   0.01122549481   0.07057756092  0.003229768469  -0.08102970576 0.0002918128614    0.1108490083 8.742674186e-06 -4.297599662e-05 9.887923343e-06 -2.578090446e-08 -0.0002400181542 8.993390571e-05 0.0004099553812 -7.285133427e-05 -7.095814226e-05 -2.749287375e-05 -0.0001320967733 -3.719759555e-05  -0.08332494171 0.0002999557558 -0.0003889353707 0.0001983758774 -1.089403564e-07 0.0002990886359 -0.000285898954  0.002389206372 -0.0003091293909 -0.0002470890975 2.308922768e-05   -0.1377061481 -6.882043568e-05 -7.344623269e-05 -6.962037478e-06 -7.892509721e-05 -6.589378901e-05 
 0.007985172684 -0.001236615953  -0.03543279772   0.01496103665  0.003449820596 -0.001527021322 -0.002291262378 0.0007873543972  0.002000641101 -0.0009019661681   0.01094748577 -0.005002841675 -0.0004585533075   0.00121687702  0.006620642282 -0.003074842041    0.0184752908 -0.008924310975   0.02601525556  -0.02492888145 2.591765375e-06    0.1114572937   -0.1072470988 -1.761516346e-05 0.0003336876645 -0.0002704246171  -0.00601695894   0.00597347042 -4.54124111e-06 -6.664205082e-08 -9.738093596e-11 2.935175708e-05 -4.547529107e-05 -0.0002568220137  -0.05393901087  -0.02522615853 -2.546471284e-05 5.276784824e-06 7.372921615e-06 -0.002042450306  0.001935444248 2.891818799e-09 -0.0002639394823 -0.000421034191 0.0003928902225 0.0006059462959 1.857422293e-05 -1.799972422e-05 -0.0002836463083   0.07090625281   0.02492254171 9.262987632e-05 -7.665842795e-05 3.787483381e-09 1.389716181e-05 -1.165456373e-05 2.871529914e-06 -0.0005315730751 0.0004799219777 -0.003500555141  0.001344371609 7.081368745e-06 -3.250598658e-06    0.0156467912 1.034387039e-05 0.0006795460537    -0.705190521  0.001828805091    0.6819765066 -0.001409551498   0.01297686339 2.301921462e-05  -6.9245144e-06 3.394990778e-06 -3.113093809e-09 -3.961153046e-05 2.446947952e-05 0.0003320571868 -8.708733023e-06 -9.201019909e-06 -2.256551745e-06 -2.194504534e-05 3.420845331e-06 -0.005726759746 3.879562049e-05 -6.570777867e-05 4.749641391e-05 -1.312001692e-08 0.0007990645976 -0.0007779915527 -0.002852681312  0.002967525495 -8.073377361e-05 5.520181269e-05  -0.02099688238 2.257223572e-06 6.233257842e-06 -1.453915951e-05 -1.788912932e-05 3.631068995e-07 
 0.003035514966  -0.03515459586   0.01275878298  -0.08365736072 -0.001337710086  0.007326393472 -0.0003410980144  0.003694124293 -0.0008131154999   0.00444707915 -0.005089813328   0.02866472287  -0.00061080059  0.003205798964 -0.002531625163   0.01192500854  -0.00826035757   0.03878642769 -0.0002570576879  0.001157126633 1.983387494e-05 -0.000693357701  0.002726095053 -5.368035928e-05 -9.543467156e-05 0.0003933927037 -0.0001370923465 0.0006329864928 4.765251492e-06 -2.372779397e-08 -3.75682241e-11 0.0001625868177 -1.28665078e-05  0.004125641591  -0.02913847639    0.1892033015 -2.471834761e-05 6.695859428e-07 -0.0001755936062 1.083190833e-05 -6.283626848e-05   9.7004405e-10  0.001103844115 1.167201923e-05 -4.942638594e-05 0.0003143185813 -0.004089484062   0.00134880833  0.009973983236   -0.0133613571    0.1185803521 -2.85500079e-05 0.0001121143581  1.26800249e-09 -0.0002637796934 2.588209809e-06 -1.376532135e-05 9.008909841e-05 -0.000259964401  0.001154688335 -0.008308868392 2.768657933e-06 1.674595682e-06    0.6583929021 -2.062762894e-05  -0.06244076299  0.001913629877 -4.969520192e-05 -0.003782075902  0.001627954244   -0.3388187392 -0.0001051822579 1.685186728e-06 -7.843796148e-06 -1.141920962e-09 1.241319073e-05 -4.928105719e-05  -0.00124679086 2.545256644e-06 -2.532150098e-07 -7.479710414e-06 6.042203746e-06 -2.878224091e-05    0.5668053323 -1.159534516e-05 2.299170234e-05 -7.709755804e-05 -4.693329597e-09 -1.934316346e-05 5.486656695e-06 -9.088669528e-06  0.001044846293 1.678167922e-05 -6.369838043e-05   -0.2536751316 3.710490027e-06 3.354532428e-06 -1.810072769e-05 -2.25729856e-06 -5.39538539e-06 
 -0.02201685344   0.03138497248   0.06122776726  -0.08914465429 -0.005728294903  0.008315054976  0.004941720004 -0.006368942772 -0.003270028089   0.00461329593  -0.01793481773   0.02300625705 -0.002440987672  0.003448667145   -0.0107258178   0.01456782524   -0.0282047661    0.0389728401 -0.0008677870363   0.00123723344 4.113364257e-05 -0.002095826276  0.002859937188 -4.701717726e-06 -0.0002593877119 0.0005034360513 -0.0004714784202 0.0006921115631 1.506064071e-05 1.693222456e-07 2.724788846e-10 -0.0003143955114 0.0001265551802 -0.004520457764    0.2150334494   -0.5412846618 3.827582313e-05 -1.725504791e-05 0.0001023868593 8.165705085e-05 -2.343202618e-05 -6.790704058e-09  0.001187058892   4.3115173e-05 -4.838203082e-05 -0.001964269069  0.002493840341 -0.0001354246618  0.006712537891   -0.2570468001    0.6433591991 -9.947874085e-05 0.0001729984563 -8.871163691e-09 -0.000172710164 1.512726916e-05 -4.99378792e-06 0.0001860757394 -0.0003183632904  0.006217395208 -0.008567965122 -7.655825053e-06 9.371902826e-06    0.2409467062 -2.633835714e-05   0.02550735572  0.003089064707 -0.001077193104 -0.003640940324  0.001826558705    0.1331190798 -0.0001028661592 8.725555571e-06 -6.941506733e-06 8.181129308e-09 4.491831876e-05 -4.924584271e-05 -0.001221113166 2.542914535e-05 1.831292224e-05  5.48516928e-06 2.474156749e-05 -3.309156316e-06   -0.2406867398 -0.0001428278357 6.929596572e-05 -9.493054206e-05  3.33768177e-08 -8.208119463e-06 1.123295417e-06 -0.0006410586876  0.001149495401 5.980399832e-05 -6.018187879e-05   -0.1712310632 1.069352243e-05 1.914106591e-05 -1.325062444e-05   2.3116667e-05 1.873011862e-05 
-4.234278037e-05 -6.559242895e-05  0.001982505535  0.001888677996 -5.010100993e-05 -3.872840164e-05 3.025876589e-05 3.247306347e-05 -8.216746115e-05 -7.737166576e-05 -0.0003137222563 -0.000280629393  -0.01041458812  -0.01068982956 -0.0002559806587 -0.000241526222 -0.0006411568972 -0.0006047034568   0.01310737567   0.01347364943 -5.257602044e-07 0.0007970838261 0.0008216379812 -1.520296706e-06 -0.0002754364768 -0.0002830153205  -0.09848269641   -0.1011816111 -8.973368528e-08  2.87978339e-10 5.233034528e-13 1.786995372e-06 1.009715719e-07 1.881495784e-06 0.0001642925968 -0.0002810093534  1.25809608e-07 1.786530711e-07 1.544368406e-06 -4.019773464e-06 -4.179739426e-06 -1.028649701e-11 -1.802925592e-05 -0.0001124631812 -0.0001157127276  1.41213257e-05 7.664140692e-06 -6.394258613e-06 -6.272664017e-05 -0.0004639342933 1.701715299e-06 -1.760170168e-06 -1.66658341e-06 -1.33922029e-11 4.005835138e-06 1.524306855e-07 1.560608659e-07 0.0003221709826  0.000332823241 0.0002447736302 0.0002117571375 -5.133431465e-08 -6.655777087e-08 -0.001678908968 2.612447824e-07 -0.0001238028786 -0.001727445888  -0.09480532738  -0.00177262799  -0.09751314293 0.0008324820371 1.509477557e-06  1.03100838e-07 9.938982022e-08 1.457700357e-11 5.160658417e-07 4.934318203e-07 1.483969309e-05 -2.890999948e-09 2.841075192e-06 2.911033173e-06 3.212262246e-07 3.606612539e-07  0.001521135187 1.810417357e-07 8.718750837e-07 8.219415551e-07 5.705534293e-11  0.002431999451  0.002500012733    0.6836955147    0.7025064694 2.881643118e-05 2.960824544e-05 -0.0008536855812 1.743505188e-07 2.713006141e-05 2.786526663e-05 7.402767107e-06 7.602993523e-06 
0.0003969722998 -4.026088971e-05 -0.004585927388 -0.003856726514 0.0003621665263 0.0003043246924 -0.0001083319262 -4.272963415e-05  0.000197937826 0.0001634932618 0.0007313439566 0.0005084256905   0.05688678216   0.05848612978 0.0005889718218 0.0004848498069  0.001454985175  0.001197697088   0.01120594148   0.01151972694 1.122079409e-06 -0.0007190170607 -0.0007616076623 3.692106293e-06  4.59657302e-05 4.392262765e-05    0.0112643625   0.01156294779 -1.858926646e-07 -2.671553445e-09 -4.892048287e-12 -2.542108816e-06 -2.114053296e-06 2.543778883e-05 -0.0005182538481  0.001445213474 -8.868237546e-07 -4.109203341e-07 -4.731362639e-06 8.500117833e-06 9.156476269e-06 9.423608804e-11  3.55401079e-05 -5.437274793e-05 -5.559787597e-05 2.583645209e-06 -3.524739249e-05 -6.257904972e-06  8.63859401e-05  0.001163106976 -0.001013218105 4.248642971e-06 3.135445119e-06 1.226454726e-10 -7.997795221e-06 -4.932617727e-07 -5.229560232e-07 -4.228384826e-05 -4.214191977e-05 -0.0005715164788 -0.0004411291183 1.718820068e-07   1.2551652e-07  0.006866832942 3.047924268e-07 0.0007365166868 -0.0008457575042   -0.6880388957 -0.0008504272979   -0.7080850298 -0.003391030699 -3.083060014e-06 -2.734694844e-07 -2.327637308e-07 -1.354586912e-10 -1.246989726e-06 -1.005875902e-06 -2.870394095e-05 -3.045461019e-07 -1.522238546e-05 -1.560758061e-05 -7.920431395e-07 -1.063331552e-06 -0.007228941908 2.441793902e-06 -2.064957953e-06 -1.595105799e-06 -5.280836576e-10 -0.0002694041446 -0.0002765418781  -0.09322349057  -0.09579655989 -1.567968189e-05 -1.575981939e-05   0.00375844721 -7.939962172e-07 -0.0001175820257 -0.000120898135 -4.435456031e-06 -4.54711777e-06 
 0.002792685907  -0.03600496166  -0.00797076063   0.07190665773 0.0007577839733 -0.005533107536 -0.0006778630212  0.005065731394 0.0004390865654  -0.00320631338  0.002523133864  -0.01915538152 -0.0005664959328 -0.002861280318  0.001414653257 -0.009029924811  0.003668194565  -0.02337063615  6.85712401e-06 -0.0008803633071 -9.708078021e-06 0.0002635170751  -0.00167050745 2.303465172e-05 3.220682693e-05 -0.0002705082786 -0.0005785321249 -0.0006321228509 1.510623886e-06 -1.85864558e-08 -3.43350955e-11 0.0002700571782 -2.223204841e-05  0.005102947586  -0.01913919774    0.1414204863 -1.398635216e-05 1.446925492e-05 -0.0001739929828 -9.481799719e-06 2.592655851e-05 6.479136429e-10 -0.0006796987377 -5.088958349e-06 2.665028752e-05 0.0001919410058 -0.003600842284 -0.0006573914901 -0.008116947656   0.02309779239   -0.1688091431 1.199262131e-05 -5.667085194e-05  8.42969314e-10 0.0002330307072 -1.726381118e-06 4.301878115e-06 -1.842557554e-05 0.0001129573393 -0.000737237127  0.007748284763 2.087275906e-06 -4.682563729e-06    0.5615492778 -1.339342419e-05   0.05169899556 -0.0002024964693  0.009901226039 0.0008034322611  0.004889915278   -0.2747677763 5.652623031e-05 -9.880029101e-07 2.978613128e-06 -9.450669802e-10 -5.046498887e-06 1.910557733e-05  0.000536411495 -7.427829656e-06 -1.768697909e-06 1.259997325e-06 -2.88706057e-06 7.716622532e-06   -0.6668878116 5.230310529e-05 -7.190187671e-06 2.863745692e-05 -3.670585961e-09 1.317535118e-05 2.653225104e-05  0.004781090267 0.0005441181639 -6.535231347e-06 2.770950635e-05    0.3231233628 -2.259360379e-05 -4.909508923e-07 1.038465747e-05 -2.444615708e-06 -1.314810097e-06 
-0.0001694555899 0.0002329068008  0.002056016918 -0.002167076984 -5.289057986e-05 6.296312367e-05 4.784891419e-05 -5.513502447e-05 -8.525339126e-05 8.989576842e-05 -0.0003268748483 0.0003600370488  -0.01068849633   0.01042375538 -0.0002670901889 0.0002770909271 -0.0006632275204 0.0006945058154   0.01347067745  -0.01310713378 1.145281448e-06 0.0008182642506 -0.0007923362957 2.042967813e-06 -0.0002829144904 0.0002769785501   -0.1011901406   0.09847632652  7.04339903e-07 1.096645181e-09 2.072280793e-12 -2.685255723e-06 1.488808586e-06 -2.294468668e-05 0.0001688284517 -0.0004079798534 3.852252936e-07  -1.7635451e-07 -2.387444141e-06 -3.945334253e-06 4.242275057e-06 -3.718538749e-11 1.899812364e-05 -0.0001155373661 0.0001125265281 -1.234319143e-06 8.744752771e-06 8.946074193e-06 8.972153143e-05 -0.0004650734757 0.0007891024124 -1.845979901e-06 2.144453387e-06 -4.834444675e-11 -6.336409004e-06 1.808870341e-07 -9.392063818e-08 0.0003311972169 -0.0003243638601 0.0002538413958 -0.0002416398869 -7.667189753e-08 7.932823249e-08 -0.001079068554 -1.844246708e-06 -0.0001177951378  -0.00177423003  -0.09757856328  0.001722497626   0.09478942892  0.000521991758 -1.514942511e-06 1.186413501e-07 -9.452420388e-08 5.623595168e-11  5.65551284e-07 -5.30273691e-07 -1.474246141e-05 2.516442829e-07 2.979892451e-06  -2.7457604e-06 3.515213338e-07 -1.842425962e-07  0.001612609126 -3.006567547e-06 9.237733787e-07 -9.67337852e-07 2.165516796e-10  0.002498854044 -0.002433044228    0.7024920712   -0.6837024849 2.967284465e-05 -2.88484617e-05 -0.0006845790087 4.820490519e-07 2.788142003e-05 -2.713229793e-05  7.78113652e-06  -7.3021157e-06 
-0.000397984586 0.0004873363516  0.004650130124 -0.004772333311 -0.0003661498744 0.0003744381814 0.0001070134321 -0.0001163133219 -0.0001998779223 0.0002045379633 -0.0007302747853 0.0007673743864  -0.05853735974   0.05687610832 -0.0005938059481    0.0006019268 -0.001464940487  0.001496248859  -0.01153263642   0.01120412742 3.173371869e-06 0.0007422334964 -0.0007163913035   5.1433381e-06 -4.700335113e-05 4.813638594e-05  -0.01157864853   0.01126832092 2.029704499e-06 2.544072202e-09  4.85465359e-12 -5.614843014e-06 3.721810072e-06 -4.286404699e-05 0.0003320075537 -0.0006746427377 8.717799229e-07  -3.7813991e-07 -7.431044258e-06 -8.843271045e-06 9.602718758e-06 -8.52422133e-11 4.086623076e-05  5.59198818e-05 -5.422343699e-05 -2.374713577e-06 1.410525279e-05 4.628613453e-06 0.0001822553824 -0.0009699719631  0.001452378964 -4.273868703e-06 4.873619318e-06 -1.107882328e-10 -1.510766322e-05 4.918848385e-07 -2.79341116e-07 4.334776575e-05 -4.319876266e-05 0.0005846636183 -0.0005407005339 -1.678460627e-07 1.702467035e-07 -0.001551214041 -5.397554121e-06 -3.538910768e-05 0.0008670244321    0.7080818935 -0.0008385237415   -0.6881042439 0.0007412605647 -3.286240241e-06 2.723279553e-07 -2.106914281e-07 1.309581108e-10  1.23719261e-06 -1.120863847e-06 -3.103099968e-05 5.931895587e-07 1.564332227e-05 -1.482795642e-05   7.9169022e-07 -3.870231738e-07  0.002507709599 -7.744656081e-06 2.058505734e-06 -2.112415131e-06 5.024738149e-10 0.0002768997249 -0.0002697308027   0.09584788687  -0.09325249789 1.607200771e-05 -1.543273699e-05  -0.00100173697 1.351820319e-06 0.0001209776977 -0.0001174625445 4.577232459e-06 -3.818577726e-06 
0.0005792743803 0.0003840625051 -9.684451606e-05 0.0003267463358 7.372467784e-06 -2.352724492e-05 -7.46653099e-05 0.0006673943954 4.344529893e-06 -2.108466285e-05 2.235523369e-05 -7.193966471e-05 3.865330398e-06 -1.13347147e-05 1.720202655e-05 0.0001299091324 2.822003073e-05 -0.000189536038  8.81406943e-07 -3.725667084e-06    0.2623624759 2.222548757e-06 -6.715164002e-06    0.1111877604 -7.019901293e-07 -2.152816804e-06   6.8555491e-07 -3.709783926e-06    0.1521969437 -3.490885355e-09 -6.964557713e-12 -2.133878676e-06   0.07392355723 -0.007841829353 -7.980295575e-05 -5.927138793e-05 -3.742561752e-07 -2.526930066e-07   -0.7277315174 -7.852650084e-07 -6.585910055e-07 1.105077393e-10 -2.823694327e-06 -1.511721601e-07 -2.151677991e-08 8.673186968e-05 6.093635785e-05 -1.391339714e-06 -0.002420328857 3.202629297e-05 -4.23909014e-05 -3.731998052e-09 -8.730636692e-07 1.434198606e-10    -0.353186961 -9.353250871e-08 -1.956156419e-07 2.026273032e-07 7.191600607e-07 -3.832004643e-06 4.906186983e-05 5.606307402e-09 -1.91355217e-07 -8.693275387e-05   -0.4254398354 4.402258344e-05 -1.158271075e-06 -6.49284224e-06 2.063857032e-06  1.13591949e-05 7.970467071e-05 1.514394444e-07 -4.833011026e-08 -3.308723873e-08 -1.829171127e-10 -1.150015292e-07 -5.294225605e-08 2.725823481e-06  0.009416767421 -2.765389466e-07 -2.527447361e-07 -5.934159943e-08 -5.372618053e-07 -4.163084698e-05    -0.223130671 -8.035885078e-08 2.002153706e-07 -6.904282891e-10 2.255882505e-08 1.905306112e-07 -2.867751727e-06 6.202369651e-06 -2.340971071e-07 -1.079053998e-07 1.233943913e-05   0.06997776303 -1.334328854e-07 -8.244653631e-08 -4.372600847e-07 -4.460061281e-07 
  0.00126487706 -0.000249796238 -0.0001409213331 -0.0001422056282 9.124041938e-06 9.167682531e-06 -0.0001303835469 -0.0002617234819 4.951716017e-06 9.078794915e-06 2.596504641e-05  2.73668611e-05  4.19554241e-06 4.198695877e-06 2.507545034e-05 -5.072763921e-05 2.011494792e-05 8.021815321e-05 8.145473045e-07  6.14780294e-07   -0.1566562325 2.691602841e-06 2.702951116e-06  -0.06357244981 -1.703138955e-06 -1.764358976e-06 5.392469099e-08 1.466469179e-07    0.2547493333 -7.137070954e-09 -1.489026766e-11 8.776367665e-07    0.1287735725  0.003501174982 -0.0001519180123 4.470634311e-05 -1.401638558e-06 -3.168696497e-07    0.4351355271 -1.563643614e-06 -1.606715591e-06 2.119207241e-10 3.784107257e-07 -2.821613838e-07 -2.884384342e-07 0.0002041420246 -2.080992811e-05 -1.052570392e-06  0.001001451072  4.07675838e-05 7.828867078e-06 -7.267172051e-09 -1.31804331e-06 2.746190712e-10    0.2005139608 -1.892870966e-07 -4.499804157e-07 4.872038138e-07 5.028983543e-07 -1.31927899e-06 -1.325242878e-05 4.914597778e-08 5.999433682e-08 4.124702022e-05    -0.712048961 -1.68451849e-05 -1.125538705e-06 -1.725930485e-06 -1.131821417e-06 -1.689862685e-06 -3.432158086e-05 -2.993875808e-07 -9.681256222e-08 -1.017960044e-07 -3.80748849e-10 -2.194597829e-07 -2.739847459e-07 -1.082990632e-06 -0.004989199987 -5.619342118e-07 -5.387105572e-07 -1.214750932e-07 -1.084249432e-06 1.188313291e-05   -0.3899386649 -1.24753894e-07 7.285407225e-08 -1.41292822e-09 9.403776942e-08 9.542002984e-08 -5.002977514e-07 -6.120873337e-07 -4.416523232e-07 -4.538348379e-07 -3.966413257e-06  -0.03581656935 -2.596478747e-07 -2.665713019e-07 -8.93520893e-07 -9.218297832e-07 
 -0.00108199203 0.0002271696555 0.0001286648084 -0.0005657798993 -8.510408299e-06 3.516471353e-05 9.895242616e-05 0.0002640163502 -4.961878463e-06 3.082522079e-05 -2.445807971e-05 0.0001025746298 -3.906862444e-06 1.566312644e-05 -1.593974958e-05 -0.0004177923638 -2.599330443e-05 0.0002263798241 -8.201834501e-07 5.461871939e-06    0.1202200691 -2.488707665e-06 9.737253552e-06   -0.2323770662  1.23764253e-06 3.189821759e-06 -2.316503469e-07 4.513494805e-06   0.08870427853 5.577718695e-09  1.22877664e-11 -9.906784248e-07   -0.1518454658 -0.003415445554  0.000104679405 -4.184547999e-05   1.0919585e-06 2.407850515e-07   -0.3376046687 1.225607013e-06 1.089649936e-06 -1.516140351e-10 4.026559567e-06 2.344248071e-07 8.908839329e-08 -0.0002080350433 1.003318248e-05 2.170653822e-06  0.005868848836 -2.904057645e-05 7.058810184e-05  2.37870424e-08 1.233596722e-06 -1.960897216e-10    0.7128438848 1.476204353e-07  3.35476482e-07 -2.872183685e-07 -8.085200454e-07 -5.841154547e-06 -9.615113161e-05 -2.347002217e-08 -5.258453677e-08 -4.476886317e-05   -0.2501495595 -8.281395705e-05 9.453692061e-07 1.567510923e-06 -1.840361296e-06 -4.661550835e-06 3.439981386e-05 -1.449772588e-07 7.532137662e-08 6.790667993e-08 3.042333501e-10 1.675093474e-07 1.611899952e-07 -2.581951874e-06  -0.01608944028 4.386315048e-07 4.142357345e-07 8.835990686e-08   9.3175856e-07 8.248110679e-05    0.4533958981 9.562375382e-08 -1.647425886e-07 1.105308202e-09 -5.986270711e-08 -2.36176928e-07 6.538856254e-07 -2.809575406e-06 3.540506419e-07 2.335616616e-07 -4.747233237e-05   -0.1002478551 2.073913801e-07 1.527852047e-07 6.991675944e-07 7.186514406e-07 
 0.001814774098 7.504266309e-05 -0.0001534231613 -0.0003109132292 8.462744113e-06 1.782734242e-05 -0.0001600015948 0.0001318856852 4.498257733e-06 1.651826719e-05 2.293952971e-05 5.113170282e-05 3.813520098e-06 7.946500463e-06 2.511268418e-05 -0.0001925094475 1.342197394e-05 0.0001189782311 5.678751849e-07 1.628645938e-06   0.08127652519 2.455567735e-06 5.053566665e-06   -0.1512163641 -2.182069935e-06 -1.854892462e-06 -2.635757366e-07 7.833752853e-07   -0.1308449049 -8.864409905e-09 -2.010773442e-11 -8.743991661e-07    0.2345179291 -0.001722384242 -0.0001512695241 -4.737193865e-06 -1.531689127e-06 -5.036531101e-07   -0.2283241716 -1.917226222e-06 -2.004308137e-06 2.285721523e-10 1.095818987e-06 -3.541471534e-07 -3.928516364e-07 0.0004003660893 4.428488588e-05 -1.075428417e-06  0.002919123016 2.913652147e-05 2.910996102e-05 -1.205963374e-07 -1.509402557e-06 2.953052431e-10    0.4623446886 -2.282491521e-07 -5.783527701e-07 4.961908859e-07 4.124667092e-07 2.129524208e-05 -3.356541345e-05 1.210376962e-08 -6.059242062e-08 -1.352240032e-05    0.3692673951 -3.876585666e-05 -8.701546377e-07 -7.329128411e-07 -1.399279193e-06 -1.749807056e-06  9.90475687e-06 -4.064245632e-07 -1.156117162e-07 -1.389043823e-07 -4.894089088e-10 -2.431784444e-07 -3.985837921e-07 -1.369982172e-06 -0.009865514982 -6.943393955e-07 -6.796455363e-07 -1.360968073e-07 -1.291113507e-06  3.52083708e-05   -0.7017501105 -1.178583329e-07 5.815414494e-09 -1.757668027e-09 1.177718411e-07 8.590393273e-08 -1.334758695e-07 -7.729098028e-07 -5.391432901e-07 -5.792473997e-07 -2.116210083e-05  -0.05991659182 -3.214317617e-07 -3.421407393e-07 -1.111024017e-06 -1.151808027e-06 
  0.04760601569   0.01165848672   0.05029712142   0.01250679122 -0.002266012745 -0.000534499329 -0.002770936584 -0.0006308504471 -0.001170558381 -0.0002745241428 -0.003605540915 -0.0008013774185 -0.0009536510025 -0.0002232350019 -0.002919764757 -0.0006766049194 -0.006769025003 -0.001556441024 -0.0003218573629 -9.008445999e-05 -4.629710096e-06  -0.00060021063 -0.0001394244434 -2.220285341e-05 -0.0001413379917 -7.120357281e-05 -0.0002347513504 -7.091224998e-05 -1.631726985e-05 -1.730434957e-07 -4.456125278e-10 -4.505539422e-05 1.711546447e-05 -0.0001991872212 -0.002109377336 -0.0004785912323 -1.386550713e-05 -1.211459955e-05 -9.733496146e-06 -3.102281465e-05 -3.64402278e-05 3.337076777e-09 -5.808488681e-05 -2.013402013e-06 -6.08060477e-06   -0.7277249914   -0.1940572076 -4.364372374e-05 -0.0002086103488 -0.002244045998 -0.0005191781618 -1.53419355e-05 -3.148893359e-05 4.289872094e-09 1.590783783e-05 -3.586601016e-06 -1.139631215e-05 2.146641205e-05 1.035133555e-05   -0.6317472636   -0.1687218792 -1.742329107e-06 -1.076088277e-06 -0.0004560982261  2.62969857e-05 -0.0001050408515 5.892789662e-05 9.544785188e-05 6.544996672e-06 1.910108339e-05 -0.0001048405465 -2.835007133e-06 -1.776346588e-06 -2.790361873e-06 -1.008555512e-08 -2.526032897e-06 -8.105965616e-06 1.157147367e-05 -2.368447871e-05 -1.317449004e-05 -1.338306609e-05 -1.248573269e-06 -2.497070386e-05 -0.0004626482703 -0.0002877533103 7.328752448e-07 -1.818312831e-07 -3.440353452e-08 7.510061858e-06 3.304650508e-06 5.609075193e-05 1.272817372e-05 -7.093037348e-06 -9.914981671e-06 -0.0001146608472 -2.590252435e-05 -4.245142185e-06 -5.966695941e-06 -2.161864589e-05 -2.261304539e-05 
 0.008570659703  -0.04384984723   0.01312278035  -0.04735745235 -0.0005884041699  0.002021774797 -0.0004967884609  0.002399665736 -0.0003041858985   0.00104595589 -0.0009403936506  0.003079640386 -0.0002477948317 0.0008509141038 -0.0007682159456  0.002593199958    -0.001738413  0.005965080545 -8.247629131e-05 0.0002726486911 -9.756321229e-07 -0.0001559914397 0.0005359105706 -4.681698587e-06 -3.236079458e-05 7.464288693e-05 -5.90252784e-05 0.0001884505146 -1.900647067e-06 -2.942371119e-08 -7.732431112e-11 0.0001275617806 1.763634307e-06 0.0006526644604 -0.0003772546615  0.001833089746 -1.381373723e-05 4.225060793e-06 2.430147901e-05 -4.782793497e-06 -1.113830842e-05 5.369335964e-10 0.0001565426235 7.780562376e-08 -5.417401978e-06   -0.1995852077    0.7261603472 5.493893711e-05 0.0006975732761 -0.0005919858491  0.001998699373 -2.776645518e-06 3.412424496e-06 6.896898346e-10 3.653743804e-05 -5.772874121e-07 -2.599479567e-06   4.8088016e-06 -1.080793468e-05    -0.162525489    0.6339936231 3.685101336e-07 -8.514156587e-07  0.001572963658 2.344042895e-06 0.0002969796381 1.571674033e-05 2.428363666e-05 -5.449054717e-05 -7.543653172e-05  0.000243894488 -8.558984121e-06 -2.843575279e-07 -8.228119713e-07 -1.731241369e-09 -3.519328996e-07 -2.809756928e-06 -4.914258689e-05 -5.103288062e-06 -2.208692242e-06 -2.541054643e-06 -1.941735909e-07 -5.11736631e-06  0.001606521485 -4.490943768e-05 3.037196853e-07 -2.229268657e-06 -5.859050418e-09  1.73124947e-06 -4.236105754e-06 1.404466681e-05 -4.269426593e-05 -9.374667912e-07 -4.355268496e-06 0.0002874626571 -1.123123783e-05 -5.525893768e-07 -2.769352594e-06 -3.665687621e-06 -3.957597978e-06 
  0.04100066704   0.01082594456  -0.05676454745  -0.01395852922  0.002352908921 0.0005441270985 -0.002427196663 -0.0005966144417   0.00121714221 0.0002822994993  0.003665797198 0.0008082522206 0.0009923586367 0.0002298259354  0.003249847411 0.0007470114863  0.006478661361  0.001479858636 0.0003113720812 6.052145536e-05 -3.939319172e-06 0.0006248534343 0.0001452237921 -1.690146935e-05 5.851424442e-05 -1.677718131e-05 0.0002095592854 3.527356944e-05 -1.044022332e-05 -1.376549254e-07 -3.640336724e-10 -4.146527644e-05 2.635115056e-06 -0.0001852355025 -0.001859669205 -0.0004563429866 -2.41015797e-05 -9.678119463e-06 -8.080127349e-06 -3.444744643e-05 -3.108242534e-05 2.454731944e-09 3.787256201e-05 -1.034549797e-05 -6.816408287e-06   -0.6302849405   -0.1769514044 -3.381894624e-06 0.0002079274148  0.002479531949 0.0005708549529  6.04171893e-06 -2.06358429e-05 3.152093113e-09 2.489289372e-05 -4.200440706e-06 -9.421103526e-06 -8.316888699e-06 2.314955331e-06    0.7277236327    0.1911458519 -5.997752265e-07 -8.868827566e-07 -0.0004302168449 1.308571059e-05 4.935934828e-05 -6.499252221e-05 -8.36174691e-05 -1.779535258e-05 -1.687463502e-05 -9.229318855e-05 -6.194717836e-06 -2.11830122e-06 -2.414371278e-06 -8.117376916e-09 -4.953287289e-06 -7.222630524e-06 -1.473465517e-05 -1.923490358e-05 -1.102852196e-05 -1.078192404e-05 -2.959408993e-06 -2.013653945e-05 0.0005174640899 -0.0001950355972 -3.666387912e-06 -1.299818377e-06 -2.738594176e-08 -3.642025294e-06 4.332687522e-07 -4.61338742e-05 -8.417565278e-06 -1.096418592e-05 -8.987735266e-06 6.213925434e-05 -2.281965698e-05 -6.867430812e-06 -5.528756686e-06 -1.74352589e-05 -1.805546032e-05 
 -0.01108326367   0.03890644661   0.01525984539   -0.0531816564 -0.000629394457  0.002106108929 0.0006519413326 -0.002167997648 -0.0003255314084  0.001087363309 -0.0009751530344  0.003135393884 -0.0002653448747 0.0008848920069 -0.0008681368989  0.002871718524  -0.00172919019  0.005718115958 -8.338548167e-05 0.0002911810855 1.654418148e-06 -0.0001670435649 0.0005559930459 3.323075053e-06 -1.608346234e-05  9.59001334e-05 -5.617139502e-05 0.0002027576131 1.951978659e-06 3.532289592e-08 9.492921846e-11 -0.000115509526 1.362006411e-06 -0.0005878428383 0.0004982066974 -0.001667850787 6.212548521e-06 -3.227062969e-06 -2.320004542e-05 8.880049733e-06 3.138597681e-06 -5.983867357e-10 0.0001760682276 2.709439588e-06 -2.50212737e-06    0.1708039674   -0.6324524973 7.095416264e-05  0.000777844588 -0.0006606681608  0.002199062415 -1.62771354e-06 1.474126489e-05 -7.678570395e-10 3.189989186e-05  1.08566577e-06  1.77910955e-06 2.330800338e-06 -1.242921496e-05   -0.1963958866    0.7262768326  1.61039884e-07 9.126390665e-07 -0.001418880012 -1.588860993e-06 0.0002447583758 1.706714126e-05 2.195002653e-05 -4.768229818e-05 -6.729698894e-05 -0.0002179892991 -6.551987125e-06 5.471009279e-07 2.866811889e-07 2.097933415e-09 1.281407731e-06 4.920993568e-07 -4.323022838e-05 3.828458487e-06 2.832507257e-06 2.496193703e-06 7.705139015e-07 4.186259136e-06    0.0017779377 4.443734438e-05  9.56413879e-07 -1.602897201e-06 7.030643641e-09 9.999146529e-07 -4.711325051e-06 1.215716886e-05 -3.864275124e-05 2.833416462e-06 -9.84981304e-08 0.0003317495942 -6.542766111e-07 1.782624838e-06 -2.903262696e-07 4.477803489e-06 4.524321175e-06 
