-1.886175893527878428e-02
1.020905206006648414e-01
2.219356142384301678e-01
4.079786214374868381e-02
4.355834038664849195e-02
3.370574685059875009e-01
-4.095859516261420724e-02
-8.990978638466595729e-02
1.265335240008318651e+00
-1.084625511000872899e-01
6.389600357264460517e-02
1.707836037486078595e+00
1.180569869739650057e+00
1.577771622188073319e+00
1.598089780840075580e+00
1.444302145603247656e+00
-1.402614475324276688e-01
6.031410320107376266e-02
1.479853262807712400e-01
9.756843681239850685e-01
-1.140740308893871263e-01
1.135783804686280263e+00
7.077647973419362581e-02
-2.494915871250314443e-01
-1.863448897595483891e-02
6.276958193827968102e-02
1.416854013091536357e+00
7.609401139459617824e-02
-8.830984936722703627e-02
2.231063685583003775e-01
1.346026539011071055e+00
-7.623835455714009224e-02
-8.618742740354130849e-02
1.067201057643903717e+00
1.055101766488858034e-01
4.178729978651052335e-02
-6.981542026199442919e-02
1.525387158356426465e+00
1.078129831748148693e+00
8.898057517829964791e-01
1.585244386406766237e+00
9.856241381943796620e-01
1.696635014607052128e+00
1.153753895269658880e+00
9.881393387328830935e-02
-5.650547371592392482e-02
1.661330670554211353e-01
-9.882115259830585863e-02
-1.965428996552406327e-01
-7.935499635576977184e-02
4.499408730776068843e-01
-2.918838802006112204e-02
2.184032160552097368e-01
-9.312647528588771650e-02
1.050476429785101917e+00
-1.126648952976964796e-01
1.082677671673324404e+00
1.237039979360039066e+00
1.364741224476734960e+00
-1.325325188846472324e-01
-1.573907728861124455e-01
1.868155640003733131e+00
-7.888740340533943046e-03
1.013069064316146406e+00
1.332418063616687576e+00
-4.479408932369134400e-01
-1.278437244720058708e-01
-1.234958938609978796e-01
-2.997292952122621035e-01
1.889603971687823680e+00
-8.671609520532884419e-02
8.993278943302212003e-01
-2.786065314946672422e-01
-1.992829017297158556e-01
-4.287207247636887208e-02
1.705658358893515247e+00
1.453696719551550665e+00
4.649517810334533735e-02
1.740554956317667212e+00
1.053635289536630992e+00
-7.417363497981263598e-02
-2.437485088108288789e-01
-2.545363952232024274e-01
1.800063743645671899e+00
1.216547835436043723e+00
1.180956954649933000e+00
1.709946822226244278e-01
1.429549010926898678e+00
-9.501487748870024452e-02
1.093456390580855864e+00
-3.045183306075681107e-01
8.564596910326557899e-02
-1.890962281314930160e-01
2.812416275575030551e-03
1.127072387722438229e+00
-1.830961486284033435e-01
5.823715089901645298e-03
4.088329047161056717e-01
1.787852336614187632e+00
1.559838952325967032e+00
-2.781893765353800618e-01
1.646647690281836329e+00
-1.781592084389460595e-01
7.986506208606158896e-01
1.385103587754692889e+00
1.541690791549803041e+00
-1.284274638566256510e-01
1.580371271854355886e+00
2.474779871487538863e+00
2.334253629114273920e+00
9.436665449638417247e-01
3.297019340048700231e-01
1.317642238201414351e+00
1.820421479028352163e+00
-2.132485859755269830e-01
1.827378927559224042e+00
-6.651300194349751838e-02
-2.157395613382960542e-01
4.414761825972690623e-02
-2.564902195717774780e-01
-4.388986251692409968e-01
2.604290291255046408e-01
2.150198941331928459e+00
8.600311464694190833e-02
-9.447402810344293633e-02
1.199137549217718313e+00
-2.055119353910100366e-01
8.620119926027604018e-01
-2.949920157507819884e-01
2.813742822994849124e-01
1.454074633919378634e+00
1.549536595224340729e+00
-2.175273713912374007e-01
-2.798407163166861111e-01
1.264437663738664286e+00
3.632358209932885496e-01
9.392147949188209832e-01
8.691730192115443288e-01
-1.979107398318095401e-01
1.053308888506625518e+00
1.330099076784294843e+00
7.519715876403608723e-01
-6.626036149612002379e-02
1.534381524775049632e+00
9.201845031209664183e-02
1.046514130947750587e+00
1.099056596863904112e+00
2.162977073313687715e-01
1.636838291777392929e+00
1.212760005791065243e+00
-2.000258841424981324e-02
-1.310619115532817847e-01
-8.830984936722703627e-02
-3.358305849347041905e-01
1.116655856776286981e+00
2.180918367661301538e+00
1.565513867413048654e+00
1.542395905165262704e+00
-3.330145378558574398e-01
-2.240256667893470444e-01
1.429744067098250859e+00
1.125383644939297323e+00
4.502490980384090125e-01
1.214046809436862606e+00
-1.475204271359467079e-01
-7.623804608245222936e-02
-2.062101704417493298e-01
2.404235505004874152e-01
2.123150651471299000e+00
1.061908803980072535e-01
5.609450266604110516e-03
-1.180450148001962185e-01
-1.649457640601643682e-01
-1.877553105386418897e-01
-1.719849499306093377e-01
-1.378686295052597988e-01
3.449192981797224000e+00
-7.987699401112452469e-02
-4.814860428648006230e-01
1.578501674054029635e+00
2.425896669998777622e+00
1.305694983705676826e+00
2.459874464214272471e+00
-8.694475074804229988e-04
1.173986488257766858e+00
2.072148286958592323e+00
9.438406099549494499e-01
1.399829417154768940e+00
-3.715732691984573871e-02
1.785560940768076144e+00
1.279700487025190014e+00
-4.817697393940640477e-02
1.094383484857712308e+00
1.461280282822470244e-01
1.351321981167830533e+00
1.298424167542300944e+00
1.524628016065042502e+00
-1.065157431004438715e-01
1.808125987860074391e+00
2.401363195114276650e+00
-4.306260998741501811e-01
2.498523504570111520e+00
-2.688144947589093947e-01
-2.291486095544620905e-01
-2.932830529395146213e-01
2.507856683227158712e-01
1.219859455703999673e+00
1.916006174026380737e+00
1.318348454745469578e+00
-6.123599487039803335e-02
1.761398662310314611e+00
1.567078673658869770e+00
1.895155980325641476e+00
1.092071148282906634e+00
1.297607341399213521e+00
-3.565473258670824319e-01
1.168614960386502588e+00
-8.354605772546121190e-02
-1.499671728663859449e-01
-3.001622852931719043e-01
5.326951190153580984e-02
1.585911416102219862e+00
9.215824181664608039e-01
-7.160415287163841846e-02
1.993857055647250354e+00
1.468066435954391125e+00
-3.786759431260237202e-02
9.386195561804331344e-01
1.446335053365189083e+00
-1.278441157009459206e-01
1.685069398794060369e+00
-3.019212591677387647e-01
-1.118208684097209693e-01
1.967816874622559276e+00
1.236386033944066432e+00
1.239161341111798986e+00
1.345931950084976458e+00
1.255317084560371388e+00
4.766421649793402965e-02
-2.494915871250314443e-01
1.611570777983410974e+00
2.259567552093862286e+00
3.842141247597213871e-02
9.377424180759350580e-01
-1.106983108541896993e-01
-3.595185566321306703e-01
8.445073040960028310e-01
1.165762627020475950e+00
1.495759147877286033e+00
-3.531066545254060163e-01
1.643042588287746186e+00
-3.316140919756888628e-01
1.536617994384679720e-01
7.958448732270819725e-01
2.175211365824873511e+00
1.043734736668090246e+00
1.075802170661390500e+00
-1.084625511000872899e-01
-1.217678983888025313e-01
-3.472705779018840921e-01
3.180181451219182165e+00
1.257882023948202033e+00
-1.118205050100696818e-01
1.774064169897629606e+00
2.725574807182181036e+00
1.306049528288501405e+00
1.701904249845096029e+00
1.300600939738091100e+00
-3.081720899979744493e-02
-3.655227356050525511e-01
1.535135819859266615e+00
1.289290359905495453e+00
-1.524290957173576322e-01
9.225956493185047957e-01
-3.746875583621821493e-01
1.342747673297817190e+00
-3.453425130244716090e-01
1.069385512187930320e+00
1.449756008631098769e+00
1.687907706531020402e+00
1.486422460474744245e+00
-1.372724881581426915e-01
-2.027324770045922375e-01
9.300292695691880773e-01
-1.605219622159723136e-01
2.141485101306519923e+00
2.784105921939606931e-01
1.578552704871153622e+00
2.464378947121298236e+00
1.384388813603907309e+00
-2.291480076626461748e-01
1.520652671919474841e+00
-2.034256757214700229e-01
1.011946878922654225e+00
1.131345928758064279e+00
1.621510466576367104e+00
1.907822226578209657e+00
2.052191348781464697e+00
1.550368621449430329e+00
8.680267774765120237e-01
-1.062382421737347177e-01
2.560931326613146375e+00
2.140818105907212221e+00
-2.881927830221730491e-01
-2.580609331504111204e-01
6.893976566200803457e-01
-3.279021431658131203e-01
2.019427227803841651e-01
1.652782827752084405e+00
-2.915791189124972704e-01
1.421677437294947222e+00
1.791292107561070157e+00
1.629399411851915502e+00
2.122101646471494352e+00
2.300607221887293274e+00
1.085876099953758889e+00
1.862509512440922776e+00
1.392746817308572638e+00
1.540517092040338376e+00
1.643980409945440702e+00
1.283346457175339683e+00
-2.596373010926768532e-01
1.485387370655198103e+00
1.605024766334899766e+00
1.065448823684199686e+00
1.202782458706911140e+00
-2.732727971899455155e-01
-3.246860715573671174e-01
1.764676425173806074e+00
1.109932700519086435e+00
9.703447898534828253e-01
-4.111682615962415910e-01
2.071597791085219242e+00
2.010167570801968839e+00
-6.651272204709607339e-02
1.581363497629890702e+00
1.509369656583399610e+00
-2.276782876801141386e-01
-1.539724358477000399e-01
3.231449109941903153e+00
1.683236012219003763e+00
2.309919384145254106e+00
-2.644010766999084217e-01
8.892724471042030565e-01
-2.588484018998946090e-01
1.090663571969211265e+00
1.134750657290039211e+00
2.946792948748786944e+00
1.787572280877987696e+00
8.263981927855603704e-01
1.008301848100580766e+00
2.099167712686737519e-01
-1.290112032412454313e-01
1.554458190209581314e+00
2.060991782600356537e+00
8.668480159104396954e-01
1.717192455604281687e+00
5.464191156053215259e-01
-3.098039115189253345e-01
-7.753412250306100650e-02
-2.898826251998681824e-01
1.681137044483735909e+00
-3.338926699898873279e-02
-2.006594538335254030e-01
1.485564570043389487e+00
1.667531520662462796e+00
9.059844584341496532e-01
-8.830984936722703627e-02
-2.958630685772520863e-01
1.142772962432346134e-01
1.783952726063414929e+00
9.443341379091003684e-01
1.709551810086849200e+00
-2.218487323590445093e-01
-1.169070142493449371e-01
-2.380728047342768328e-01
1.114456620702584555e+00
1.284960545380355423e+00
2.987927279801384728e+00
1.755825056625971436e+00
2.066862633915986236e-01
1.917137691069329408e+00
-3.010308642323167305e-01
-1.890957094090120194e-01
1.562673385346313060e+00
3.674585201518334315e-03
8.971587229144331044e-01
1.588943134916233513e+00
1.849962678834316865e+00
1.531485294486850890e+00
1.726029415085783558e-01
1.530720925785674869e+00
1.490877993972009374e+00
-3.005961404785765234e-01
-8.223206869588672863e-02
1.287150658184796903e+00
9.412159017149260287e-02
1.532663777010008221e+00
1.035749822019217836e+00
-4.202164088328674274e-01
-1.429701423662834703e-01
1.274042243307449640e+00
2.246260130742714800e+00
2.251849428230683792e+00
-8.990978638466595729e-02
1.917631063859834617e+00
1.128786765993006203e+00
2.078351641839143227e+00
1.507252172301239312e+00
1.186546475243533072e+00
-2.175273713912374007e-01
-1.804565653303273898e-01
9.396689152723848304e-01
-8.645176996493680877e-02
2.273811241189347854e+00
1.524025925593818442e+00
-1.463022222836632136e-01
1.255513692664367076e+00
-1.958605510846262165e-01
1.831514990308511948e+00
-3.292906491301116345e-01
1.774644677473679266e+00
-1.840904905516009271e-01
2.331177000556233558e+00
-9.582597679806974245e-02
-3.580374586952811411e-01
1.765803643618874680e-02
1.971171233306308501e+00
1.838174767440592161e+00
-3.881635601172386818e-02
-6.956040620554282405e-02
-1.911141368205306335e-01
2.461382541685514624e+00
1.997551749002048349e-01
1.579714990794319096e+00
-1.624189058955680109e-01
1.053539386993965543e+00
9.085089521766158693e-01
1.616596296554692280e+00
1.088259995130206548e+00
2.078645828043029553e+00
1.672499632552636228e+00
1.291942055588945149e+00
2.000832987435999577e+00
-2.941362738558774281e-01
2.441941262766691878e+00
2.380734365655036822e+00
1.668888565917707956e+00
2.353757531409528703e+00
1.237292313404162458e+00
-2.761342473632195649e-01
-2.911545686543929867e-01
5.493098077098184095e-01
1.828994705047453984e+00
8.190828916275056937e-01
-2.365720189337372492e-01
1.627667898894751941e+00
1.462352904377399732e+00
3.578976135310212747e+00
-1.079054132393465482e-01
1.682895015489662693e+00
8.400404900256561724e-01
1.642607359598003747e+00
-5.700068696534237034e-02
-3.635121053205540020e-01
-1.914526284566501757e-01
9.064692858307561441e-01
1.272224154224109061e+00
1.025201117592728473e+00
1.615997343854287172e+00
-1.345270404943690705e-02
1.735819591394545780e+00
-5.158702862443289433e-02
1.456410671911732013e+00
2.114726288196416171e+00
1.890683218473502736e+00
-1.307682746720577327e-01
1.547219054283099915e+00
-2.062096299584755266e-01
1.065138311205125365e+00
-8.330989875769434852e-03
-2.143144717726190862e-01
-1.880901516948645658e-01
1.496699736575451967e+00
1.019259743275085395e+00
1.177190083574304991e+00
1.995147984354066484e+00
-3.526933864958206599e-02
2.794600782781615056e+00
1.487675591090821925e+00
1.811277501758081776e+00
-1.844268115678311948e-01
1.922813064610271239e+00
1.151431137232912016e+00
2.881541279433831093e+00
1.542233856785634405e+00
-3.526181403809761639e-01
-1.366775537587316125e-01
-1.325360993371207385e-01
3.213378962647389869e+00
-2.273130361591456094e-01
1.485614396400942283e+00
1.386657614261931348e+00
1.010193628629589835e+00
3.903128105715854557e-01
1.424718323019092736e+00
9.963797399874851912e-01
2.005400939801866844e+00
1.181399776248518663e+00
1.555583110949698256e+00
1.854062779706991737e+00
-2.668027280032653215e-01
-3.772683502211212625e-01
1.172485734821091308e+00
1.529465849206506523e+00
2.374322802240823371e+00
3.459505368521493818e+00
8.955876774692987929e-01
1.354891532356420569e+00
-2.418513425246980597e-01
1.673411045462048996e+00
1.141714636333324151e+00
1.400668892687438660e+00
2.081512600413347513e+00
-7.007073415480905010e-02
1.835792072641374340e+00
1.238308596917149895e+00
-1.636758909345463475e-01
1.373904207179085901e+00
2.195748412587755549e+00
9.170062686774707039e-01
1.113157401682200121e+00
2.911888557096489194e+00
1.467074757933540585e+00
1.250261256377397157e+00
1.823346972269994204e+00
-3.089185108294026927e-01
-3.621216477610661455e-02
1.416032339448856314e+00
-1.390633727392752428e-01
1.726572355453697805e+00
1.834299878425728281e+00
1.723154830039050900e+00
1.435517007883218010e+00
8.377146480223374159e-01
1.555475270729787862e+00
-3.580329412496065511e-01
-1.801272894714649186e-01
-9.582563920404685298e-02
1.393661155803259888e+00
8.352777691277698535e-01
-2.676062229197196385e-01
1.792562501636203898e+00
1.395125269782863553e+00
1.093876302533982825e+00
-8.618905795655298907e-02
6.000000000000000000e+00
-4.190750104641773888e-01
-3.909397820486471553e-01
2.123467788923016020e+00
1.381223229079901360e+00
1.197652497709784658e+00
-4.744976336583536791e-02
-3.214816226964709589e-01
1.994741081109467462e+00
2.089947714335011142e+00
9.730570685201384018e-01
2.273662334810198971e+00
1.282757965073844098e+00
1.706032655658679786e+00
1.070000900187062065e+00
1.419484394988292042e+00
1.129480093786115358e+00
6.032004707205341348e-02
1.044752519971425153e+00
1.450156652997242279e+00
2.680329222523089250e+00
-3.861581640157633610e-01
1.566992535626114402e-01
4.727329909083899384e-02
1.513597081651328224e+00
-3.089185108294026927e-01
1.937425085415966919e+00
1.648624127867722500e+00
-2.302549486212455143e-01
-5.109823972862009844e-02
-2.907300183962887030e-01
2.161745216130723790e+00
-2.086604419766696084e-01
1.099728925347654762e+00
-3.432904848962250316e-02
-2.013493489577649898e-01
-2.083093386014547022e-01
-2.596380189174672948e-01
1.412964262247254243e+00
1.541003204608530908e+00
1.476302555415443640e+00
-6.298388774702981530e-02
1.366170143436534756e+00
1.714269579954800449e+00
1.477987921731714671e+00
1.223716023354973093e+00
1.378134022166021433e+00
2.674230360923035121e+00
-1.732774773620034958e-01
2.099086166620369731e+00
1.097743042617766562e+00
1.895191155228673541e+00
1.541809928553860676e+00
1.450395733937471787e-01
1.217272574150691788e+00
1.201177735527978019e+00
-1.163385729674705632e-01
1.367038931602340135e+00
-1.719868484305310530e-01
2.591509879687781570e+00
1.938375932253386447e+00
1.353837820540566339e+00
1.284553809497475108e+00
1.746443466246348386e+00
7.712551731521619658e-01
1.657576886751916945e+00
1.882674503408693800e+00
3.325297988676087613e+00
6.352064575354035569e-02
-2.620155601795923217e-01
1.082280442084213590e+00
1.700958625238893518e+00
1.295687715117964212e+00
9.368654746862227212e-01
1.830033199196357430e+00
1.532365452705899855e+00
1.395430648503983129e+00
3.272865112484965255e+00
1.263233542777114859e+00
1.516644458095125048e+00
1.539182578740359242e+00
1.530609302840918673e+00
7.650709474595979165e-01
1.372672703515898096e+00
1.008109208012084146e+00
1.409518908221012445e+00
1.827895625982277172e+00
-3.205721168182582015e-01
-2.696217241281875232e-01
1.824628071788435779e+00
1.742659864590182517e+00
7.509324672557597946e-01
1.516931815744015921e+00
1.605558137069639901e+00
-3.067130709293954260e-01
8.597385626251976554e-01
9.803215837810228539e-01
2.619824019355237787e+00
1.580548510790066752e+00
2.538039166364373322e+00
1.795943990604374596e+00
-2.111248774900224556e-01
1.565733306877967967e+00
1.553706562121859980e+00
1.938241474673049192e+00
-1.502736576680406000e-01
1.640808447843704831e+00
1.856526566336567541e+00
-1.278284918590853921e-02
1.085664923625732081e+00
1.081292840818174117e+00
2.102107587611145245e+00
-1.174769644934056667e-01
1.943149569364628126e+00
-1.211987651491807094e-01
2.351236613185462510e+00
-4.259702763961685235e-01
1.215954473409472048e+00
3.671675262272198204e-01
-3.501788058243288093e-01
1.725298627916931782e+00
-1.502736576680406000e-01
2.238690978058303305e+00
1.750515495057914483e+00
1.260738970626745559e+00
-1.059610954237126812e-01
-5.128616086708202015e-01
-3.772683502211212625e-01
-4.782088468611361276e-01
-3.377147415119573504e-01
-4.584225430326231976e-01
1.558549333552169625e+00
-3.501788058243288093e-01
1.083591073292505147e+00
-2.827458691729927143e-01
1.379704257630185005e+00
-1.850868206277231365e-01
2.413981408888608904e+00
2.317777187003532191e+00
-2.100670687836226347e-01
-5.199930769287592902e-01
1.191115496450603217e+00
1.489514782751323985e+00
1.949839177372301613e+00
1.859540457346855469e+00
8.464608105811196603e-01
-3.675427177110772714e-01
1.196397194755751681e+00
1.507746365444248449e+00
1.296873248985612515e+00
1.544836688633989707e+00
1.257706798145670435e+00
-2.732727971899455155e-01
2.380026038647615749e+00
-5.256628909841674913e-02
-8.328301172104009276e-02
-9.908693018104708372e-02
8.980117284685804613e-01
1.962986882614820461e+00
1.769275745403072975e+00
2.678436874598639328e+00
-2.010044013956451825e-01
1.129076843787806261e+00
1.809259020964415487e+00
1.719666804518146908e+00
-1.996267773143016455e-01
-1.469104704385800764e-01
1.550001533275713550e+00
-1.393626759431841056e-01
1.650030525095583789e+00
2.084593910131221417e+00
1.723351972770951868e+00
2.169835052363535688e+00
1.467755270293916725e+00
-2.410881068804663907e-01
2.049706300519380964e+00
-2.849228803556284537e-02
1.914115518682818040e+00
1.538396533235365737e+00
5.499518364379278601e-02
4.416951049881880920e-01
-3.419896539502572663e-01
1.017367281228993559e+00
1.756740033860376027e+00
-2.407101355973255141e-01
9.782937485865708105e-01
1.470446843393912628e+00
1.455370267152660935e+00
-3.210268697573646079e-01
-6.248210965657279709e-02
8.423871480434348413e-01
8.986426055783336420e-01
1.502986623950396172e+00
1.457177681320041884e+00
1.882856519089217251e+00
1.690200484530337555e+00
-1.955210212345417087e-01
2.703628988160681867e+00
1.671005842153475029e+00
3.314272926589668655e-01
1.871718852306875513e+00
-1.713420187361919811e-01
-2.510371468649267856e-01
2.526940369204554671e+00
1.141666607476801154e+00
-2.644010766999084217e-01
6.538971658001427323e-02
1.333840025818779029e+00
2.077591296340808746e+00
1.552990196781962151e+00
1.569923741560354413e+00
1.551533743899839779e+00
1.603647675474049628e+00
1.396608457779751067e+00
6.501916534419245608e-02
-4.491608272675588487e-01
1.861786846783883842e+00
1.785632088197709910e+00
1.594789256562891389e+00
1.588606432493880227e+00
2.953030338102265340e+00
1.510035333729202733e+00
1.968263424580141141e+00
-2.757272216212599547e-01
9.597318575389933715e-01
1.850409971910562668e+00
1.885318798046887956e+00
-2.211255200721055358e-01
-3.767507231614165009e-01
-8.751232243890713636e-02
1.028951338547859029e+00
3.065322469671915018e-01
-5.625829731852102777e-02
1.995204979174786786e+00
-4.963950277853715343e-02
1.237309147016814270e+00
1.373693335599605270e+00
-1.084625511000872899e-01
9.330565780026591760e-01
2.672647404525091197e+00
-4.801720059114598649e-01
1.331376661186783217e+00
1.653757280693873843e+00
2.084320651284476966e+00
3.568858490899196045e-01
1.103867406773823223e+00
1.477338351695519858e+00
-1.180465277031840510e-01
8.208579769777657464e-01
1.358848140376472724e+00
9.325493248010974234e-01
3.382552020248873192e-02
1.589781967835253829e+00
1.540903860443606277e+00
-3.302186320660637220e-01
1.566567113552969293e+00
-3.251388684563590870e-01
-1.586405259643771382e-01
1.839123529151564407e+00
1.094331347782941277e+00
1.687011392043815228e+00
1.580074902376920942e+00
1.369655374087790367e+00
2.916206374790323963e+00
1.246940102095341452e+00
2.504251228385557582e+00
1.660228645962689153e+00
1.449731722898886854e+00
1.999313267749087686e+00
8.912583314715478711e-01
1.904163508914018754e+00
8.071284139411518677e-01
1.678740331868851410e+00
1.613089968755355930e+00
2.089321642521653644e+00
1.310911894671186628e+00
1.680556452480145513e+00
1.797959638241077629e+00
2.805537797685051515e+00
-2.588512628006266469e-01
2.049481336813990140e+00
1.443262959258750922e+00
1.496237183732336273e+00
-1.243600704410635777e-01
1.277056948285195226e+00
2.515161122943176397e-01
1.383958350382959335e+00
-7.032574821126066911e-02
2.015539858909400461e+00
3.472568750487615041e+00
1.603346852449593074e+00
1.099904944476937096e+00
1.829319801398347378e+00
1.770074318374099898e+00
1.329994220388652337e+00
1.687510992716391600e+00
-4.179366379014630706e-01
1.109257609700437630e+00
-3.093612111741640414e-01
7.312663542024222529e-01
-2.487208879387669547e-01
9.903162966097702746e-01
1.377806280283168761e+00
2.301061379744277602e+00
2.508539997176636227e+00
9.767578486800229109e-01
1.583249573384821085e+00
1.625466072743460888e+00
1.161037348529318391e+00
1.262972525954817016e+00
1.218193993383694940e+00
1.288762741875214335e+00
1.307954872588397155e+00
1.083894143135909986e-03
-1.493554797458174488e-01
1.796056785451199733e+00
1.232424204262229317e+00
-4.596705216283583639e-01
1.244301846404943124e+00
1.334443249281432209e+00
-3.105057220882381785e-02
2.315139666966637755e+00
2.044900158104992371e+00
-1.818139671628056508e-02
1.379087819763740175e+00
1.145848175218560083e+00
1.231724280621079526e+00
-3.115810982157164455e-01
-1.469108975729322419e-01
-4.559319630457153716e-01
-5.058453970210298190e-01
-1.784864797163150385e-01
1.188224561122525502e+00
2.149965379952735844e+00
1.155594084560350066e+00
-1.143562199464265572e-01
1.804667490211405267e+00
2.827730529136792459e+00
2.264709907790290744e-01
1.148725609909837964e+00
-2.612194588989091848e-01
1.081472587707968058e+00
-2.510371468649267856e-01
1.511716178161909951e+00
1.801784042816572340e+00
1.642033952073371328e+00
1.808969293182485227e+00
4.023463326533698869e-01
1.170671608804879416e+00
1.290189056693138880e+00
1.415373191841111211e+00
1.176697225638448474e+00
1.832166672887347803e+00
8.224617645991881831e-01
1.437500878565905360e+00
2.363187524265225825e+00
7.979237422628194798e-01
9.689961978677592569e-01
-4.236586451251200258e-01
1.391658264656193911e+00
-3.439017893013686655e-01
1.672743728866257884e+00
1.950401288104541830e+00
3.075755177667153006e+00
1.895403132989816442e+00
1.013194861675609459e+00
1.818973796299642620e+00
1.788387583051882501e+00
1.369259371883476462e+00
1.573284483490766661e+00
-4.122904743043935283e-01
-1.662156371857824166e-01
2.027104871528601748e+00
1.625933488586587039e+00
1.360024321357469645e+00
1.005909441638570989e+00
-1.637464968475927513e-02
1.098432737026398431e+00
-4.801720059114598649e-01
2.637182445617688220e+00
1.101826397261253421e+00
1.818713651590988967e+00
3.533260468920679465e+00
2.056395629994023366e+00
1.380997671126733550e+00
2.282505795994654196e+00
1.699781341450711247e+00
1.816675365531872366e+00
1.616963303936433061e+00
1.047605594698677978e+00
2.163683838602267429e+00
1.225322084591693894e+00
-1.390637847137325134e-01
1.617280847324076731e+00
-3.032088868895148615e-01
-2.222109632822054648e-01
1.623030782511129200e+00
-2.306233023186610720e-01
9.929729331173726692e-01
-8.512816835178217689e-02
-2.395775352722099294e-01
-4.213607807430314600e-01
-3.526170242884140715e-01
-2.514245590048643231e-01
-3.477536580742369710e-01
1.339670021366909936e+00
1.502014225462087849e+00
9.187086426500816749e-01
1.658101532858055283e+00
1.941148429693316135e+00
3.662816138154503798e-02
-4.225097129340757429e-01
9.749950030247893640e-01
3.265872866089365445e+00
1.425737890240772909e+00
1.034628090696695146e+00
2.857123601693222978e-02
1.218009135197996695e+00
3.050663157047283747e+00
1.941275301237459061e+00
-1.420647258022137427e-01
1.221256905812404980e+00
-2.335871592704420741e-01
-3.695733148556639147e-01
-3.877464145938683271e-01
-1.469104704385800764e-01
2.147520520592963056e+00
-3.752027292956773841e-01
1.873390237433248284e+00
1.613123532906151070e+00
1.863946176692329981e+00
-4.100504002713700191e-01
9.049571587254233718e-01
1.020091823234940964e+00
1.681380969836185901e+00
1.425126172176556238e+00
2.266562108572600209e+00
1.127476983475360850e+00
-3.757179002291726189e-01
-2.365778061893824558e-01
2.852951698788611878e+00
-8.433647264541808963e-02
-3.053947968828404358e-01
-2.189630812647780644e-01
2.042092649855077546e+00
1.609149868870129563e+00
1.255296598767404515e+00
2.172443468254834364e+00
1.329741231228439569e+00
-2.806687221060027992e-01
1.481055078392409241e+00
1.961971315527747617e+00
3.240937073720457501e-02
1.287597609291804446e+00
9.493642141758178443e-01
1.558672282340860971e+00
8.932610098304454294e-01
-2.716530488823156730e-01
-2.139587887406483313e-01
1.811765936726801085e+00
9.700212643785381950e-01
1.552765499545388117e+00
1.712683786113086359e+00
2.222801989941817880e+00
3.375215628753069907e+00
1.808409038148136805e+00
1.924312579916052313e+00
1.527004410710476989e+00
9.433952886420053918e-01
-3.027706607749127143e-01
1.417786197123275027e+00
-3.872161470684550300e-01
2.242400729165312079e+00
1.410910495296773259e+00
1.428134760533212866e+00
1.629077621995693281e+00
2.753858293350235797e+00
1.181438524144713842e+00
1.122509419740239434e+00
2.265404691505806589e+00
1.256354644829086098e+00
4.147848388141499143e+00
1.166282066186873134e+00
-1.614658411216869371e-01
1.557970124872289919e+00
1.343362325590967687e-01
1.301484981382891259e+00
3.673012301998239693e+00
1.578398494054187751e+00
7.802810305132557023e-01
1.650249220073987333e+00
1.484790784197127289e+00
1.953168611510052929e-02
2.416497747010283081e+00
1.124448702981414083e+00
1.555142677702759491e+00
9.621459430693259096e-02
2.692320305839177585e+00
6.389565763874796578e-02
2.039521001954701873e+00
1.042082913520837151e+00
1.476780895839473917e+00
1.450083066544362254e+00
2.007365783764973433e+00
2.466824392393911491e+00
-2.992963051313523581e-01
2.237654275078232224e+00
9.582532154915017752e-01
6.491398839388611286e-01
1.556924631627924251e-02
1.140569998343135882e+00
-4.028538545025800444e-01
1.643367776768718702e+00
1.867224859312746954e+00
1.676949225937957921e+00
1.879006517548387212e+00
1.458399026180603242e+00
2.043023764884884130e+00
-9.582697348504831680e-02
1.336409507146499642e+00
1.707496831435860063e+00
1.471372403356061120e+00
2.088505829175071327e+00
1.337518646245805964e+00
1.779656197308151944e+00
1.648725737690844628e+00
2.299350002501811208e+00
-3.242226321405850542e-01
-2.890368822134076199e-01
1.630412438709863965e+00
2.158120981005176020e+00
1.415568061866151695e+00
1.317457258356769412e+00
9.187374286542160373e-01
1.164575876639423413e+00
2.243871735504369802e+00
1.696321117639625342e+00
1.977522181604988605e+00
1.540372952456289468e+00
1.185567477769541078e+00
2.986213713213585308e+00
1.594104771462674153e+00
2.160336996184927028e+00
2.547241143139516328e+00
2.413648809528994743e+00
-3.330145378558574398e-01
1.463250775530033909e+00
2.218168199353848458e+00
2.772189260853177295e+00
9.293933671459564394e-01
-3.783048411885112650e-01
7.300118458902609131e-01
1.038798900778785672e+00
1.301279599810662768e+00
1.413365204818152421e+00
1.428100948589299035e+00
-4.534573388751388379e-01
-3.872161470684550300e-01
2.123001610663012073e+00
2.611832658007161800e+00
1.195839098934857958e+00
2.145132236295870687e+00
-1.243600704410635777e-01
1.677359761756120893e+00
1.720803188758712299e+00
-2.932822148152761654e-01
1.282134735854108198e+00
-1.636758909345463475e-01
1.858072698135597722e+00
9.859426009998022433e-01
-3.381873225838269437e-01
9.008157613191122848e-02
2.681754001503777296e+00
9.862092714806827143e-01
1.298426111339210820e+00
-3.205721168182582015e-01
7.824724722333140647e-01
1.884651557569687164e+00
1.573358902111927193e+00
-5.650577015310236095e-02
2.526106365073625959e+00
1.630391511677758309e+00
1.384386899837935392e+00
1.773496853898299586e+00
-3.963147854827707706e-01
-2.027324770045922375e-01
1.404873457508398538e+00
1.213610708572056440e+00
1.166340495182162318e+00
-2.069089685600483675e-01
1.974751101864150371e+00
1.130845769424150493e+00
-4.756043632469957316e-01
-1.775080895626086064e-01
1.944334553099410723e+00
2.212953430646000363e+00
2.214897194801608293e+00
1.733686146386429261e+00
-2.350770025405603814e-01
1.399579954936701842e+00
2.617304737989993413e+00
1.021602676337768800e+00
1.175627639487236920e+00
1.502398184066572995e+00
1.086252878810307632e+00
1.007106700467804483e+00
7.095224863118100300e-01
1.949443683284695084e+00
3.286810921059844848e+00
1.117051569351556806e+00
1.098018285426290763e+00
9.902500070617228367e-01
3.561900156800507311e+00
9.095292543678556996e-01
1.716225481846856749e+00
1.204987715482129129e+00
1.791303926831333770e+00
-2.732727971899455155e-01
1.945330238693648184e+00
1.921380983036504508e+00
-3.746875583621821493e-01
1.299075609949063459e+00
2.165649340488715602e+00
2.131794967299235566e+00
3.013695280444865343e+00
1.202141794486672133e+00
2.148372300176188965e+00
1.458826623480532714e+00
4.025326277869287317e+00
1.436687304266955900e+00
-2.529769797124346575e-01
3.027819863362497532e+00
1.039393961152407009e+00
1.095605165904445677e+00
1.113224226697715036e+00
1.739501112640036595e+00
-2.676069915897575924e-01
8.416088298471933182e-01
1.518398570444306150e+00
1.750992209403713140e+00
1.314897194422008919e+00
1.313803447442082550e+00
6.865903642534112450e-01
2.160880747817317094e+00
-3.535962847623979610e-01
9.736123770470910266e-01
2.089638300676945892e+00
9.987532693605289946e-01
1.056904687890064531e+00
-2.941362738558774281e-01
1.110336533639680656e+00
1.493617494283679292e+00
-3.777859772808260796e-01
9.082168541623083513e-01
1.112102039794671704e+00
-2.350770025405603814e-01
2.645629361753177200e+00
1.272351886894178108e+00
1.983057399407061494e+00
2.167206366527310468e+00
2.580142848551819412e+00
-1.958627120221579365e-01
2.585856185150612330e+00
1.700728851508678030e+00
-2.881936017310844367e-01
2.164216966050587665e+00
-1.214782146340404462e-01
1.456684763265366112e+00
9.370410157425990150e-01
1.547522402431383171e+00
2.019417483546147807e+00
1.705893579143270777e+00
1.259211410674452747e+00
2.752730432056926801e+00
1.038758870814672441e+00
2.082097498567066829e+00
1.095933966513178426e+00
7.985093605543676087e-01
1.330443875447737678e+00
2.390522110200135053e+00
1.394985192335587154e+00
1.249230920954185864e+00
-2.790142369485202334e-01
1.771201031516010937e+00
9.224140129209632555e-01
1.544793310511987094e+00
1.999289339702205792e+00
-3.010308642323167305e-01
1.872796772708758883e+00
1.509348160680243689e+00
2.386206012263572873e+00
1.988296240968609130e+00
1.086199107188601243e+00
1.614026234176548336e+00
1.421059368169276471e+00
-3.115801731171478628e-01
2.389329184976668241e+00
2.548966121816355290e+00
1.318541943986882625e+00
2.030853939637495387e+00
1.579021302294389528e+00
-3.700812704545038967e-01
-8.831276856497877192e-02
1.875156134009609898e+00
1.004033710986126371e+00
2.429490619816305319e+00
1.099973861369888173e+00
-2.410887279237790282e-02
1.364952554787407291e+00
-2.395781673244292698e-01
2.649663831604343933e+00
2.271989898185212464e+00
-2.660036498098140578e-01
1.397418017261074397e+00
1.742182667339897240e+00
1.733229182215965114e+00
1.528041775394833435e+00
-3.482378153354298012e-01
-2.676062229197196385e-01
3.349016657788037143e+00
-3.472705779018840921e-01
3.004810397136643552e+00
2.097456411946616139e+00
1.471782949741908597e+00
9.522818661394336637e-01
1.234383797140138794e+00
-2.668027280032653215e-01
1.234884099189369255e+00
-2.309922819279482120e-01
2.141008024353897810e+00
3.759657610299560915e+00
-3.752027292956773841e-01
1.905890723048633717e+00
1.633900452422944571e+00
2.073168878421255634e+00
-1.432711205619497663e-01
1.799033328800730525e+00
2.640965986192494341e+00
-4.584207685500936158e-01
-4.282927163343596133e-01
1.187083105904690905e+00
1.047274869352366355e+00
-4.078232396911342095e-01
2.143384524096398902e+00
-2.114782452484307296e-01
1.318522320055691033e+00
1.645731522929692492e+00
1.816082039673489801e+00
2.003383216878606987e+00
-3.798639494957622431e-01
-2.564902195717774780e-01
-3.487219725966226314e-01
2.624330218145559890e+00
1.809674115229817692e+00
2.519108095128417268e+00
2.052285990869270549e+00
-3.872161470684550300e-01
-1.732774773620034958e-01
1.229653621035300626e+00
1.543347558201606518e+00
1.162235036810109534e+00
3.567354597248991954e+00
-2.835794629707948378e-01
-3.957739360975134346e-01
1.305190066979487362e+00
1.261048537238023570e+00
1.737823848825260198e+00
1.325613425247814670e+00
2.931105153545281450e+00
1.575477834814947853e+00
2.099939426626270311e+00
2.072043769100938793e+00
1.632685015446257992e+00
1.592830549824324482e+00
1.381486441422288269e+00
1.785204005803023630e+00
3.168237601348386612e+00
8.039347924171229565e-01
1.382466599681764663e+00
-4.881166549509525776e-01
-3.381883391834044073e-01
1.623672235519346918e+00
1.186122501130127294e+00
1.417537925672119004e+00
1.812051138156387520e+00
1.261334228035209559e+00
1.507274209496386908e+00
1.149573140538467264e+00
3.273233918151754906e+00
-3.396091649326206663e-01
-5.403928844849786861e-02
1.702826531592981585e+00
2.460172299852687594e+00
-1.511953171343726754e-01
-3.279021431658131203e-01
2.576721508025042517e+00
2.220641236076833280e+00
8.849368299668061155e-01
3.028387595719018943e+00
1.028266088367944420e+00
1.868336126001135522e+00
2.867625655782118699e+00
1.398937647661876893e+00
1.998132797524914128e+00
1.335036452106845406e+00
2.419861626735961835e+00
8.050246455491815167e-01
1.741106929349816479e+00
8.678797749244666626e-01
1.549154979766010687e+00
3.128308714133882340e+00
-3.067130709293954260e-01
2.552517894001646415e+00
2.418317699601308490e+00
2.155546434094190555e+00
-3.106911474405108509e-01
1.302373894832624224e+00
2.775840106088580228e+00
1.583418427540757012e+00
-5.850266679590090391e-01
9.355823008646848571e-01
1.659976540710880633e+00
1.514779718481231274e+00
3.045433263983799321e+00
2.052757316489362882e+00
2.243952652924367186e+00
2.313909325355248292e+00
1.523335001152944290e+00
1.938576435641899964e+00
8.207594724300925071e-01
1.185129471073364416e+00
1.166592361575939041e+00
2.107691785659660866e+00
-2.668027280032653215e-01
1.459128223205801156e+00
1.459746630619441543e+00
1.948882189571300438e+00
1.486583723361626364e+00
1.717874287393559296e+00
-5.749618318138667583e-02
4.571403620035839610e-02
1.671949415334028632e+00
1.812679138753918950e+00
1.101729651374919516e+00
1.963869280414635377e+00
5.811527616027609700e-01
1.975259627468282986e+00
1.727776541274651745e+00
1.480100364276637048e+00
2.719553451647131581e+00
1.675195607289281297e+00
1.880907410887868281e+00
1.175700209660743401e+00
3.017534620887274421e+00
2.236878444801322363e+00
2.220282046726473446e+00
-7.468790456519143472e-02
1.448107275274481021e+00
8.071627763622927221e-01
1.918863727711821010e+00
2.140105605294583047e+00
1.387958961086244836e+00
-3.716110577680564742e-01
1.479150409969501645e+00
3.062054193663779955e+00
3.162302886385144340e+00
1.709146731762987148e+00
-3.165029139032217720e-01
-3.367726676867064395e-01
1.364587383842777779e+00
1.762224121005757649e+00
1.481520312076238799e+00
1.801290362291162683e+00
1.088632116588384768e+00
1.642444071519652660e+00
1.605741116632440235e+00
9.554227275387479068e-01
1.385337679436304370e+00
1.690102711751067854e+00
1.863611267369506885e+00
-2.441251497771861900e-01
2.448765923441718062e+00
-4.100504002713700191e-01
1.352836758147240914e+00
1.693520927513116003e+00
1.095061044864130029e+00
2.361939228363556076e+00
1.870051096455762826e-02
1.277655039418226224e+00
2.126852121281292085e+00
-7.211689087736206094e-02
1.682451959153347776e+00
2.197681306790443045e+00
-3.142582485881851850e-01
1.891835570166461311e+00
1.414186407269146573e+00
1.585624105749738444e+00
9.660478029525214616e-01
7.652586364820611609e-01
5.614226642645649135e-02
1.654421783763577958e+00
1.223394553840815968e+00
1.426811981893137293e+00
1.055741065962311431e+00
2.203083159340949670e+00
1.162817869071492982e+00
1.912179300728792608e+00
1.537906765618491933e+00
1.415440793139698172e+00
1.713049265661370280e+00
-2.125400994911829655e-01
1.742288946247847026e+00
1.238685398961951289e+00
2.782749383188655834e+00
2.594271977386552130e+00
2.444267937166832994e+00
-2.537566965731422042e-01
1.643210782384776802e+00
-1.527360062971838128e-01
2.390212833603321929e+00
1.944396262023922350e+00
1.576041712461945465e+00
1.632102824679980024e+00
3.033123117382344081e+00
3.558089793792523103e+00
1.776074909726968576e+00
2.295996362518963885e+00
1.847079553316301581e+00
2.879984684947570539e+00
-3.968556348680280510e-01
1.969134647586298303e+00
2.042063167446754868e+00
1.471065956577941147e+00
1.234343061398223584e+00
4.138977935414180465e+00
2.443852527822594212e+00
2.756993062976024422e+00
-4.624031356490048567e-02
2.635289396353100333e+00
-2.204059068119113007e-01
1.953975306598037864e+00
1.589195200746434056e+00
2.670635077881480690e+00
7.498522144596229122e-01
2.453224139442446550e+00
-4.418921197849000615e-01
1.068184940948454287e+00
2.245613547540837196e+00
2.361611842702854958e+00
1.318324222654036593e+00
1.807382762878467775e+00
1.652055559137182161e+00
1.699928493151428688e+00
-2.644010766999084217e-01
1.015496670629234988e+00
1.709655574147655344e+00
1.217431206539334454e+00
2.466661789694060580e+00
-3.946949569420828419e-01
1.144075520367264787e+00
2.993225339756300230e+00
1.869700721313781067e+00
-2.616247392999014876e-01
-3.545788404860822363e-01
1.951302760055352969e+00
1.484861723152266499e+00
1.601831821334286809e+00
-4.934949543698982088e-01
-4.023048164277575611e-01
3.094951903420684047e+00
4.091013201182374104e+00
1.580371761673524889e+00
1.482895012183920169e+00
2.202558731739364450e+00
4.216960489357571618e+00
1.927971884398069768e+00
1.422474552903497447e+00
2.969406200169543375e+00
2.688915664830885177e+00
-2.560986154260675995e-01
1.048655136599013771e+00
9.470658164789164113e-01
1.237178649999125746e+00
2.456689115489987252e+00
2.394224745302440560e+00
1.322195374211903696e+00
1.568692295685512939e+00
1.656222779200026363e+00
1.360479806808148506e+00
1.276633688651585219e+00
1.937810541696697975e+00
2.435791622587134775e+00
1.697285921319481972e+00
1.777502835056977482e+00
6.361365598180288572e-01
1.438059375315197119e+00
1.914527150939037359e+00
-5.606701916886412951e-01
1.331609468107833649e+00
3.990419270986242939e+00
2.384190056296835891e+00
2.171402012904641410e+00
2.003015470611509308e+00
2.089497285822435657e+00
-3.288281474795680670e-01
-2.680102311724171238e-01
2.200922686541462170e+00
1.245758584957801673e+00
2.128336836989940473e+00
1.140522953678267726e+00
1.113005932383195340e+00
2.204053563739492461e+00
1.604408115547475422e+00
1.982856516159892113e+00
1.663645183362169711e+00
1.428256285538970882e+00
1.826011070379689238e+00
-4.111697207031144163e-01
-2.798407163166861111e-01
1.562067895379015248e+00
3.311444726477573486e+00
2.185951898170600316e+00
6.791096642603572375e-01
2.635965617944113326e+00
1.560414805301611141e+00
-6.439741464560005957e-01
-4.647058865985275733e-01
1.508697708767071877e+00
-2.232994304973567323e-01
1.506090535917236739e+00
1.751336658754384379e+00
-4.050556136273360530e-01
1.758154493901486815e+00
-3.757179002291726189e-01
1.895408577205642597e+00
2.231719180263014302e+00
1.906959497240641177e+00
1.436480630841472372e+00
2.007151308516251120e+00
2.635047660798812252e+00
-4.271283828493351864e-01
1.128479543824574272e+00
2.189490963153918557e+00
2.151044161276796540e+00
2.022663099404168552e+00
2.904224462529612971e+00
-4.179366379014630706e-01
1.631640442406313785e+00
1.706887773424365928e+00
1.363273422337690999e+00
-4.067139443376718844e-01
1.695513965980648852e+00
1.571254086462329003e+00
1.417504271725643861e+00
3.812293166448606385e+00
2.686203823140113300e+00
1.933596042274106752e+00
-5.543957748300283317e-01
2.023707668646388402e+00
1.573061792104457179e+00
2.375547998115337123e+00
2.724456291324860224e+00
3.355548084151416255e+00
6.026555101618127352e-01
2.375321894073089801e+00
1.829936593564529534e+00
1.970417016936697019e+00
1.468989238278114451e+00
1.832090033523323891e+00
1.647997085309839571e+00
1.650467744987609287e+00
1.317310775175750681e+00
2.142565871258916843e+00
1.862369770398170310e+00
-3.872161470684550300e-01
3.177660963037251207e+00
1.538007401158158372e+00
1.582791313479406714e+00
1.907645759440287136e+00
2.041885463022038216e+00
1.173926300996734229e+00
1.943990355254570090e+00
9.697882910389690192e-01
2.063390903213544458e+00
1.473815304426913775e+00
3.564984357355454492e+00
1.988273136093446247e+00
1.297142368578673821e+00
2.041714293324059071e+00
-3.089185108294026927e-01
1.224610647449867029e+00
-4.236586451251200258e-01
8.550646027368427049e-01
1.196491368288678192e+00
1.329926425357248032e+00
1.794450919194286787e+00
2.129861890483542297e-01
2.319202539315877942e+00
1.788253090200226492e+00
-2.298847150574772624e-01
-3.963147854827707706e-01
2.022900356300699976e+00
1.119222900017055711e+00
1.534063725117496002e+00
1.925935438587536908e+00
4.559726409959611537e+00
-4.271283828493351864e-01
-3.242255180033035700e-01
1.980519142191978110e+00
1.843821211907907376e+00
9.774246733673219723e-01
2.844536502698827185e+00
1.971470686670107497e+00
9.683660871425987526e-01
1.486430434381966759e+00
1.637084239979820666e+00
1.621357852381772435e+00
-2.962807361600771072e-01
-4.596705216283583639e-01
2.266178709184017315e+00
1.479983240492366958e+00
-5.917600140602699010e-01
2.168715224489170978e+00
1.656643451010045398e+00
3.150425592769943606e+00
2.944779629836977275e+00
1.672347199586420974e+00
1.994420430500544406e+00
2.138100771060100769e+00
2.737513373153568352e+00
2.205148429551600842e+00
3.380538974158628918e+00
-2.958494983029810177e-01
9.314292854054915249e-01
1.394355296607077577e+00
2.159793322120640902e+00
2.108032626483816063e+00
2.360934265369859730e+00
-4.282911729104701970e-01
8.659912222256467285e-01
1.503408936131265028e+00
2.169744495908345616e+00
3.139124686702747802e+00
1.871464295590796301e+00
2.201638619930195162e+00
2.077203940699154927e+00
1.861464379415093795e+00
1.803166789036242168e+00
2.116517758138356520e+00
1.713137506622378403e+00
1.959102982437809226e+00
-4.306276600777114716e-01
-5.406075309361910719e-01
1.235589777178341508e+00
2.709761258745854828e+00
1.101110791870303807e+00
-3.080348852367033041e-01
1.917332020630721168e+00
1.424309636666840628e+00
1.272108172272411020e+00
1.652178616220703056e+00
1.697948138583425415e+00
-3.705915984037700950e-01
9.746267811379190071e-01
1.760859507783069766e+00
-3.615107406650437394e-01
1.596470514050084777e+00
3.039119129943113951e+00
1.875269492348129230e+00
-3.957739360975134346e-01
9.568388526633324620e-01
2.054131706748174135e+00
1.339073571631007376e+00
1.829397666785255616e+00
1.531273510796050008e+00
-3.434229700466940316e-01
1.281544407901946681e+00
1.497031014018640693e+00
2.680165063572967910e+00
1.454044036532204709e+00
-3.405594845235077606e-01
8.887686863883852428e-01
2.922913044001249183e+00
1.328937236386677379e+00
-2.810851005080547971e-01
2.837781224405921066e+00
1.784502643971030977e+00
1.473289339023109434e+00
1.598943092704521174e+00
2.775995760971836201e+00
2.239654555401885183e+00
1.507066109628809381e+00
2.365650642622225241e+00
1.058312124898543427e+00
2.789679565332837452e+00
-3.941594558022627481e-01
1.534679149768889861e+00
1.399143905317419723e+00
1.686308121526278292e+00
3.183529345540760058e+00
-1.203311630035796415e-01
3.235344966007577039e+00
2.443399044805417919e+00
6.359838412220979453e-01
-1.552132830839821620e-01
3.131817502187309366e+00
1.122182824137672785e+00
1.307463940852215512e+00
2.008044198913202294e+00
1.029950060260388156e+00
3.171013320700394544e+00
1.576939944230718149e+00
1.745493358579471632e+00
2.199534517139944523e+00
1.755142630693452332e+00
2.751936985526579171e+00
1.574135196093725764e+00
2.298755939742277654e+00
2.338724667885646369e+00
2.022823407360839543e+00
2.288409640116463528e+00
2.349907387988795726e+00
1.881636587941633687e+00
1.754362401134078819e+00
1.732710825517805642e+00
1.869604053271861854e+00
1.109629121896527737e+00
1.709053290319857199e+00
3.097872770225049699e+00
2.174045889087665273e+00
1.274642559053912105e+00
3.770514662070998391e+00
1.897904537114805557e+00
2.743670575872767081e+00
1.752085013334998553e+00
1.769798451889264435e+00
1.629633791497951290e+00
2.057750355047663682e+00
1.259770603573020065e+00
2.020864059437970095e+00
2.520272659677951665e+00
1.245314812413650607e+00
1.963638708530165200e+00
3.100293209560859964e+00
1.681462696575514393e+00
-5.128616086708202015e-01
6.769673451900088956e-01
1.987757750588344585e+00
1.181443028828931485e+00
1.299881323955734747e+00
2.224802310218486845e+00
9.132838529925995097e-01
-5.221561169025903393e-01
1.560916416814343455e+00
2.121514823014349460e+00
1.458290187502707003e+00
3.765339939367577493e+00
2.696659367148362740e+00
1.984344340918563043e+00
2.028717274652419356e+00
2.302632833178182459e+00
1.664521356201110081e+00
3.094074855110241273e+00
-1.284270541554028422e-01
-3.174039429026747072e-01
1.200959418310697524e+00
2.209384912712078375e+00
2.023042419155330229e+00
-5.331323609161118249e-01
2.241828154991642119e+00
1.414555562285789492e+00
2.661988090313242239e+00
1.602374615384621226e+00
2.194647492672221034e+00
1.377386641023915725e+00
-3.223940092606409902e-01
2.489906343352741303e+00
-4.590456450892259621e-01
-4.584225430326231976e-01
-3.496935521829368509e-01
1.755790993615785389e+00
-3.531066545254060163e-01
2.268233851714841265e+00
1.846126934470817105e+00
-4.634415426794881721e-01
2.166158628802139496e+00
1.364396591306306750e+00
2.380952274962079951e+00
2.828828601682467081e+00
3.365302457553226656e+00
1.516423791129222653e+00
2.794776924367314841e+00
2.730526252514226648e+00
-4.259687322722811587e-01
3.015750991478460374e+00
3.147690378887727292e+00
2.093025389871580266e+00
1.122357027576932786e+00
3.321173914958048368e+00
2.766521433260958673e+00
1.959937393583706999e+00
-4.867823932620569671e-01
1.065411638003415318e+00
-3.391345179267209464e-01
2.018333976439564914e+00
-5.800442326125013759e-01
2.142070038023114797e+00
1.553223192757632987e+00
1.368128758948909285e+00
1.966548966612499560e+00
7.591175591870702455e-02
2.314157458165579939e+00
1.706290353751129363e+00
1.008468191505106581e+00
9.040930570944637479e-01
2.214156075865516549e+00
2.088969212853925228e+00
1.154941035685548512e+00
3.364723232237842865e+00
-9.205180197346934934e-02
2.726316143419596827e+00
-5.751183590870435625e-01
1.215055489050085757e+00
1.752397709558561001e+00
3.592423434398666515e+00
2.516214919827972629e+00
1.748537755944141736e+00
2.234669724565374604e+00
1.489374592837207523e+00
1.759804172487389629e+00
2.819718288115601101e+00
4.151144981609221851e+00
1.788919883036539371e+00
1.718368655499831199e+00
2.258350025453280452e+00
1.901078474674509522e+00
1.653070555800750796e+00
2.028798022659384692e+00
1.636333244524233566e+00
2.252910054970363785e+00
9.832418929561218546e-01
8.542144509370215300e-01
3.166435996220539284e+00
3.165988120553235419e+00
2.062304795579062766e+00
1.529199084960997546e+00
2.517848146650466745e+00
1.859477566284911898e+00
-4.762535443488531417e-01
2.707380614468711144e+00
1.796574877285026295e+00
1.698456122377470567e+00
-5.030725604414789665e-01
2.370402366116225679e+00
2.041435024268378307e+00
2.027132691768638750e+00
2.089189387648339391e+00
2.356188104289443253e+00
9.938547626703563287e-01
1.589687033153752704e+00
2.685758468345045280e+00
1.309021620787376161e+00
1.205759030090328476e+00
2.015653559313076215e+00
1.620775642392537019e+00
1.536240523438237249e+00
2.482832119328369558e+00
2.859682014774523662e+00
1.436678762301585310e+00
1.390934907151087030e+00
2.717168991012491652e+00
2.475419633685460141e+00
1.944410939535701655e+00
-4.012094770663055532e-01
9.330566784858842500e-01
1.431813878564792919e+00
-5.114492858528255637e-01
1.376639957719879570e+00
2.688803664703788510e+00
1.873825775271223959e+00
2.145846091175782622e+00
2.287761372744642863e+00
2.494022015660005032e+00
1.253349643077301456e+00
1.594066403253230124e+00
-4.023061848218539849e-01
2.665254142032174478e+00
1.667670242008271408e+00
2.205994815120660313e+00
2.084865645605028739e+00
-2.954207570268815308e-01
1.883254619120051654e+00
1.067126453484535498e+00
1.084343058623224110e+00
1.930649077435639960e+00
2.266238299694864899e+00
1.867487660188987153e+00
2.592229825285690570e+00
1.360025005208873150e+00
2.428292287115244363e+00
1.895587572112156671e+00
1.366569340442550740e+00
2.595733059425643141e+00
2.665305224111738092e+00
1.482952052467597426e+00
-4.317982703360389030e-01
-5.994628765143434901e-01
2.849594724046291994e+00
1.145584596862492255e+00
2.295411786910742435e+00
2.373016087701983245e+00
1.773490139502184704e+00
1.638803606782554878e+00
2.679586924501401235e+00
-3.840512187956564016e-01
-4.854542687772207543e-01
1.704021269113505266e+00
1.969572460638372879e+00
1.209327258575631614e+00
1.818146599918955664e+00
2.032272080051019891e+00
1.744273430596611441e+00
-5.443945460189000274e-01
-3.914739789194804365e-01
1.437449279813602043e+00
1.146654993981404136e+00
1.808507746861264920e+00
1.833771380740787382e+00
1.913979841406714621e+00
2.392104834790075074e+00
1.160077575925383409e+00
2.437317770576536091e+00
1.041885587562857429e+00
1.990695058531138706e+00
2.788739491434153006e+00
1.683479307809978565e+00
3.371342771924765724e+00
1.232523955324955178e+00
2.244239875467550771e+00
2.455722859177858819e+00
1.179436494449666917e+00
2.183323513622078771e+00
1.824272179977852737e+00
2.107529223629708515e+00
3.399459924002675937e+00
-5.892235973950655792e-01
2.477984950728383318e+00
2.469983133760798921e+00
1.718140320496720719e+00
1.297251159852129909e+00
2.661116209048770553e+00
1.425370910781903255e+00
1.666293777877743354e+00
2.271340653532162079e+00
-5.287107836287263662e-01
1.626883688978183251e+00
3.384693010814843639e+00
1.650064517318077906e+00
1.851634021708113753e+00
2.058456155687751199e+00
1.041056528496440370e+00
2.587533624325978998e+00
-4.736607284653154837e-01
1.142401633803369343e+00
2.213569475789474605e+00
1.352133300605326660e+00
2.803092684132240109e+00
1.615176384942877075e+00
1.385284447406632147e+00
1.162382479662693591e+00
1.352008767237309561e+00
1.665472329997249368e+00
1.988353760138463100e+00
7.757924240724203280e-01
1.222469338072749379e+00
2.539525761381695279e+00
3.028291235627394329e+00
1.655682551888786325e+00
2.410353681249030267e+00
-5.346196795603266327e-01
3.067948228561901747e+00
1.962743274404179949e+00
2.144045302188830604e+00
1.793661151224779093e+00
2.614196137289922284e+00
-4.934949543698982088e-01
2.130490709879444999e+00
1.980051108394135451e+00
1.780720430936333143e+00
2.125645220571505511e+00
1.766174659503510380e+00
2.403752071898938247e+00
2.628282844241843996e+00
2.277334523465691873e+00
1.110215565969200568e+00
1.549328250698301712e+00
3.948745462516319193e+00
1.419922424838920616e+00
1.381421084538337896e+00
2.068097590245219664e+00
2.175000628081764198e+00
2.966765612944874064e+00
-5.114492858528255637e-01
2.198144150189112356e+00
2.370098218195333395e+00
-3.777859772808260796e-01
1.144822372329433513e+00
1.751943906831215925e+00
2.594839044922842231e+00
1.891423109671060754e+00
-2.529769797124346575e-01
3.028820997314631835e+00
2.172382522661971294e+00
1.657866864678970487e+00
1.130349343650589145e+00
1.776501165964982754e+00
2.431930403640265581e+00
2.258554680282662375e+00
1.222287146646050093e+00
1.817201301874727726e+00
1.803701516560437756e+00
1.772347224147612366e+00
1.257354354359318194e+00
2.274592949552225463e+00
2.178956268107177685e+00
1.782591886228345190e+00
1.644632474999734528e+00
1.662581113102838959e+00
2.568007796642024942e+00
1.722733732531016582e+00
1.728441513692139386e+00
3.664284891303780434e+00
9.181825968479507827e-01
2.273024642567369469e+00
2.829795982134259091e+00
1.620124293048074371e+00
3.161813639945474819e+00
1.870816153053827646e+00
1.000128037090187938e+00
1.676764747448816539e+00
2.172727762080624458e+00
3.001463479315068295e+00
3.696904106491059494e+00
-6.073030574300865014e-01
3.020641435179453715e+00
2.043476929837916067e+00
3.940507646948274711e+00
1.563552244568090277e+00
1.883521205964989953e+00
1.802563017411879187e+00
2.280891027716486441e+00
1.959285168935364307e+00
3.499645661280908371e+00
2.445690401921217116e+00
2.327955200742232833e+00
2.314617074213135339e+00
2.402188268689497974e+00
-5.825290990666943669e-01
4.391934783353593552e+00
1.975204256111664725e+00
1.731296836636857073e+00
1.237631010680090515e+00
1.833813375819966840e+00
1.864178663019619986e+00
1.460085431816477097e+00
1.693454222843769674e+00
1.868683855854797571e+00
1.678033829650852571e+00
1.553416310179426052e+00
2.151614921229280775e+00
1.817610085788425422e+00
1.842681854669681485e+00
3.223140130687058846e+00
3.743458186087764261e+00
1.864312011683282977e+00
2.332172584621287736e+00
-5.257837244574771196e-01
1.780470979607434945e+00
1.808990118972412908e+00
1.681453812097258194e+00
2.817044813440922724e+00
-5.185597536424022547e-01
8.433884855163367167e-01
3.049309222741892089e+00
2.265817207000096811e+00
2.151448861271703983e+00
2.099289885652370735e+00
1.824239693071950885e+00
1.884925462138142382e+00
1.790763533335052227e+00
1.899954207659007022e+00
-3.424663708093074188e-01
1.390747124306621618e+00
2.612110689697256127e+00
1.613582438332290980e+00
1.182084092761998884e+00
1.135335961458683096e+00
1.687898387137048761e+00
1.144168234254764993e+00
1.787478152470776349e+00
1.767953152399977190e+00
1.539163804859387641e+00
4.202246308126957430e+00
1.688085375936557497e+00
2.022711643680265237e+00
1.290354340362404262e+00
2.814334324157666156e+00
1.327583488773939724e+00
1.269989690609716337e+00
1.115091496773365165e+00
8.306832537885282530e-01
1.972088300083400858e+00
3.443343064892959937e+00
-4.659738842555494198e-01
-4.749551821451382660e-01
1.367104217723509763e+00
-4.461169609192918717e-01
-4.072010591233989063e-02
-5.316526699400327960e-01
1.677547561573568213e+00
1.642123070878617419e+00
1.478335478743089793e+00
2.684870002515981291e+00
1.144013415963000213e+00
3.038825840655785093e+00
1.541890984037101564e+00
2.049005401154919692e+00
9.295459219179402766e-01
1.977574241296162771e+00
2.716423426211117764e+00
8.428270876445683735e-01
1.937663208859905506e+00
1.594281597805350170e+00
1.988885703240204084e+00
2.973458717864425616e+00
2.720750056409755757e+00
1.995562772295939480e+00
1.929824385587614710e+00
-2.898834503048481892e-01
1.567878804346635846e+00
-3.610121309229197828e-01
2.170727419632077826e+00
2.271927675001560676e+00
2.775328909344721318e+00
1.916695581787678737e+00
8.158090369035689848e-01
1.654181312817915028e+00
1.894916592118145005e+00
9.552305389416440029e-01
-4.388986251692409968e-01
2.331679046222904894e+00
1.699902147177099643e+00
2.009983852832629481e+00
2.010889489104079608e+00
2.249282577486559020e+00
2.286151034994656328e+00
1.429356190472481636e+00
1.509643536823371157e+00
2.110943103801496079e+00
1.344827111740867220e+00
-4.207885947879494437e-01
1.839611246865548999e+00
2.104907282449879347e+00
1.486104156455065439e+00
1.779549262684038125e+00
2.354284206361937137e+00
2.795444232623925274e+00
1.282837219406151696e+00
8.999271788887328594e-01
1.609610414185421057e+00
3.560512948839380076e+00
1.030700556653782130e+00
1.674498082918213449e+00
2.232848754138651248e+00
2.287103425032412929e+00
1.827033018384524699e+00
1.490681541001167343e+00
7.603844900739369361e-01
2.304026981692297582e+00
1.914070320260699454e+00
2.366120680723566849e+00
2.884852941113384972e+00
2.699672102055452605e+00
1.998177379689336064e+00
9.496092914805773777e-01
1.011225547374931644e+00
2.500735404404053952e+00
2.843064658428668068e+00
1.853956233142796783e+00
-4.485568481305163280e-01
2.575491198914803270e+00
2.901189680546980121e+00
2.777008121634178650e+00
2.197704635798946704e+00
1.817501288022978390e+00
1.905339257895211968e+00
1.758537155749842595e+00
7.387409193814397090e-01
1.950263521609252759e+00
1.500259738481160676e+00
2.205647551075168522e+00
2.453874599014046254e+00
3.421869285433134511e+00
2.171849092421087590e+00
2.223361688699722283e+00
1.128070107737057626e+00
1.451402096552593335e+00
1.039770915045420852e+00
1.774330094985302697e+00
2.493914206178661885e+00
3.002501799285417938e+00
-7.753412250306100650e-02
2.643671685676461269e+00
2.008037182083690197e+00
1.852482949778640808e+00
1.989277230401125696e+00
1.768678580405437906e+00
2.681845555047298824e+00
1.847284608020606456e+00
8.252312041558782507e-01
1.730927468592983409e+00
2.288402874062498427e+00
1.743230999785715385e+00
2.000023863554559966e+00
-5.100415410158657403e-01
1.722094547764935424e+00
1.366733510791946937e+00
2.236194524866368383e+00
2.926801917764948691e+00
2.958280549609877852e+00
1.444130707710439054e+00
8.448781767067046200e-01
1.392596044778455777e+00
3.009317300356217917e+00
-4.762535443488531417e-01
1.257207749495696358e+00
2.302803560631184965e+00
1.308454827062676795e+00
1.149480672156740102e+00
2.325873252229524457e+00
-4.749551821451382660e-01
1.594883717094115472e+00
1.993616628493188880e+00
2.347305592886291592e+00
2.604429445222035344e+00
2.231004171448410567e+00
-4.867823932620569671e-01
2.912486334870017401e+00
8.040704751543157336e-01
2.970795310703509884e+00
2.316883084789222114e+00
2.042480504591115853e+00
2.987601382796188254e+00
1.987093343926357836e+00
3.133159682031846138e+00
1.805383466654387759e+00
1.557115769924212856e+00
1.580217649957877724e+00
2.641588497336568420e+00
1.245166994796632842e+00
2.785072906298363460e+00
2.460048596124028819e+00
2.505759552807434343e+00
6.055743758043085068e-01
9.534912404695936594e-01
1.721953377786165529e+00
2.507108646961776266e+00
2.141234793834274619e+00
1.518118924069428610e+00
1.912118387346474435e+00
3.176879109283725633e+00
2.316105574523100064e+00
3.575462437289876227e+00
3.497963114465735046e+00
2.759411709126672108e+00
1.693067028066901347e+00
1.817449671501728314e+00
-5.157025059977766723e-01
1.624623978854959017e+00
-5.086383028256024064e-01
2.379355173573201476e+00
1.912845984645445085e+00
-4.962114633532770380e-01
1.054095083373289388e+00
1.078601370842964258e+00
1.987460151441365674e+00
1.514768030459249459e+00
3.466505984678418528e+00
4.093887276453684443e+00
2.318653815290246722e+00
2.696067221930114943e+00
2.067817904947812924e+00
2.245290377643248902e+00
2.832141423099255206e+00
3.622852200074719420e+00
1.548649280763588099e+00
2.704958216151079675e+00
3.676898363926786928e+00
-5.199930769287592902e-01
2.077700010980669809e+00
2.478226698879145040e+00
2.398684547925289401e+00
1.518104154594102084e+00
1.499463670056712772e+00
1.952308534741691748e+00
2.450440063273017888e+00
-4.788619328255582230e-01
2.125140837427228924e+00
1.839637928039161263e+00
1.092281833147519698e+00
2.312166514653488214e+00
9.281821101498055615e-01
2.075026709729077545e+00
2.457385508000364371e+00
2.256984512337960602e+00
-4.317982703360389030e-01
2.835351216220485249e+00
2.390233579568072475e+00
2.677985553354272241e+00
1.454652733953304189e+00
3.105427331366386490e+00
1.974608758868578118e+00
3.365517649453156235e+00
3.132591406023133018e+00
2.708737730846147329e+00
2.249588260781820281e+00
2.468024363715159541e+00
1.123326992640980349e+00
1.508300584238502884e+00
1.047858450080519255e+00
1.503061701303641806e+00
1.462278077134022691e+00
-6.326440876396700608e-01
2.195014718884481297e+00
3.082701658752169394e+00
2.734469777602397400e+00
2.005744437635344823e+00
2.001012544854154918e+00
2.563237091585087057e+00
3.003500569249151653e+00
2.138651710626066738e+00
1.157566274977762877e+00
1.887282378603255761e+00
2.166177830477035826e+00
3.069684585076963401e+00
2.056184068010174837e+00
2.523506032206630056e+00
2.964388525518141471e+00
2.514901538573522721e+00
1.857383615799776511e+00
3.062301322002510595e+00
-4.522253127983538734e-01
2.481884381101406856e+00
1.858321806617892147e+00
2.871968706115180847e+00
3.260166999129133991e+00
1.198181688879876194e+00
1.952525979707408155e+00
1.920329040190974945e+00
2.620921057058689385e+00
2.202570039744402575e+00
1.984517318050017520e+00
2.061082362368646947e+00
2.608968482520116261e+00
2.744606495514403832e+00
2.205407162300143220e+00
2.252705250362661005e+00
2.631967251139381681e+00
2.891119211108501119e+00
1.284114459318206336e+00
1.762546102484496613e+00
9.409893262237372102e-01
1.647343332385085901e+00
3.761534718375535213e+00
2.860265485687113252e+00
1.072189755800432520e+00
1.985902272974183091e+00
3.289952234764493166e+00
9.544833986731459108e-01
1.929260739793563495e+00
1.089198372785455948e+00
1.753341167763492692e+00
1.304900457216759069e+00
2.530196239862095187e+00
1.642028994481508519e+00
1.616632708976127653e+00
2.595615277581232228e+00
3.313045032253477018e+00
1.182014527370471413e+00
1.427123463648977797e+00
3.353627513915152569e+00
1.106954422832729268e+00
1.189362545355021172e+00
3.220037064907956381e+00
2.624277765570319332e+00
2.279274607224992533e+00
1.689402098531854524e+00
1.443818197757418709e+00
2.369996215321884758e+00
1.693484522101406986e+00
1.312640411004304175e+00
1.378897161352125922e+00
2.810592246531538940e+00
1.867189763840977346e+00
2.074056139835577461e+00
2.713125726941023164e+00
1.382845030402028996e+00
1.900959340565300693e+00
2.153067952820142850e+00
2.854059361385907323e+00
2.267261870455963280e+00
2.466880585442039475e+00
3.657292076437494543e+00
1.163802146333616339e+00
1.413867174133151217e+00
4.184521695604211722e+00
9.453917719434787870e-01
2.507248486784505737e+00
3.613688444059839355e+00
2.011726892891613439e+00
2.741919405391167075e+00
2.175717642118581097e+00
2.336685371012806378e+00
5.320306382687203239e+00
1.519033450903644944e+00
2.942478961634180656e+00
3.060501125654946364e+00
-4.467243764640934645e-01
2.718627905207255502e+00
2.138661677663272975e+00
1.725319168906673806e+00
1.836462374823870869e+00
1.684795994773550243e+00
1.903897447347884686e+00
4.328559875862650230e+00
1.727321583121441684e+00
2.527941661670807694e+00
2.380588144410478613e+00
2.227533988068600923e+00
1.650826218850334426e+00
2.047516377908070950e+00
2.343969477376224297e+00
1.854607450830637383e+00
1.992752146359031640e+00
1.600354466491401340e+00
1.936196951313336356e+00
3.617142304338936576e+00
9.696450554955970969e-01
-4.347430500742698323e-01
2.331794335387165074e+00
1.477662229716470543e+00
2.938526764712753536e+00
1.719433468235542106e+00
1.855216012979890472e+00
2.402877999204805270e+00
1.522920003042852688e+00
2.114399034914142383e+00
2.729658947445500861e+00
-3.685562278418038074e-01
2.478474537702112901e+00
2.407498798800216999e+00
1.322622361625186649e+00
1.702784728415799975e+00
1.081976531865698421e+00
2.293500824795866588e+00
2.795346977299645541e+00
3.784234249061060318e+00
2.136433542379743145e+00
2.300516962483357464e+00
1.746991996719902129e+00
1.741869271975483358e+00
1.261191424142588779e+00
2.684081982425813528e+00
1.477199734063189496e+00
2.335142801943844049e+00
1.596692458077006549e+00
2.218000904704709342e+00
1.842150172408493436e+00
3.041649622498621142e+00
2.943374890016676737e+00
1.668837594301971095e+00
1.922983248433193237e+00
2.007596293715910640e+00
4.228385967548458524e+00
2.709847566037145938e+00
2.048344136163049889e+00
2.920744216942210869e+00
3.614922263612346587e+00
1.537529340636863751e+00
3.648487543969652247e+00
1.636703482948515420e+00
1.872977461513324116e+00
2.390108005102645983e+00
2.181245965815716836e+00
1.508058132506266968e+00
1.807686296030923234e+00
2.577135077529456364e+00
2.138656264299853671e+00
2.125439563302541579e+00
1.474194371616876165e+00
2.401407382895820231e+00
3.126458647730497198e+00
3.345668358458646630e+00
2.018253733929416427e+00
1.179034150533907921e+00
1.996359623753537704e+00
1.860172414240847782e+00
1.705320214107619581e+00
1.364441336352519185e+00
2.611082914702436142e+00
1.871985670301401949e+00
-4.928195434272050202e-01
1.969313205957133661e+00
1.607889057316085335e+00
2.676752290980815907e+00
3.159394577795649361e+00
1.790401886175636115e+00
1.300530230681983923e+00
1.636395459375893813e+00
2.611408183092233326e+00
2.786363672412868198e+00
2.088400311981431834e+00
2.304212895822485230e+00
3.125875395157945658e+00
1.427560613589752947e+00
-4.282911729104701970e-01
1.768304769273675969e+00
1.951611827471858129e+00
1.709898875737192459e+00
2.718441854071728336e+00
-5.346171549344232998e-01
2.483124887913723988e+00
1.418226585825361319e+00
2.564754210200057560e+00
2.116175190005471052e+00
2.177293909454779186e+00
2.185121267490418795e+00
2.025856570416666891e+00
-5.142785816395081255e-01
1.004170117129179030e+00
-5.331323609161118249e-01
3.021272363978282804e+00
1.497689388002507727e+00
1.980559638714019632e+00
9.698815725862335313e-01
2.637399478486128324e+00
1.617727272953226603e+00
2.718140550956188228e+00
1.596536589552613350e+00
9.106867283770734289e-01
2.484491932372355549e+00
1.637509613636184191e+00
2.673126681633146262e+00
3.082102410296155170e+00
3.739489312892138706e+00
1.965002629892671937e+00
3.401560225670552384e+00
-5.917600140602699010e-01
2.613414397564088887e+00
2.076175158213183547e+00
2.897463492809583041e+00
2.631485365822259226e+00
1.838464820519161158e+00
1.579639907253159059e+00
2.641931441392022517e+00
2.312326207736155048e+00
1.249565195452000843e+00
3.629254929032316390e+00
1.473376649203105959e+00
3.107958395763551263e+00
2.096327063961656023e+00
2.334246884206835126e+00
1.444606630420422810e+00
2.026851464485537324e+00
2.176935043614503407e+00
3.543918737130938634e+00
2.447068726274797434e+00
2.035042567378524403e+00
1.047858640568567257e+00
1.852159381092513213e+00
1.642116386957382046e+00
2.345588336562479448e+00
4.502957373756311554e+00
1.841393190330450569e+00
2.662938039248182065e+00
1.736244762785812190e+00
1.556380176172165619e+00
2.594184625916128528e+00
1.263962748292023708e+00
1.145876684014152325e+00
2.156847107145499542e+00
-3.151546407088574031e-01
1.367169276054390314e+00
1.788231978605054895e+00
3.773196481327264706e+00
3.820219164762202357e+00
1.491107689272269443e+00
2.485092064790466182e+00
-2.949920157507819884e-01
2.522887319297095754e+00
2.025518867361579822e+00
2.912171602043546415e+00
2.023990304583466848e+00
2.567131402479253310e+00
1.813377445669811516e+00
2.384612869174259409e+00
2.414669970250567843e+00
1.743351591808211865e+00
3.937944589811989804e+00
1.903948657004163270e+00
3.252971654486676911e+00
2.524219263835518756e+00
1.303960646547239755e+00
1.788814577697907637e+00
2.450075427320322241e+00
1.359949177870300119e+00
2.754715085226374427e+00
1.906360669549698628e+00
2.422350744853240645e+00
2.299328415334310094e+00
2.077796264392611114e+00
2.016857820821030600e+00
1.237244373558128441e+00
6.397852046330626541e-01
1.464117288927640370e+00
2.386229980972793818e+00
3.130915244418956078e+00
-7.258421656069830030e-01
1.705637020971742857e+00
1.664166386677087939e+00
2.097985306390964588e+00
3.037279264059163708e+00
-7.077439400016530824e-01
2.815842805946223937e+00
1.123688120965281811e+00
1.269793022439367425e+00
2.552294772585020688e+00
1.407619007201009964e+00
3.068871512233875443e+00
1.744030390641504891e+00
3.539611941382629912e+00
1.305329517112950199e+00
2.378317019421584355e+00
2.024384652445046395e+00
2.218213851852600449e+00
2.889645182522263323e+00
2.952631826167396945e+00
1.765785838170954136e+00
-4.559319630457153716e-01
2.295618677320149459e+00
3.302383831769033939e+00
1.930941352379098808e+00
1.758334156127606462e+00
2.743196754816644933e+00
2.471183076969151848e+00
2.687807857647953380e+00
3.131573498661033295e+00
1.926611677932976274e+00
-6.615480861237976740e-01
2.798859758727807456e+00
1.178271696457537931e+00
1.925337545054933486e+00
1.919744349268085681e+00
2.428708076915008007e+00
1.922237431569481014e+00
2.499002970386470679e+00
3.076990262123728392e+00
2.878204175681950971e+00
2.420783852781187129e+00
3.322313799998504180e+00
2.543662975061925291e+00
3.182591907380114549e+00
1.342393033844521799e+00
2.906333283721581395e+00
2.055213703824445126e+00
2.678394051192373837e+00
2.477829836853293166e+00
2.106636119887668190e+00
2.196237830691071480e+00
1.799967546642429417e+00
1.384012694831289192e+00
2.844209632675888777e+00
2.595369318507297685e+00
2.467165677322505246e+00
2.430007217030497380e+00
4.227081397639343763e+00
2.443288765705176946e+00
3.434196840162490716e+00
2.372618386684120395e+00
1.765544862097461642e+00
2.854752529823700868e+00
1.651968356397887305e+00
2.372585225240172235e+00
2.698949412241975487e+00
3.379393740844012672e+00
2.241467763550359926e+00
1.549983279591072849e+00
2.045985141491536652e+00
2.366274126997183203e+00
3.259276093532569085e+00
1.061942291740788802e+00
3.131005462068555900e+00
1.993040139568066804e+00
2.561498771410589903e+00
3.211183431871616811e+00
3.747871258114230830e+00
2.322496159330177168e+00
3.195882030078978531e+00
4.250934997385441783e+00
2.366892180267491597e+00
2.705731602150117876e+00
1.631117932996491104e+00
3.341581937028701432e+00
-5.391021504360695715e-01
-4.553124165050195793e-01
1.832186254112155188e+00
2.593931325911614572e+00
2.327568963917604261e+00
1.335421511074281753e+00
1.694560551157255679e+00
2.670187849666415758e+00
2.343181996630701036e+00
1.802541069463860168e+00
1.978044575235785807e+00
-5.686362185837008365e-01
3.341090434748335447e+00
2.067702818703991863e+00
2.671730318785862757e+00
1.178415658431472668e+00
1.755115054727972357e+00
2.404389793191449076e+00
1.267976982215591963e+00
3.699398218484063250e+00
-2.997309962465113387e-01
1.419335351923860067e+00
2.987633014390402408e+00
1.880044778189529975e+00
2.343745903649250728e+00
2.270050535398636882e+00
1.506416986640681355e+00
1.809522557060720960e+00
4.783531935791570433e+00
1.307442541545448922e+00
3.785283294212332450e+00
1.305963543189376130e+00
2.438097544440084974e+00
3.113205021936947148e+00
1.727520916796569939e+00
2.018781541433837923e+00
3.579602086486295853e+00
1.243707095772570437e+00
2.267320675029999233e+00
1.098919968189242535e+00
3.034202043778158497e+00
2.206704849433061000e+00
2.555452909166922026e+00
-4.306260998741501811e-01
2.027306198257614156e+00
2.064124974165729043e+00
2.186017937094420382e+00
2.942292986746625871e+00
2.651873760169558558e+00
2.421512957990842096e+00
2.200910251444986088e+00
1.954219820393946261e+00
2.769474426180047466e+00
1.802954885261148776e+00
2.961995383045720409e+00
2.522511572693315607e+00
3.545124152390131567e+00
1.323148378047539486e+00
3.138157039301422202e+00
2.739174999272392164e+00
2.371854242215543529e+00
2.358168097577571398e+00
2.565208719423244244e+00
2.523712280921377893e+00
1.095849041466781415e+00
1.898063054845412712e+00
2.172858604771079172e+00
3.345231178412461759e+00
1.997386509825172185e+00
-5.361069982045415516e-01
2.489356139709131277e+00
1.021947088342361143e+00
2.480502741133122857e+00
2.064604092770122357e+00
-3.381873225838269437e-01
1.313614137541768478e+00
1.863048928766895207e+00
2.183823325883571087e+00
6.082087609554259977e+00
1.230115804361668230e+00
1.387193831619129014e+00
3.558869480056982226e+00
2.525376893794847977e+00
1.097777725390079340e+00
2.744477701751811161e+00
-4.265485575608081725e-01
2.605908626307814835e+00
2.298762268961867417e+00
2.074775059425983947e+00
4.209442365735146296e+00
1.508043423175026376e+00
2.043887417714451260e+00
2.411937906484809435e+00
1.092158972133039363e+00
3.350598588219646512e+00
1.873442200178738970e+00
3.001640269136793826e+00
2.680329331384184055e+00
1.645370483860293165e+00
3.641862708401166770e+00
2.677205047403098170e+00
4.800060137313729491e+00
2.496859005502994222e+00
2.024856153472128995e+00
-3.736596245470669153e-01
2.284976093263582086e+00
3.390185828937142265e+00
2.878202000153476714e+00
1.273127307946009701e+00
2.532926524244047961e+00
3.460448321695499097e+00
1.019593854760177942e+00
3.149426903227762864e+00
1.640629370570935386e+00
1.719517057354510214e+00
1.858211507812813856e+00
2.536211805103903760e+00
3.631620411210216393e+00
2.001180235270171082e+00
3.544450629864289937e+00
1.038878229010552268e+00
1.600090244405429463e+00
2.235603185586518826e+00
3.485500867945526160e+00
2.977425481424544440e+00
3.009465023515964344e+00
1.791197426016589711e+00
2.139976554001513875e+00
1.677837003822289841e+00
2.605174516343918611e+00
2.538033175604077485e+00
1.820474000685357252e+00
3.752205377533713637e+00
2.468239469982884238e+00
2.900137848259810802e+00
-5.670307125643206936e-01
2.729996508127846777e+00
1.526109368572219793e+00
1.683649696657404604e+00
2.339549746444765432e+00
2.783102389239878072e+00
3.804889836501959000e+00
1.847749187931932768e+00
1.810054133834104961e+00
2.402587188895382031e+00
1.636172922383700934e+00
3.162538368130557664e+00
2.508346333466715095e+00
1.938492155127503391e+00
2.304559116056398516e+00
2.365261416724076415e+00
2.582670969174743814e+00
2.108380587175855858e+00
2.592349583765235721e+00
1.501928330218602614e+00
2.714216312249735807e+00
1.530153270257738729e+00
3.184769847465022341e+00
2.106571623359484668e+00
3.390767079767562642e+00
3.390640578572357455e+00
2.579276973111551907e+00
2.368903880484482194e+00
2.847304767775247658e+00
1.832128711597904136e+00
3.893921139482039884e+00
2.396393208761155691e+00
4.000073683451967455e+00
2.535587737163196742e+00
1.355458686407428726e+00
-4.814860428648006230e-01
2.050823160629851039e+00
1.473596434016669399e+00
1.849478970655589416e+00
-5.474476109588802819e-01
2.923598338911829853e+00
2.180544971625438144e+00
3.106380405150084734e+00
3.255977801098800306e+00
1.584636452057994305e+00
2.050721812822231094e+00
2.262414884563659356e+00
2.243159551838872723e+00
2.060761623400406695e+00
3.654798736130545844e+00
3.212394693314349681e+00
1.468833836067592991e+00
1.495169379709237356e+00
2.775121476882981497e+00
1.223489945742049834e+00
1.014426564195370251e+00
4.105708547145704657e+00
2.265865315720242634e+00
4.731680444174819478e+00
4.006163816126967703e+00
1.917536986985891811e+00
1.973851609748509262e+00
4.371446729896235617e+00
1.400856387313933915e+00
2.149236271545097665e+00
1.687773786578836699e+00
1.279564221539824631e+00
6.282354619585959199e-01
4.438456692896173728e+00
1.594292976005882601e+00
2.328558051157059605e+00
2.284271659863330584e+00
3.040145808274050676e+00
1.163127980344796697e+00
3.772674460902399218e+00
4.179506233815365235e+00
1.967440020786603849e+00
-5.638373499249912379e-01
2.431326629275494700e+00
2.362233421499539965e+00
1.073790165881905789e+00
1.564287087386189601e+00
3.469397087369433308e+00
-5.214335057821549713e-01
-5.751183590870435625e-01
3.325087502287057184e+00
3.314339633100890303e+00
2.397693848635785052e+00
1.802978489655914895e+00
3.044753712898261355e+00
3.821360701032995522e+00
2.201010460352633036e+00
9.315075255555018696e-01
2.899131344961364043e+00
3.463847386553296381e+00
2.528057600009142369e+00
3.799391075993038935e+00
2.700348863771962371e+00
2.347442715753559561e+00
3.139692959094079416e+00
1.979671103377821595e+00
3.254576362386578658e+00
1.838142272422590207e+00
1.894080616073990253e+00
1.644428686258338157e+00
2.449863589026107569e+00
1.841201630082096585e+00
2.760160767139528737e+00
2.229762013695850698e+00
1.792758849877469363e+00
1.679280887376172871e+00
2.790759582971335639e+00
2.824348452130942100e+00
1.168423789427230908e+00
3.811675145028394773e+00
1.711102493726031515e+00
-4.383028746827463129e-01
1.965540327512295793e+00
1.878147487490231748e+00
2.128330523179368328e+00
1.969476964021670273e+00
2.011299690024458187e+00
2.016174298234417073e+00
1.453890905878618023e+00
3.416902508745543798e+00
2.503442476791197357e+00
3.176499734234582650e+00
2.751522232576563809e+00
3.295337633874401817e+00
1.852876276135935640e+00
2.370036894354510260e+00
2.860785196573695899e+00
4.345837689679826532e+00
2.797895836789611401e+00
1.378277492715609398e+00
2.548127543310930498e+00
2.395124607592657107e+00
3.415152475069148430e+00
3.681651458246578912e+00
1.412081965729719668e+00
3.014462732879374940e+00
2.305637441692729439e+00
4.420884493198894205e+00
2.370820632748666945e+00
1.864738062701243315e+00
2.549179628613163828e+00
2.139389307920014360e+00
1.838808173546800484e+00
1.789628317853095396e+00
2.967078180363671436e+00
2.072473801303248209e+00
1.860710848365597858e+00
2.727560292306439926e+00
2.919510706028316527e+00
2.055618915238483613e+00
1.880407399984523886e+00
-4.559319630457153716e-01
1.587869043195348606e+00
2.738716507804904943e+00
1.635232187599587883e+00
2.407880159601487158e+00
3.964961408669021026e+00
2.555643931177992378e+00
2.108196182004502539e+00
2.478442395147696597e+00
4.368065731524927386e+00
2.587205354371955757e+00
1.296051984286926473e+00
2.617620253308491129e+00
-4.253904511076415096e-01
4.001486247991490330e+00
1.566555153312748416e+00
3.141665912287626039e+00
3.247614797711261492e+00
-6.234230329371475143e-01
3.614327576024184197e+00
1.856060567404376194e+00
-4.854522577890957868e-01
1.593446518616232765e+00
3.411732329040595424e+00
2.108886517435519803e+00
2.972786821364937548e+00
1.438120949986947394e+00
1.983937641038650224e+00
2.140404112814727533e+00
3.142751069503187722e+00
2.675236844580114237e+00
3.612678640617026815e+00
2.161916174179749461e+00
1.504299780346669557e+00
1.639984257638858356e+00
1.695974672566214814e+00
3.188617053555306668e+00
2.508245146798413039e+00
1.922711057581827809e+00
3.344411172913015040e+00
2.242947116402669749e+00
5.361577935357098923e+00
2.100815496731527787e+00
1.720394969080518033e+00
2.636946420353696752e+00
-4.329736481518817182e-01
2.548890590838271741e+00
3.580827260809195778e+00
2.167505864033881124e+00
1.660656803297802853e+00
2.296577436466584299e+00
2.070995597730203919e+00
2.688976029852036653e+00
2.101375538033829926e+00
2.297264462065851554e+00
2.969869988985106346e+00
-5.867002303217820902e-01
3.625687671045143112e+00
2.382050234281572809e+00
2.049869992656353279e+00
2.705410341334004265e+00
2.560774104569847331e+00
1.146499731979189640e+00
1.674332848063174950e+00
2.593976768583245107e+00
1.266149290756584556e+00
3.183313354818807728e+00
3.920019513212197992e+00
2.004142881695386791e+00
4.147376448090920320e+00
2.495679592018934301e+00
2.629616850100508607e+00
2.811515341922969036e+00
3.789920381467982047e+00
9.572868891149255433e-01
1.587721629082361474e+00
2.308222694422110699e+00
-5.199930769287592902e-01
3.223899074099574769e+00
2.499044712699063364e+00
1.693803312412966111e+00
2.459808861080782449e+00
2.202849054498435155e+00
2.958101623543452519e+00
2.542051689228270739e+00
3.033918749513866864e+00
1.670983947381777135e+00
1.894728399061146096e+00
4.360327999767159568e+00
1.940174417883098412e+00
1.654738398938636834e+00
1.869188663643097215e+00
3.226618374325641803e+00
2.547277772886139768e+00
2.586339332223450249e+00
2.150187218602737094e+00
2.116909762251292015e+00
1.501645983388709027e+00
1.901773573303853215e+00
2.253261534829779311e+00
2.794054978946265422e+00
1.148618078341094417e+00
2.417024215777619833e+00
2.393940484186140250e+00
1.472258981961212410e+00
3.894943673792889083e+00
2.122248650579446227e+00
2.142604485857134033e+00
1.841202605886698596e+00
1.965716374257913124e+00
2.266607985218545451e+00
2.716643267150185004e+00
2.335590178111180748e+00
1.409103824529913673e+00
1.178385367216096213e+00
3.301902896429204759e+00
1.642500200108754527e+00
2.827671725414660386e+00
3.067176420542346627e+00
2.727849719010887242e+00
-4.509967353417408398e-01
2.745307713508476688e+00
3.870942936230952647e+00
2.237084035317454145e+00
3.234446527929659254e+00
1.060222697576670425e+00
4.258764135887389557e+00
1.637874727442229172e+00
2.382079953144415896e+00
2.837288228737766982e+00
2.100589136590626627e+00
3.093648214001171404e+00
1.279984780603636629e+00
3.018448967771674596e+00
1.625672372219614914e+00
2.147704149686854080e+00
2.078837286820234276e+00
1.700171305974303548e+00
1.355662104113058097e+00
2.524165515317460251e+00
2.465818156649046244e+00
2.942019346768784960e+00
2.495839503363963985e+00
1.580981906751628641e+00
1.523860561206009878e+00
2.547608580614455498e+00
5.039490329444689110e+00
3.044550836209845013e+00
2.366471470406634303e+00
2.468364996562071756e+00
2.887280156963752731e+00
2.831505022343043798e+00
2.368580162469014816e+00
1.251646503292884294e+00
1.683672771347575647e+00
3.311777025572848032e+00
3.223133653420081401e+00
1.366001272568156066e+00
1.730596217002418502e+00
9.270009984699429939e-01
1.917750005160762328e+00
4.228934747109743597e+00
8.274657640102076606e-01
2.571483919520395567e+00
2.203380183192309438e+00
1.619656600445172900e+00
-5.316627191392593321e-01
2.098430045274623179e+00
2.909540987109401122e+00
3.308600137373345795e+00
3.421061664565887561e+00
2.657886088093674104e+00
2.840419369957958295e+00
2.376133852239134647e+00
1.493116163324917256e+00
4.323900963132245145e+00
2.255225496003477659e+00
1.492162781530371074e+00
2.052203184359505439e+00
4.927005938484338543e+00
2.102576036803466941e+00
3.946296765011957142e+00
2.864081271241687432e+00
1.654864275032642773e+00
1.026246544445313713e+00
2.692040529266471083e+00
3.231466590372610526e+00
3.540062335761254175e+00
2.003048813363385250e+00
2.293541275776387778e+00
2.800386765657385979e+00
3.068567359541730433e+00
2.023129910968392231e+00
2.727554218086836180e+00
2.120274434037214384e+00
1.281407861787395186e+00
2.211887953535949691e+00
1.927356066411436863e+00
2.012170270450073239e+00
3.596985022761801876e+00
2.675851951398872330e+00
1.780661333061633433e+00
3.647334212710356738e+00
2.669738619758440734e+00
2.793587143387614269e+00
2.947507032873226684e+00
3.754503752264133354e+00
3.710860628227822477e+00
1.121017285336376901e+00
1.460918203114728975e+00
1.175105739332425347e+00
2.760870209548361487e+00
2.660728490246851763e+00
1.583900704250961189e+00
2.331829894459446884e+00
3.564528466939559159e+00
3.331690680929113135e+00
-4.509967353417408398e-01
2.777513031931049703e+00
3.287027658749595460e+00
1.833595866896063242e+00
2.173224857337582527e+00
2.403619322908336464e+00
2.326940691881895340e+00
3.330494287863004388e+00
1.879577710169531679e+00
1.054957458581621932e+00
2.937243342480080344e+00
2.145953987232638749e+00
3.099528924006488939e+00
2.048276644017653858e+00
1.414496012271668102e+00
1.365759297723884380e+00
1.194409453137732280e+00
2.845401286911060978e+00
1.895957950397780589e+00
2.005572968213519935e+00
2.157956727142902764e+00
2.097251695414889205e+00
3.171978053758071070e+00
1.886038518560122501e+00
2.794827737451909488e+00
1.867853257467427364e+00
2.394342537204972032e+00
3.001519890237836385e+00
4.873984564673961017e+00
3.926761238174584889e+00
1.877523857746031810e+00
2.827112925270284016e+00
1.954752973162283247e+00
2.417023787863060491e+00
1.267007004644374213e+00
1.463981981819242328e+00
-4.989493793250954212e-01
1.655237535364366908e+00
2.786262578704881587e+00
2.451002994350734099e+00
3.358181766036222093e+00
1.490217965558329194e+00
3.115478869201950385e+00
1.797624304708278054e+00
2.115330764216846404e+00
1.814597168707453356e+00
1.816251105843045721e+00
1.623197584299986396e+00
2.043452321652806880e+00
1.224920045983888706e+00
3.570810454327356442e+00
2.224422969118465154e+00
-4.329736481518817182e-01
1.840462656544795017e+00
2.707881678878410803e+00
1.254639994007919590e+00
2.369826962248347435e+00
2.328645491453512850e+00
1.732634803256281941e+00
4.210228653026655721e+00
3.837424186101486612e+00
2.586150144540514617e+00
4.531599757697284403e+00
1.606035953738986777e+00
2.072584222603055970e+00
1.806237463043838254e+00
2.356890430827452754e+00
2.674384448396548208e+00
5.341530561175720226e-01
2.883615157177775501e+00
2.265125303049994709e+00
1.639256842061078911e+00
2.442685888837381025e+00
1.442600762383035029e+00
2.358970778366358712e+00
1.460882750959648035e+00
2.024007120786087022e+00
3.135543950817042624e+00
1.312896269503858404e+00
1.599145644429871727e+00
1.362746124745026322e+00
2.056394306079632806e+00
2.307492905054391308e+00
1.982229952207204882e+00
2.697048320138244470e+00
2.013777520303207336e+00
1.920413554797862243e+00
8.895258071404194000e-01
1.511693519511039252e+00
2.550174748854268980e+00
1.718439198244694710e+00
3.330693692929295402e+00
1.614817558463979008e+00
2.255528163699333177e+00
1.579454285274444647e+00
3.984463829268547475e+00
1.177940233240679868e+00
2.475665679305161682e+00
1.237832448895162640e+00
2.212992368443791324e+00
1.766892226483883555e+00
2.187774809982458102e+00
3.385923383072426240e+00
2.190785218922975730e+00
3.731028775792109897e+00
1.582534905104027168e+00
2.491482509152187941e+00
3.811793997851597560e+00
1.490102627026532289e+00
2.298233762320590845e+00
2.761666071499946806e+00
5.109341858729983699e+00
2.021098856095475238e+00
4.258139113912726259e+00
2.356595607723805053e+00
3.400219506096949562e+00
-6.536514260541432808e-01
1.605454697318334567e+00
2.971492811291349678e+00
4.130929910078127598e+00
3.178825197503081235e+00
1.969520208458708233e+00
2.693588461064161610e+00
2.038859922874443953e+00
3.121454756539207231e+00
3.733863942404076930e+00
3.190213478424054117e+00
3.044627261049927647e+00
2.555331335154104710e+00
3.425015422041207014e+00
2.857704738021960900e+00
3.844187361281280246e+00
3.305327002891301547e+00
3.233627399600649710e+00
3.342115039842467716e+00
3.146419237637607669e+00
3.197953594922574361e+00
2.050939285882300567e+00
4.053812129758400218e+00
3.134904382098193221e+00
4.739742528923005516e+00
2.356053563015160002e+00
4.708711794958073682e+00
2.006607781865383355e+00
2.682053211578478091e+00
2.833128186320443831e+00
9.415825745615111764e-01
2.918641312422634471e+00
1.607650924198213538e+00
2.164053797502647924e+00
4.467462627863998392e+00
2.972906944161855858e+00
3.189810810421014331e+00
1.630900506549768370e+00
1.662400563087813588e+00
1.465341198561623148e+00
2.185618524683293984e+00
1.589837474635586556e+00
2.246362869102067172e+00
1.755510484379560587e+00
2.629450552465702806e+00
1.901613590079000105e+00
1.223638114508175168e+00
1.013360612419699436e+00
1.860478575423213599e+00
2.446709513701881722e+00
2.197896393015428718e+00
2.389706976924554027e+00
2.873853317684143427e+00
3.417963465154246094e+00
2.589487131926862418e+00
2.732945936658769170e+00
2.191714282212435805e+00
1.740587304993315820e+00
2.597184507292461753e+00
2.063485291548834866e+00
4.254086850754195126e+00
2.682855464056707717e+00
2.890285707677024973e+00
3.766901679724913965e+00
1.891427992348379883e+00
-2.949920157507819884e-01
1.606148743966334891e+00
4.255189824964661582e+00
2.461775093912740520e+00
2.378318826604778558e+00
1.861794985293453886e+00
-5.051505342032405199e-01
1.775573483710271017e+00
1.887453914215853068e+00
3.656731593694909410e+00
2.771045894229590800e+00
2.214629594241699362e+00
1.196035558014652000e+00
1.895084123277180232e+00
3.365636399927572242e+00
2.897558080763096733e+00
3.052460686033123594e+00
2.303133113015659816e+00
1.327471053188495009e+00
1.290590375586906591e+00
2.261757981080169788e+00
3.525990184069875966e+00
3.063917497012043967e+00
2.505263267112137093e+00
2.110740283757557734e+00
3.151437746713086518e+00
1.681222747992628719e+00
1.511132121619116919e+00
1.220996680004867052e+00
1.412256145843707955e+00
3.345889938373535877e+00
3.765713432469934396e+00
2.688488981608932349e+00
1.612339491717992068e+00
3.385543981725231077e+00
1.872353418156783800e+00
3.789834584181468458e+00
1.589463493429597918e+00
1.161128314159297847e+00
1.781741003225047582e+00
4.169857127719222234e+00
3.570065531861351449e+00
2.474426554886487217e+00
3.826493454333298683e+00
2.495266073051419120e+00
1.890702523313745775e+00
2.769804238399599772e+00
2.586101045322774183e+00
1.758623837709916593e+00
3.165360800225762272e+00
8.818124657653021448e-01
4.029744022731264863e+00
1.916597581137350570e+00
2.096934381127513625e+00
1.407964782588206010e+00
3.124782915942541983e+00
2.144357759801784447e+00
1.877828975721432148e+00
1.756258258068670308e+00
1.759250996376626297e+00
2.572381277635631402e+00
3.303461389667867287e+00
1.868426936602745725e+00
4.944397826117736372e+00
1.490996451488210806e+00
2.425828291945025583e+00
2.134812404257396601e+00
3.208233036022509310e+00
2.184902450958774001e+00
3.372286912512437063e+00
1.228926183728335841e+00
3.190681216968726197e+00
2.809239011278216847e+00
1.718596227907912777e+00
1.862774237521175102e+00
2.875879911745946593e+00
3.341295527561586098e+00
3.224007414449139297e+00
2.066541880969587464e+00
2.847156958424247541e+00
1.418393436716555156e+00
2.686965829037673004e+00
9.729886659864421805e-01
1.831943062469915118e+00
4.709317152007216123e+00
1.652715086625769381e+00
2.553634643950696947e+00
1.767659003410243956e+00
3.123568930327234483e+00
2.580360681399810119e+00
1.704815137546975556e+00
3.786275383561123142e+00
2.896972318675785196e+00
3.153777523774583535e+00
3.300685988722223740e+00
3.190122650324496156e+00
2.835117419911163950e+00
3.495636591794973658e+00
2.425348884081198086e+00
2.233733287710195192e+00
1.136767673286604774e+00
1.650410529890508515e+00
2.210696617157403843e+00
2.118203255944824726e+00
4.341716394951310676e+00
1.449585743422925788e+00
3.415570372093601925e+00
4.234163219578418236e+00
2.647493513420904332e+00
1.717712057312221541e+00
2.447221796115629289e+00
1.979197987987403984e+00
1.721752896003325706e+00
2.072183380126545238e+00
2.749932919600034609e+00
2.531625619460364796e+00
2.217993624276233700e+00
4.444042502223950919e+00
2.406290589012542114e+00
2.707919024952666120e+00
5.174153210816223591e+00
3.941829230923645788e+00
5.325770763763452820e+00
2.149609617360522584e+00
3.287109443818907906e+00
1.584814482355421550e+00
3.143970236131145235e+00
2.115743606803323296e+00
2.678193315398898378e+00
3.571375373744158033e+00
2.144268751198574297e+00
2.068299624926556390e+00
1.989053512551002267e+00
2.304676864973692396e+00
3.039563518001885623e+00
-4.540751044197313124e-01
2.619963312882607642e+00
3.906176971047737201e+00
4.348424027759195454e+00
2.855677797513989979e+00
1.705558761752671959e+00
2.304753263507049343e+00
2.000991212316334256e+00
2.538157575932538101e+00
2.635504648534902294e+00
2.466194128601188140e+00
9.641148127580959626e-01
3.196930914871299212e+00
2.130114167365251276e+00
2.057060886033978964e+00
2.517991791693986237e+00
3.191000411723847741e+00
1.528497416013116617e+00
1.918145713690171839e+00
3.998878189584353926e+00
2.449342143376076031e+00
2.719141714760884287e+00
2.319622758934829498e+00
8.405430001997322709e-01
2.032520046892496879e+00
2.844456472628751786e+00
3.921520281754846682e+00
2.835511366933372912e+00
2.096019651514709814e+00
3.299926555371778036e+00
2.988883233230589020e+00
1.991532498590309341e+00
1.428621745095351780e+00
2.403362106796623543e+00
3.374322091813089841e+00
6.434198793422574170e+00
2.325276790902704782e+00
-5.559552085514434250e-01
1.526559087827491279e+00
1.199703845976844319e+00
3.024851226780638669e+00
2.696191484272530747e+00
3.493116052985035580e+00
2.805112202467073601e+00
2.997207943856786905e+00
3.293223707870413186e+00
2.217223271791146644e+00
2.153300664625986460e+00
2.197219569866997624e+00
3.139126008194346618e+00
1.125610785502413780e+00
2.540823022472503911e+00
1.635207186109937982e+00
2.057825531397580399e+00
3.181313334017167982e+00
3.526465467211647553e+00
2.226764925988461208e+00
2.469208700262996992e+00
1.949823210951455277e+00
2.274805847292787675e+00
3.611555000661141435e+00
1.746301989244594566e+00
1.926963808717772508e+00
3.450037901854531519e+00
2.261642808000137173e+00
1.991379233372263746e+00
2.411360759567382495e+00
2.601072094603822826e+00
2.373580625345990125e+00
2.096410339685597091e+00
3.133696611776383811e+00
2.354179371390153985e+00
3.905499606878191976e+00
2.830006265074516136e+00
2.093270769291423861e+00
3.153396700181763102e-01
-4.788619328255582230e-01
2.833705714078323723e+00
3.039924858859136769e+00
1.630325731296390579e+00
2.813201530525775595e+00
2.491060474473287822e+00
2.405916390740096222e+00
1.979790548029756181e+00
3.819357131263855898e+00
4.331956522690270539e+00
2.308531342917894413e+00
3.508779265922107093e+00
3.016142038151743421e+00
4.043965919693742528e+00
3.994727614376991642e+00
2.528253559909616754e+00
1.004578813198962806e+00
2.916779771390990206e+00
2.060004851996663611e+00
1.481290082592395141e+00
2.153243007415974297e+00
2.736373146588241934e+00
1.272595716891918638e+00
2.943591061725363112e+00
2.511970280153909663e+00
2.712882195749787506e+00
3.150527760896970175e+00
3.952527902395229553e+00
2.712529978225671989e+00
4.196925851713896094e+00
3.434159207205826014e+00
2.034510119773320191e+00
2.248947478658166244e+00
2.386489353791126700e+00
1.144247144470097233e+00
3.234891240071068097e+00
2.477623701570082382e+00
3.527591789116113929e+00
3.068017879582876084e+00
-5.598791127855251570e-01
2.435575861629636130e+00
2.914791251247198733e+00
1.575998098066198061e+00
9.822897991909229631e-01
4.051944727990685280e+00
2.859517959085195571e+00
2.785998291703529084e+00
2.504568547580038107e+00
2.574805725788051447e+00
2.563316683954793174e+00
2.626253139422924932e+00
2.167799605585050138e+00
2.200663985588896310e+00
1.663040682529393743e+00
1.661732062548860744e+00
9.714143036242507412e-01
2.001727216748992788e+00
2.425847104729090375e+00
3.873316158740935933e+00
2.699220860828275281e+00
3.486890557047656714e+00
6.345536517888884731e+00
2.841630573346027866e+00
2.075431630437434727e+00
2.526547045898660304e+00
3.455882484213316008e+00
3.049685249519708208e+00
3.230557759075761037e+00
2.392862117058784044e+00
3.123158298389661081e+00
2.481291574596640181e+00
4.734281420893224457e+00
3.364674545830852459e+00
2.848485608426653215e+00
3.588647407233541031e+00
2.425070542484387026e+00
4.238668896812836095e+00
2.877989980735760067e+00
2.956064396896917135e+00
1.501250670943014676e+00
3.012501453728441803e+00
2.300576471983754256e+00
2.608892788713600197e+00
1.523517683357811237e+00
2.315430820587849325e+00
3.512909355947305912e+00
3.032357093331561337e+00
2.298714583997751415e+00
2.117314366286076943e+00
2.191726140124609756e+00
3.912918470255926540e+00
2.508570462361025655e+00
2.953875760939293382e+00
2.405912926423718012e+00
3.322413285667924043e+00
3.266633437143956264e+00
1.626417024503894915e+00
5.975781202162883332e+00
1.255004585949656359e+00
3.030195504769775283e+00
3.030364700113183041e+00
3.285413390660934851e+00
2.586884149362457475e+00
2.865947525764250159e+00
3.627611003615911045e+00
3.206504102476484874e+00
2.848007868899886219e+00
3.935033099955898006e+00
2.118377181468515946e+00
4.517364665162769910e+00
2.979415556260160081e+00
1.214539059525353792e+00
1.447039650990208592e+00
1.861641016509082869e+00
4.529946514233550658e+00
2.266427967038943336e+00
2.941212987031026849e+00
7.868788930559656336e+00
3.152270289231620559e+00
2.213458401036696888e+00
3.288026920094631489e+00
2.583593175823803101e+00
4.539191515942965438e+00
3.338301373425180074e+00
1.614420705048810856e+00
3.272256215918599054e+00
2.560288936824658634e+00
1.221815843906938426e+00
3.186744352372077316e+00
2.031162548163922832e+00
2.005876885195532200e+00
3.220974485702326806e+00
2.333621972370954367e+00
3.287865494870550354e+00
2.702493876856258304e+00
4.623962752906933815e+00
3.298909970290746507e+00
3.461593891408072388e+00
3.894384139900453512e+00
1.701571952527144216e+00
2.006927892314047668e+00
2.822441064143418110e+00
1.638788387499734878e+00
3.510347626247038555e+00
3.496021555971057460e+00
3.014372225305496311e+00
2.876055846149582873e+00
3.649933149823354928e+00
3.388958818439127718e+00
5.266887561665832607e+00
1.215068704330975358e+00
3.340694577111890329e+00
3.329360850823558593e+00
3.392207711115341695e+00
1.234479310244313233e+00
2.489923339768227439e+00
3.908024263741963988e+00
2.626384748354133158e+00
5.380714448197513100e+00
1.686238308200599612e+00
2.224482475976114593e+00
2.928814100080354699e+00
1.203874527479201539e+00
2.564838557961423682e+00
6.318626562606125319e+00
3.357940790186552338e+00
1.271847447423539279e+00
1.855874280239680152e+00
4.742059170203630991e+00
4.071035821689237721e+00
2.585676736748485638e+00
3.273647389938195484e+00
1.997130618835408544e+00
1.846667927187608749e+00
2.181142484432683659e+00
3.582948216304308264e+00
1.980723509044490349e+00
1.927923206285341973e+00
2.224506780921030824e+00
4.017180406773980472e+00
6.079899525853993403e+00
3.325195213207174483e+00
3.748854977238107011e+00
2.036151395230154204e+00
3.450094368191383154e+00
5.701348228618136282e+00
5.141634056164493316e+00
1.951379094514308354e+00
3.685837212066627622e+00
1.875214679256970385e+00
1.191800198760049501e+00
2.740320294451836336e+00
2.176386478760448551e+00
3.525985777804944377e+00
3.462033458127204533e+00
2.263271121122697682e+00
3.311530258490737566e+00
1.919309510745210279e+00
2.242253977197575132e+00
2.889321209554684078e+00
1.943966581125150306e+00
1.219256870043929464e+00
4.354697616258357940e+00
2.783781890512250445e+00
1.788376767328412775e+00
4.926914313935902179e+00
2.605897201689730380e+00
3.541160219665017372e+00
4.825667149599064842e+00
4.164929203098939325e+00
5.872939408968372632e+00
2.426260619384995376e+00
4.950606486663410521e+00
2.574048018933924986e+00
2.788667801392878065e+00
3.579288451912403524e+00
3.722157528131539994e+00
3.877191362565410415e+00
3.033275854933945581e+00
1.155943013648942141e+00
2.656174872561584799e+00
5.808121874251934713e+00
1.952569674111974685e+00
2.257367707447301530e+00
3.465356713942650657e+00
4.605121341305554949e+00
2.386952482451960122e+00
3.643946096146097879e+00
3.147211848742959450e+00
2.227700337513304873e+00
2.796265598096479010e+00
3.510521124452909980e+00
2.812931934927814126e+00
2.759540037876363261e+00
5.052965899910176972e+00
5.066732377696384404e+00
4.924698633392421421e+00
3.158047923639649479e+00
3.825696943687012297e+00
3.991205422237174893e+00
2.969137927632870877e+00
2.962298911482784458e+00
3.560528589339218009e+00
4.584968578515857374e+00
2.564535294101697893e+00
2.326938734493365857e+00
2.283871868407882921e+00
3.333088255974582914e+00
6.504461205753845121e+00
3.211976660939844130e+00
2.939732392305522080e+00
3.781677944999022323e+00
3.417778641770717662e+00
3.243702977437963320e+00
2.662338230368106462e+00
4.621422480992999127e+00
2.123035728245312725e+00
2.809662540066166336e+00
5.459190482759364471e+00
3.088114605588260897e+00
3.265679674919798714e+00
5.045555114077112435e+00
3.199185346521934648e+00
3.755081339985765432e+00
2.911622456373537560e+00
5.263755694381571537e+00
3.651144842697349624e+00
2.579589812896069922e+00
4.977039524969764983e+00
5.053489386352699952e+00
4.313768522646570069e+00
4.552351029516576553e+00
3.373975054068251822e+00
5.027646104840881591e+00
3.490558527620503337e+00
3.427681039593705847e+00
2.403134097871511443e+00
3.807672833363862530e+00
5.401683507824902364e+00
4.646109651519383377e+00
2.946616900154748642e+00
5.210553918294806408e+00
2.556727586223892068e+00
3.647260586420730810e+00
4.741380490351637889e+00
2.371346778003807110e+00
3.725378775937636000e+00
3.033146775678376983e+00
4.092544187857031446e+00
3.156141192027181575e+00
4.715126734439577305e+00
2.850840239751923022e+00
3.214098798672370805e+00
2.187948213529127273e+00
2.925585916411362231e+00
4.303208476519421843e+00
3.680032408695688151e+00
4.707389534734192971e+00
3.061691443893648668e+00
3.424307627791160158e+00
3.088211459316862584e+00
3.760583675286649274e+00
4.796934761902221567e+00
4.052151917594395414e+00
3.064704050987439921e+00
5.392597843273394531e+00
3.734287514549469389e+00
2.534066907380647216e+00
4.189532137658407152e+00
5.359603094165978021e+00
3.354007610977180143e+00
1.864311324132200021e+00
4.813197133162191221e+00
4.366202000465422728e+00
3.452499347332004476e+00
3.116734212475233079e+00
3.014322688892101532e+00
5.122173377560310215e+00
5.631934761605121409e+00
3.999815605422175402e+00
4.634684841317209703e+00
6.258694960225540171e+00
3.903389947086112421e+00
5.192388512004284529e+00
4.703966279817995755e+00
3.548922013840200229e+00
2.940474736880483775e+00
2.672724639955734727e+00
3.759264653122701638e+00
4.322490199140750278e+00
5.941425957834095328e+00
4.680060878590914797e+00
1.844772094651027095e+00
4.333197295766121115e+00
2.676664684908304892e+00
5.250874800420499255e+00
2.871656687000918584e+00
4.758942363929566710e+00
6.224992785498260517e+00
2.832067100570679230e+00
4.365537286176225606e+00
3.556907845456902528e+00
3.970375500325812546e+00
5.002172914046154162e+00
5.190647953723921404e+00
2.917579129644924940e+00
4.548803339530977929e+00
2.976593592928534093e+00
4.619234133100203366e+00
4.372785316009982992e+00
2.087305659329370400e+00
5.229425264074381019e+00
3.264618783886327424e+00
3.199908339551041259e+00
4.667250265670173093e+00
3.288129981276220803e+00
5.247681181165093633e+00
4.512106797660720758e+00
2.746152415484579556e+00
1.254449770498214267e+00
4.349337841884603151e+00
5.415949113429023853e+00
2.894916193369078350e+00
4.680599487114055712e+00
2.936380735006476783e+00
3.986744917234018359e+00
2.185666722820249319e+00
3.716923372994909158e+00
4.495476107445611547e+00
2.863671682090522808e+00
4.127757969073901023e+00
3.448917799798761230e+00
2.811300329870721981e+00
2.836468278868297332e+00
2.998604991368510220e+00
3.557343363040757822e+00
3.215283600942928199e+00
2.881860029676427626e+00
3.333377289994014170e+00
1.864158579429682661e+00
2.254540178840537479e+00
2.830511561353342032e+00
3.787147064039302791e+00
3.325031940430950073e+00
4.963084348511038968e+00
2.882816784726754733e+00
3.626328522507690444e+00
2.477338047516621344e+00
1.181386081562362911e+00
4.378388262781133022e+00
2.641261222195630864e+00
3.809018545520904464e+00
2.124094103029720682e+00
3.301592683740702583e+00
3.827071838841530571e+00
5.138932709987594549e+00
3.921923743058794543e+00
2.633009560172370200e+00
6.504496462462308948e+00
2.313188812397547700e+00
3.434829418086397190e+00
3.919457185444490399e+00
3.799160842780493041e+00
1.837644895163459857e+00
5.284376160383365217e+00
3.085646746006322605e+00
3.568639864900507330e+00
5.572026534582128043e+00
2.720254775449295614e+00
3.660822883301436903e+00
3.297341062329210537e+00
3.337076966691292057e+00
4.308183123534682579e+00
4.349659531369804988e+00
2.245156921236503678e+00
1.886821687948029957e+00
4.341222087645046912e+00
4.146601128799590974e+00
4.192384459312965994e+00
3.329809781907171917e+00
2.873792126635124067e+00
4.580094649609039337e+00
3.042481532963435598e+00
2.751212870467562688e+00
3.433930913765889770e+00
3.100468548734462093e+00
2.800031765999326794e+00
2.157502038782070919e+00
3.272941214045646863e+00
2.910035721196665648e+00
5.569080030983986518e+00
3.018638132611459746e+00
3.305709896644732027e+00
1.896566676301089327e+00
3.595126158402281558e+00
5.698842339580236782e+00
2.798076191377225186e+00
1.264899514530180014e+00
3.031698158039334512e+00
3.464285251654752429e+00
5.152083844046895678e+00
2.495872888965641412e+00
5.740623680307336940e+00
2.651137413472363757e+00
4.654358535323156687e+00
3.485113782345372613e+00
3.504631643844775102e+00
4.521320284313555149e+00
3.206791064647605438e+00
4.543455518313820107e+00
4.197548505243087646e+00
5.981104247057562162e+00
4.204106790679610128e+00
3.984196407353058689e+00
3.297950405375543959e+00
3.802248176957506942e+00
4.412403739463616859e+00
2.614937255741735633e+00
3.104845884213907503e+00
3.597114620898622661e+00
3.904242646114045812e+00
3.515936512990442075e+00
3.843742062827214312e+00
2.764898488936979426e+00
3.442698975302727504e+00
3.405838231166198327e+00
5.209855296416174397e+00
2.783412848642587978e+00
3.599703024059524026e+00
3.828393604117228843e+00
3.545295540397346290e+00
2.758825263870670064e+00
3.464472790271856617e+00
3.470797634762792683e+00
3.371242647099035761e+00
3.330112710320503933e+00
3.750265573140634690e+00
3.397409435951669110e+00
2.596376427847848056e+00
4.238607187973178370e+00
2.867832375786606214e+00
3.397379867990152569e+00
2.608912299884071473e+00
3.979752158910678794e+00
4.380270265871298641e+00
3.950696616274023576e+00
4.258015207596573148e+00
5.595095350221239272e+00
2.871344127736993102e+00
3.471332352358777129e+00
3.625163930022659464e+00
3.322068755744773227e+00
4.367236986912285346e+00
3.530778803909980113e+00
3.567527190700825024e+00
3.309155232143739411e+00
3.402055497307783671e+00
3.422899101371739139e+00
4.050050757517954736e+00
3.151346559105914658e+00
3.493680416050536586e+00
4.990604883041617867e+00
4.366831984548245060e+00
3.984084687302354322e+00
2.874035636899602508e+00
3.131614293380363456e+00
2.768692779253345559e+00
3.885722732172100180e+00
3.772053007249815071e+00
4.073310954786593996e+00
4.392205954048632677e+00
3.480119434203040374e+00
4.601643234121216786e+00
3.147819878128443882e+00
1.912672071652866679e+00
5.737791812057677632e+00
3.694760014331269993e+00
2.868659515576961638e+00
3.206452331726068472e+00
2.716001009667370791e+00
2.619404988497160414e+00
3.894084748854691025e+00
3.551811957549193099e+00
3.236675028668248189e+00
2.571226867747446576e+00
2.187550031071936019e+00
4.467554575619671731e+00
2.315071784423985424e+00
3.606566803972109270e+00
3.623651286709186792e+00
2.239738498300299696e+00
2.704558753053542208e+00
1.281986460637663416e+00
3.907138498015306549e+00
4.393433894174074261e+00
3.401298579797349841e+00
3.453769818292424354e+00
3.676473349187908912e+00
3.293198149632789118e+00
3.472706022334171472e+00
3.300985332423740815e+00
3.139245717656127255e+00
3.441321724617036892e+00
4.394042345963921292e+00
2.942670715790631775e+00
3.425065683123836635e+00
3.159011075576267924e+00
2.661286854124500501e+00
3.667095409975865472e+00
3.944563598073438815e+00
3.029639690648318506e+00
3.456622047978449963e+00
4.332818280120310561e+00
5.223495737490114976e+00
3.469910684188931782e+00
2.356987930544104159e+00
3.732676302906225985e+00
3.237937133437673864e+00
3.434439032537786929e+00
4.167609831104943652e+00
3.269902200727329955e+00
3.563028137197657763e+00
2.948154867420259340e+00
4.042259802986754025e+00
3.932799928619385099e+00
2.547426343651264524e+00
3.056915074602994054e+00
3.595237091419857478e+00
3.803430319299537565e+00
1.317989431189791505e+00
3.918982477945445186e+00
3.394364220966759937e+00
2.791915052143162157e+00
3.366831637406482614e+00
2.929878454377404129e+00
5.893426440790502596e+00
2.712448734119067506e+00
2.631204174497119297e+00
3.626429132731024740e+00
2.748279661665185891e+00
2.452254156933488360e+00
3.183350553229584268e+00
1.988970656063817843e+00
3.928356175003345108e+00
4.368536192273536400e+00
2.586517125005879159e+00
3.390204627185673836e+00
3.873627326823830153e+00
5.322414973933453197e+00
4.724831285962509675e+00
3.594991002396150215e+00
2.341681755481616278e+00
3.531379983484540297e+00
3.738896740350369008e+00
4.172748367578289930e+00
6.079271287388456457e+00
3.153819414631850115e+00
2.640005815933033517e+00
4.680443615149435743e+00
3.618916485680009565e+00
3.016271308163540610e+00
5.104914023556685443e+00
2.313546632436065398e+00
4.583587286469342104e+00
4.219174521364561059e+00
3.333335211352871141e+00
3.512446692370464696e+00
2.075346105495773141e+00
3.980407297899386521e+00
3.354048715041247242e+00
4.035413845516440112e+00
3.502874766199587597e+00
3.527686935084982878e+00
4.196221444682912249e+00
4.387463995413947160e+00
4.113531790327393800e+00
3.815741499616230659e+00
3.128952718881441442e+00
3.838550949519075051e+00
3.540472946521027175e+00
4.876579760626041704e+00
4.259013593371394180e+00
4.954513901515479546e+00
3.794690657943966094e+00
4.079172628073388651e+00
3.924993963936938002e+00
3.443903738283316862e+00
3.977125536782837756e+00
6.489275292334712120e+00
3.860431361249700544e+00
3.835318060327164602e+00
5.635972626669220276e+00
3.443208874318333557e+00
3.652017042996949403e+00
4.036903732783935439e+00
4.576033210318511735e+00
3.842010565594439431e+00
2.770136234198766090e+00
3.707509034865741793e+00
3.089473597044563036e+00
4.137972719490752738e+00
3.293333214865470371e+00
5.065391272449856430e+00
4.309610049648529895e+00
2.637639284017776031e+00
5.385269299348576233e+00
5.036804214091265663e+00
1.315224625673401482e+00
4.064639087608467705e+00
4.013665074085097650e+00
3.406374147045168943e+00
4.274142664355829346e+00
3.700029252021466597e+00
4.504671207740772232e+00
2.837036799546145627e+00
4.042634034418588485e+00
3.901600270890747346e+00
3.163222811182028416e+00
4.858438085720250044e+00
5.064637977307269168e+00
5.151776548124969324e+00
2.188512911396930605e+00
3.173164102421529353e+00
3.266301559958760592e+00
6.307865497154469203e+00
3.466821259653374732e+00
2.599340363088840533e+00
2.058462087983280675e+00
3.914515344988998002e+00
4.113146347792095980e+00
3.395998820829063014e+00
3.055570407647004494e+00
5.126690113377923907e+00
4.865896570225652695e+00
3.496981745722318458e+00
3.211614362038857529e+00
5.263450477886822299e+00
3.539279844608339332e+00
2.727249902287384398e+00
3.470600221650064210e+00
1.920475534884740876e+00
3.435442069473248594e+00
4.152132593542400940e+00
3.002940448821233232e+00
4.454397780236883264e+00
3.182025705503642499e+00
3.524721618552365765e+00
2.496167547205196513e+00
3.410031949098544679e+00
4.498536835649285415e+00
3.554696628328755992e+00
6.460534360670322052e+00
2.934616972402825041e+00
2.701142699629648369e+00
4.228033468026097808e+00
2.916171795711936632e+00
3.621898054835670067e+00
2.884681727851283739e+00
6.582426846283791377e+00
4.475619922620994728e+00
4.417074234550695699e+00
3.065270804666950344e+00
3.641792595861145454e+00
2.272516859358917340e+00
3.602977246559977864e+00
3.087903103948814731e+00
2.792231821765085886e+00
3.134313137192209275e+00
3.687539864882043439e+00
2.337957650562317191e+00
2.984530911550199228e+00
4.710281623904604587e+00
3.054225718161672098e+00
5.002704350737953831e+00
2.163109994204997832e+00
2.844274925746950622e+00
3.005464983221198594e+00
5.188619674421506289e+00
2.573164712766368378e+00
3.892810800158390538e+00
2.587315065708945205e+00
3.977340741977982930e+00
3.887695619543896974e+00
3.236765982025730182e+00
2.519858182317832096e+00
4.466275209813304947e+00
3.779320286802085871e+00
3.167858638948977124e+00
3.265155246482866147e+00
1.311626722476338713e+00
3.383675468758056581e+00
3.291457229115783534e+00
3.296544423720631389e+00
3.509784377689552315e+00
3.826812520437907761e+00
6.379683084522804748e+00
3.214703151444813223e+00
3.116054348004533736e+00
3.129439450878600759e+00
3.077021336070093760e+00
2.809285895663574451e+00
2.657615929396860643e+00
5.412929108506362219e+00
3.045745288243352888e+00
4.615577875322740553e+00
3.961612824704848990e+00
5.845989866498646492e+00
2.784251101118740301e+00
3.224796535010997722e+00
3.521781792458387628e+00
5.624111062449128617e+00
4.026197794928128459e+00
3.704469783679265049e+00
3.076292163272461799e+00
4.460349962419392966e+00
3.650262851996372682e+00
4.117176044005497637e+00
2.939634167472447324e+00
4.997330849431264710e+00
1.897713636207862598e+00
4.021379504327431853e+00
3.883594215466817712e+00
3.545998207344864817e+00
2.292435960567952513e+00
3.852010825726801091e+00
3.508046845366739497e+00
3.800944386425206378e+00
5.788624291897953356e+00
2.453361016647670034e+00
3.399836016194739408e+00
2.838198919237411744e+00
4.610412338965010903e+00
3.527353304505851384e+00
3.568544323855617151e+00
3.619611551366898716e+00
3.520706157449400298e+00
3.607258078070365137e+00
1.889536289482061093e+00
2.363427120767708445e+00
2.951515963149459854e+00
2.963129851004450366e+00
3.438652732894050601e+00
3.660201719861572833e+00
3.281511839228363314e+00
3.558404756225978183e+00
3.632791895529197568e+00
3.869743828348140458e+00
2.881613739336628566e+00
3.616214431840317545e+00
2.623136908490983910e+00
2.780405384491069221e+00
3.253228666935082281e+00
2.774895288278124372e+00
2.892757810415923725e+00
3.460126152083820017e+00
2.653700558734225723e+00
3.316427376424859297e+00
5.115074517971699208e+00
5.203724306716408066e+00
3.481451991839015214e+00
3.736209508986657823e+00
4.822099231855045076e+00
2.776462031594393309e+00
3.995660989671188990e+00
3.498835247305564611e+00
3.532794265356404395e+00
3.254648637793420285e+00
3.233042090708728722e+00
2.950417749105191945e+00
3.293878204951863786e+00
4.547265331067781524e+00
3.925071219626365959e+00
4.472043765706230189e+00
5.078987311499695068e+00
6.269042522065173983e+00
2.529693905669545551e+00
3.443976524628835634e+00
1.967241334906276506e+00
2.610205388772424584e+00
3.123813979591592904e+00
4.878729442991680543e+00
5.858915558285945124e+00
4.886253598393436093e+00
5.200163927418305576e+00
6.142651395065986897e+00
3.915150931045668248e+00
5.139337908082767470e+00
2.735016441161872258e+00
2.448526903415581213e+00
4.923754201964111843e+00
2.602647402715326130e+00
2.919385871007229127e+00
6.420409556522496786e+00
6.706307198904447375e+00
2.127799403395016498e+00
4.739960826738604638e+00
3.413508845225541322e+00
4.184416255203553092e+00
3.514871790794849460e+00
6.693210995181887668e+00
3.464176400354581631e+00
3.644599391241079012e+00
3.775931480172200594e+00
3.798282245275575786e+00
2.893062172494730078e+00
2.497008001684160483e+00
2.190832936841418110e+00
2.095108327391825398e+00
2.022899983217489428e+00
5.371475360252887299e+00
3.650820794976942008e+00
3.240793405520585146e+00
4.759560025547946438e+00
3.607644451886325321e+00
4.570625201165398721e+00
2.423181949704121152e+00
4.325734981490809261e+00
2.559565115444229377e+00
3.103724454189792148e+00
6.643125302785728437e+00
3.617954482761651658e+00
2.151357748701345329e+00
4.102404725981886102e+00
2.474542302374107550e+00
2.100257161088520341e+00
3.672777281161703655e+00
2.051918113219096895e+00
4.956847407534137773e+00
2.160841919029326430e+00
2.907989807339249388e+00
4.135765801484543758e+00
3.285115424524946093e+00
3.503528218730644461e+00
4.295939888798331552e+00
6.315232907713721033e+00
2.801419829758839519e+00
3.289065770127610477e+00
4.100756948696144377e+00
4.222591874890605723e+00
5.711961540047974850e+00
3.773354171143472158e+00
3.676145392279631885e+00
6.116942172320629645e+00
4.449620604708371729e+00
4.085109699803160410e+00
1.991524460167643618e+00
2.175653861308603609e+00
3.435760197503609170e+00
3.393286342508403663e+00
4.894367665740748663e+00
4.820718018981263064e+00
4.099573496380948257e+00
3.649569741020709746e+00
2.791972201375895857e+00
3.160702969332761292e+00
3.563801354554136491e+00
4.520390899849751953e+00
3.445823379980907042e+00
4.839670920945898125e+00
3.247767964219279602e+00
3.671782426125782983e+00
2.293674084605552999e+00
4.797274861487087705e+00
4.474464024238434590e+00
4.055524963545881434e+00
4.206496501350278194e+00
3.875651953770429703e+00
4.857643757061188339e+00
5.025106956925613488e+00
2.774136520531210515e+00
3.049524571369959247e+00
3.531303941818137559e+00
3.297321006765947971e+00
3.017197739463243433e+00
2.319275350658567714e+00
4.030552093926091040e+00
4.546509726239175819e+00
5.409545037933933820e+00
1.976000215392897497e+00
4.162500343716313722e+00
5.338331771869867737e+00
2.327572346111423940e+00
3.151158824239161937e+00
4.160208669931765968e+00
4.050219959997936492e+00
4.507610895353302283e+00
5.435676921255314653e+00
3.644533270317954710e+00
2.817742363818426021e+00
4.537612206715378349e+00
3.484383726672726223e+00
3.310144872264352944e+00
3.212380505531020169e+00
3.979926254785791429e+00
3.884847756011312381e+00
2.662074682805448234e+00
4.096193338732859068e+00
3.324863598095304962e+00
4.230366867113398044e+00
3.777314871539106278e+00
3.722422646406299940e+00
2.775263834839615917e+00
3.033403701425430476e+00
4.776469973857371265e+00
3.970739293898683187e+00
4.452440393234827098e+00
3.823763304981705247e+00
4.339422263308209793e+00
2.301708002872943748e+00
3.073964457520860449e+00
2.991384640743212309e+00
2.516914552001250804e+00
2.984813502313985012e+00
4.443705015946952663e+00
2.648819926107826461e+00
3.068222073513875436e+00
2.901132891575787909e+00
4.496608275359404772e+00
3.093189616957702448e+00
2.896227469106060326e+00
2.902714543329888208e+00
3.462976961122433472e+00
2.846943674479267550e+00
2.462044819842018839e+00
2.966637797615618855e+00
4.400069592889996883e+00
2.998906017173392335e+00
2.886252947638507038e+00
2.889718541444824318e+00
3.089771797719611968e+00
3.300521913849094879e+00
2.772243875058719276e+00
2.972904601588668427e+00
4.610209498800376338e+00
3.040593794218627632e+00
3.971428902743443512e+00
4.374760402748012034e+00
4.421507167579507680e+00
3.935623806968500116e+00
2.802743974969610807e+00
4.226030164331612937e+00
3.334776147938645963e+00
4.589828149676201008e+00
3.411122186480449514e+00
3.005316546504347208e+00
2.668642139187425766e+00
2.099194911737756186e+00
3.067981874522643260e+00
3.964586234562299083e+00
4.708934619172207015e+00
4.867124082099536508e+00
3.230632008983700842e+00
3.001856529382961103e+00
3.858552220743331596e+00
2.600982607135747138e+00
2.823581506601334112e+00
4.465483260897345374e+00
3.182894584342037980e+00
2.800285670255310499e+00
2.270326091154900361e+00
3.672689461435107550e+00
3.093637436050785006e+00
4.542150143768479253e+00
4.023541246068499611e+00
3.450211316654565152e+00
3.706682535422268110e+00
2.916380185674518621e+00
4.704507808200454555e+00
2.457024535809057220e+00
2.574771758145963041e+00
2.883592457875514103e+00
3.416781186810796456e+00
2.822118348289351708e+00
3.215761846081063968e+00
4.185698648428073376e+00
3.501427763163476925e+00
3.215260827232456542e+00
2.890453678960693829e+00
3.155472359690425499e+00
3.469778239214449833e+00
4.326048937493998103e+00
2.674262905000073243e+00
3.871361048927019155e+00
2.886224552394570875e+00
2.573477336291737139e+00
3.133792003815677685e+00
4.429649049492629942e+00
2.948223019105316034e+00
3.068010208586236409e+00
4.637375386083680162e+00
3.164450351270294171e+00
3.312541117032170579e+00
2.711591122254577435e+00
2.774540071424755894e+00
3.138832400725509508e+00
3.960642167870256358e+00
2.956387917611273508e+00
3.205586475366892785e+00
4.077384325625174277e+00
4.842061680941210255e+00
3.052666919322082784e+00
3.500908324412357775e+00
2.941364200785655747e+00
3.698572747411937200e+00
2.864884744321379628e+00
4.647880771675942491e+00
4.855339957897107261e+00
2.767301352251891444e+00
2.720934166183305969e+00
3.361872692846692878e+00
3.022750947494657225e+00
3.436605165625815417e+00
2.560021514550382626e+00
3.204511621421743062e+00
3.371356338545442366e+00
3.413596986603114836e+00
2.955736041858706642e+00
4.020087326739213651e+00
2.936004176698348900e+00
3.257495504076281634e+00
4.369168439283534155e+00
2.878166342948887291e+00
3.306061332961769850e+00
3.108220910607646381e+00
3.004910689430665194e+00
3.387659650035580228e+00
2.589955130991588028e+00
4.554512043696585799e+00
3.021617998979235775e+00
6.280871554840914861e+00
2.886304244026109966e+00
4.430983796386772866e+00
4.781460750313334174e+00
4.450741035742796115e+00
2.830413633680085805e+00
4.331511543206589820e+00
3.593903069997644195e+00
3.037595628964282923e+00
4.332749885030192871e+00
2.884325116479333762e+00
3.159578153606704021e+00
3.096470838646375512e+00
4.352973449559294217e+00
3.024983701538837888e+00
3.640318059986492383e+00
2.764070991866154348e+00
3.026439853431093674e+00
3.074472895034785047e+00
3.518949553567628730e+00
4.715402348825886492e+00
4.105738170065214909e+00
2.362723524812935683e+00
3.196563102666058143e+00
2.611740796159986111e+00
3.602542551578126862e+00
2.669732690187810675e+00
3.146988943224957147e+00
3.495148120998547547e+00
2.895638053681433899e+00
4.730501068462422687e+00
4.429722177215930756e+00
3.687735100278489941e+00
5.405914592317101253e+00
3.429780775970456386e+00
4.261737089725500027e+00
2.577680272259321725e+00
3.199172006005181146e+00
2.261743252061030773e+00
4.382067260054964386e+00
4.483505760997637424e+00
2.685816009964486994e+00
2.630459868758530995e+00
2.386440591560225144e+00
2.914931591543614253e+00
3.716697855277633522e+00
3.533338055730696148e+00
3.120587765251470636e+00
2.878967068452488398e+00
3.980850597404496316e+00
4.004527153021459895e+00
3.066264342343621774e+00
2.967762010244878290e+00
4.460143026626163909e+00
4.341772266068291586e+00
2.700476680982127231e+00
4.364590839589705062e+00
3.325866076666569970e+00
2.882731117983332148e+00
4.262666642935213801e+00
3.918612362316647335e+00
3.195847702856633887e+00
3.276058208142036854e+00
3.493549995142424258e+00
3.365722967671296750e+00
2.911824536042051825e+00
3.226049569934255956e+00
3.528222957052058906e+00
3.578413285913418562e+00
4.938668685801353320e+00
4.461905590360364826e+00
3.113007965220322859e+00
3.551428294829649168e+00
3.187660434588834413e+00
5.482405776197609271e+00
3.490437901027799938e+00
3.136949839667352080e+00
4.482503076815097742e+00
4.750820616630782922e+00
4.995276260414076575e+00
3.275830878470364915e+00
4.916960781972255390e+00
3.034034631198161858e+00
2.944425606609740953e+00
4.835085696108146536e+00
3.536647408882109822e+00
4.716673840179389288e+00
3.445255374451052788e+00
3.230711916931651384e+00
2.814694359935445256e+00
3.995325083525246956e+00
2.891514227139456494e+00
4.986730263801499419e+00
4.682359143159278148e+00
4.563520957849240389e+00
3.348639940822222272e+00
3.517070735678191173e+00
3.440382453330557588e+00
4.635669001371155673e+00
3.417423069988854145e+00
4.458297325563291835e+00
3.940016819771981815e+00
4.791359303433583960e+00
3.425566004584167601e+00
3.419506395990385528e+00
4.169120388854789638e+00
2.933474121421507874e+00
2.590887676714163312e+00
4.461098943079976564e+00
4.817554409622307077e+00
3.940079372177527794e+00
4.873289143932289846e+00
3.416728529274160486e+00
4.062340203335718769e+00
3.218631211289773031e+00
3.439478177229590372e+00
4.452124347766575951e+00
3.194498967748972351e+00
3.504129835882753952e+00
4.834203386194257490e+00
3.237125119034146348e+00
3.453878013099956679e+00
2.813782213317029601e+00
3.160030622985247284e+00
3.534890141205355718e+00
2.956538395712429157e+00
3.625645753966669993e+00
2.851878003435865061e+00
3.027801880742589269e+00
4.538954411025585500e+00
3.746621862018817417e+00
4.621756907992519814e+00
2.946367754716159304e+00
3.373460416714606946e+00
3.983543459644415474e+00
3.305914786838975772e+00
5.839847676160617063e+00
3.354146770569011338e+00
4.703923213703897765e+00
4.669170052823552908e+00
4.933785181475125015e+00
3.572631977744918252e+00
2.967285960083764440e+00
5.003243170775602877e+00
3.202373181875118657e+00
5.554825804984411697e+00
3.332812160262826673e+00
4.865108264612544531e+00
3.082996838705236886e+00
2.960277509828705522e+00
2.904742854665873342e+00
3.434056866056838686e+00
3.470683102728348679e+00
3.325717074691538322e+00
3.861981744590223808e+00
3.340525428237530292e+00
4.206951551697549085e+00
3.028681320744515126e+00
3.159979346464785621e+00
3.466518807146230507e+00
2.758376184979649537e+00
3.142436342230524815e+00
4.819035037192268334e+00
2.767186641325706464e+00
3.183185083974917617e+00
3.324021723516851434e+00
2.970930867764286276e+00
2.949158070189476177e+00
2.992558248569292534e+00
3.243989337818447005e+00
3.479334451223898839e+00
4.779318890803219588e+00
4.990881414451822096e+00
3.250690002372338405e+00
3.716022379970009837e+00
4.743277905499862612e+00
3.406301557208946562e+00
3.653983053483444099e+00
3.185934277476929033e+00
3.194570351454590007e+00
3.544025988743459088e+00
3.500822003951201467e+00
4.320891876275629429e+00
3.012983742580456870e+00
3.275504184298551280e+00
2.939182516110943055e+00
4.932092876990305186e+00
4.519812130268670458e+00
2.926609164317240719e+00
3.098481103882209986e+00
4.841563497825216444e+00
3.225025835668330565e+00
4.904010066654618250e+00
3.407441986774122356e+00
3.709196131313035494e+00
3.384394841387710962e+00
4.124049857140967390e+00
3.512313191061037898e+00
3.812589320949832494e+00
3.289120638802623731e+00
4.121185092276984818e+00
3.428645745598971395e+00
4.717592199869500291e+00
3.376235096177421013e+00
5.137438069749652669e+00
3.268023714845738059e+00
3.368740627269789289e+00
4.763597792061961655e+00
3.389655799861492902e+00
3.271129788391059279e+00
3.351926635589314252e+00
3.857243410635214254e+00
4.258724004812958874e+00
3.125239268884130617e+00
4.765168351769487387e+00
5.215531217878626613e+00
3.831696816398794336e+00
3.596298386188333751e+00
3.114443335793631196e+00
3.313474674285104893e+00
4.034349477815112550e+00
2.976557664793352043e+00
4.863158820392559534e+00
3.080435890843426616e+00
3.903125326855505506e+00
5.383757539294558470e+00
3.149486320105024717e+00
3.098769727343885894e+00
3.255271516665609433e+00
3.319749693925200695e+00
5.011716474745542271e+00
3.212506120323252112e+00
3.454970014750104568e+00
3.181697304593093634e+00
4.949355826746748122e+00
2.400643174128831880e+00
3.371769648842311895e+00
4.143334979683214847e+00
3.231428450439873146e+00
3.091170100545520327e+00
3.589748463258287003e+00
3.331684560875694423e+00
4.497492987911853035e+00
3.009006386321074977e+00
3.039751515804625548e+00
3.944560593500459067e+00
5.095013098572394483e+00
3.527346831905924240e+00
2.368381581853729045e+00
6.534699808564429446e+00
3.107637271296249892e+00
2.789366060554715254e+00
3.256755784786843577e+00
3.485565490869164229e+00
3.004868028511491929e+00
3.143969923686606105e+00
6.031492329408846942e+00
5.124938607243488597e+00
3.288635224384587108e+00
4.517741415427229512e+00
4.134093500073444005e+00
3.175277592695613826e+00
3.088669281944356193e+00
5.335011971248855289e+00
3.658153392184635422e+00
3.393681815815505765e+00
4.153461564018759766e+00
4.792317392623556493e+00
4.119764226280121733e+00
3.974287613059686919e+00
3.113264137953733357e+00
5.246010830462067176e+00
4.227649499235985431e+00
3.511818417417238436e+00
4.521640934796810285e+00
4.763899253190319705e+00
4.648616635745355552e+00
3.101171964065964293e+00
4.892147195605284438e+00
4.371343129171727071e+00
3.077878887958107157e+00
3.502107171226657378e+00
5.009634218329994226e+00
4.153712417093386122e+00
5.306789636271659560e+00
7.062924633614508174e+00
4.098573621677909173e+00
5.126546549571896705e+00
3.148779893650785588e+00
4.901688481291463617e+00
3.230888226947575159e+00
4.288876478863898001e+00
3.261747500590966187e+00
5.567970026308891818e+00
3.131691777360536832e+00
4.930697484518374196e+00
3.520846335916074210e+00
6.709112451233908203e+00
3.066553802115551619e+00
3.117571539157195648e+00
3.624632085369029255e+00
3.128302090319199813e+00
3.348514770411448183e+00
4.931049147653737030e+00
2.989989453649764428e+00
3.618956612932733741e+00
5.078659009265592772e+00
3.279742910493374630e+00
4.903657793770602069e+00
3.373511867033333278e+00
4.787479320663294402e+00
2.433264630515992621e+00
4.591030807675252845e+00
2.642389396195450768e+00
3.498036722559108469e+00
3.126580893800546157e+00
3.884087448777838514e+00
3.542608915503597800e+00
4.933033625286386226e+00
4.811934463208205059e+00
3.656334426897204448e+00
3.106608423450003098e+00
3.809004865428553543e+00
3.787383095993675841e+00
3.025421468864326613e+00
3.444599418174871364e+00
4.599709799677007993e+00
3.033044635666012567e+00
3.907121023725627751e+00
2.940331932013973137e+00
3.260157220417159607e+00
4.486688048865211442e+00
3.299727641412981249e+00
3.308982745723920260e+00
3.828160269068670019e+00
5.019325423751915594e+00
4.539274854033567230e+00
3.558990168298788781e+00
2.875095845520322602e+00
4.435947382014221674e+00
4.142155299286075731e+00
3.331479703913361234e+00
3.776360197533097374e+00
4.577238469028890755e+00
3.417359447414913376e+00
3.975470081155821234e+00
2.958424381016622640e+00
3.511329831025983506e+00
5.160714702459722858e+00
3.927761567474037374e+00
5.103787667505724102e+00
2.491998819692407441e+00
6.053915310950866768e+00
3.757863012794946833e+00
4.099114660216609529e+00
4.670039407045075031e+00
2.904835339105876990e+00
4.491076142757519207e+00
3.518358392362539888e+00
3.876925402292740408e+00
3.347582780793082691e+00
3.599398995208400009e+00
3.885693905536359516e+00
4.490823950162166511e+00
3.662181043261462321e+00
3.218634390286238656e+00
3.276786569896165346e+00
4.750799932003609172e+00
3.089073117319948381e+00
3.509514748563054454e+00
3.613707828753605966e+00
2.644924711516263738e+00
4.936557653240473797e+00
3.735916897976742312e+00
4.577607027073359092e+00
3.259644796585343229e+00
3.809753317539043671e+00
3.960739285565773038e+00
4.823851837864181924e+00
3.435922905508168590e+00
4.946494725120075486e+00
4.516364052650636118e+00
4.187849600720465304e+00
3.473507610869159379e+00
3.280636154513132841e+00
3.391325097206971062e+00
3.065173434747374692e+00
4.106757652767050182e+00
4.912996123492916034e+00
3.188119247010591017e+00
5.385577865297019429e+00
5.064251664134745923e+00
4.322216424212438568e+00
2.910601781937707244e+00
3.192980652973404609e+00
5.385807974680146160e+00
3.920346667319495992e+00
4.037329321742844535e+00
5.000903370700907402e+00
3.837211533016261722e+00
3.505406239013475478e+00
3.438654965403225017e+00
5.267700128204824139e+00
4.331918604428580011e+00
4.567379973524190007e+00
3.488230058417571833e+00
4.303896406366661154e+00
4.665038397011213256e+00
4.234181561480115263e+00
3.477406767489846118e+00
3.750878148473792528e+00
2.366856973077465121e+00
4.174912635784266968e+00
2.976053740931260627e+00
3.557166278601558318e+00
3.451343591935552624e+00
3.434016729457107786e+00
2.469989863517025874e+00
2.298076510898469316e+00
3.085989523161774883e+00
3.595961644806488611e+00
3.477491891367899157e+00
4.159777873052242114e+00
4.381830063975706402e+00
3.494795578695011784e+00
3.611413184150205069e+00
5.183972080325213838e+00
3.076607882747981915e+00
3.001658223029715078e+00
4.354471936597342996e+00
3.189878306290149013e+00
5.981154823836324574e+00
3.732096315031682821e+00
3.183207173446910954e+00
2.963933960787145772e+00
2.847500482009388101e+00
3.030487804816721198e+00
2.988362923798250304e+00
3.062230945414865069e+00
4.034396609760106500e+00
2.819899377458832124e+00
3.455784482517323397e+00
3.547944518407954995e+00
3.179210510834105996e+00
4.435569598627497001e+00
4.034033334860080089e+00
3.467150164099697562e+00
3.292786868798685873e+00
3.060775023692768215e+00
3.022296675482262884e+00
3.925980440385522741e+00
3.188934213985745281e+00
3.076202611574350598e+00
3.078032882616180466e+00
3.115353102402304231e+00
3.868704829054898653e+00
3.051252644272470782e+00
3.257952653417482303e+00
3.157562343950921946e+00
3.282319011748819904e+00
3.184656796381852395e+00
3.170484770252437023e+00
3.376486850682393737e+00
3.196267269904336850e+00
4.020386886529175641e+00
2.856496238547637567e+00
3.717570702919779535e+00
3.304944635565139954e+00
3.706211094760322844e+00
3.698693064744467573e+00
4.452103718502321783e+00
3.252701925758770596e+00
3.147327765182721393e+00
3.493877705466815087e+00
5.860464136090381082e+00
3.206271323412005714e+00
3.602585597647526505e+00
3.248891268437386515e+00
3.058617139945676300e+00
3.261554717504066669e+00
3.610140292334863332e+00
4.771112325454272884e+00
2.854459668669054206e+00
3.362030789817829657e+00
2.672283688527143930e+00
4.027311708012010882e+00
4.362811510295466988e+00
3.773185835693168677e+00
3.273172210182008879e+00
4.430827070634716591e+00
3.314142269538682406e+00
3.737094100296903587e+00
3.824923096213189488e+00
3.178103007986892603e+00
3.043181244720432055e+00
3.402351604703294896e+00
3.035798763701087033e+00
3.244001520824822737e+00
3.245441111777718213e+00
2.394108543805703704e+00
2.618275668591592886e+00
3.168675120694746106e+00
3.087927371476288485e+00
3.112148080087224322e+00
6.499864684809736559e+00
4.417970184866335970e+00
5.542197074124660006e+00
3.195636809590365779e+00
3.177865361489228491e+00
3.105630844214188446e+00
4.108566780929745477e+00
2.584286645687694506e+00
3.034173664356409894e+00
3.154557139920684428e+00
2.498293107273097391e+00
2.359155838886399792e+00
2.172635026152975435e+00
3.019347687214782638e+00
3.352568851982101528e+00
4.120495038211771544e+00
4.030205725699735453e+00
2.955899491317094618e+00
3.475175759846063528e+00
3.237676916606316624e+00
3.052515388983101374e+00
3.979933970191843251e+00
3.253078657823521347e+00
3.150461388676622843e+00
1.780986519530656453e+00
2.852573917481907806e+00
3.186637017720138410e+00
4.270553174297516463e+00
3.526754732278216231e+00
3.123062358067727029e+00
4.229697381410536750e+00
3.399028227148060743e+00
3.166271985532393529e+00
3.200045566270172337e+00
3.318556507631297059e+00
3.155833312161204329e+00
2.894690757157099448e+00
3.695039716140106734e+00
3.724366286964686079e+00
3.428787931535749678e+00
3.665078630035154106e+00
3.582613871880947265e+00
3.338447968887891193e+00
4.236869229506206480e+00
3.140160318055027489e+00
3.207214378243410380e+00
3.480613055799562261e+00
3.315571067332167665e+00
2.933392425841018891e+00
3.349840076244196219e+00
2.647212265479152116e+00
2.433481777643178745e+00
4.053394904163926782e+00
2.960604616267973554e+00
3.085738389141156723e+00
3.289426099356296262e+00
3.789636907879275540e+00
2.061941882140042814e+00
2.931519133612476402e+00
4.721356389092626671e+00
2.719035247520293463e+00
2.786372075556132533e+00
2.650657756674820398e+00
3.196845093185075370e+00
4.736331100210575684e+00
3.917010712741361367e+00
4.495983350774211296e+00
3.265374425504083522e+00
3.071246849336567220e+00
2.905999745993829819e+00
5.307106643842040228e+00
2.366840153564950811e+00
3.096574828824536052e+00
2.122393196916864788e+00
6.308945358105122025e+00
3.177817964309516796e+00
2.281679844415605452e+00
3.596879422935630899e+00
5.853360868946836604e+00
2.945096701691770846e+00
1.730120085648697570e+00
2.839870718553862528e+00
3.985513836580505398e+00
4.582423334520985492e+00
2.984731590725543171e+00
3.828059953572758634e+00
3.104937634400927848e+00
3.457804873342239738e+00
3.000233584292479883e+00
2.942264048921071407e+00
3.351365489040319723e+00
4.215306856509817734e+00
2.874396268219462591e+00
2.420819285824260092e+00
5.969563067577151827e+00
3.086122720049382373e+00
2.866072790428519923e+00
3.086678611284918716e+00
2.499185021958843844e+00
3.096133221398172708e+00
2.697219873895841058e+00
2.656356925547525005e+00
2.989970287222543988e+00
3.267953899788159866e+00
3.020829707071258863e+00
4.142357829330538976e+00
2.816823196132791640e+00
3.062285758498527688e+00
4.481893686819976352e+00
3.147363677855296249e+00
3.486811444911120716e+00
3.576112369701481164e+00
4.134972810776526231e+00
3.280990423661709343e+00
3.096347044475864507e+00
3.418073630608233771e+00
3.312293626111357359e+00
3.916506792651196722e+00
5.716463559205134715e+00
2.424610225354748128e+00
3.166457920562054440e+00
4.427712979211909428e+00
2.910627294548185695e+00
2.648304919758758480e+00
3.399530225742556588e+00
3.982976880182983237e+00
2.593631882027631619e+00
3.034582197833175954e+00
3.069472202793253501e+00
3.156179364247370334e+00
2.831040679557470519e+00
4.086436324662445330e+00
3.153309409582041312e+00
3.433090444191760682e+00
2.294412205412968309e+00
3.018141871393431153e+00
2.875916779274090729e+00
3.252253086420386907e+00
3.326198590616927575e+00
3.120724735873322331e+00
2.985165382271575574e+00
3.115335493907517961e+00
2.749659840662662447e+00
3.723171313068004640e+00
3.179980744031576378e+00
3.053485241552611029e+00
3.674963884674886661e+00
4.903256034209858782e+00
4.400374382782314520e+00
3.000156482008791592e+00
3.140415902881398047e+00
2.682755510776573260e+00
2.750334866610529616e+00
3.837958966527187599e+00
2.452687824453601451e+00
2.420457436605360613e+00
4.386948691066397288e+00
3.378160599280896736e+00
3.903880995599432246e+00
5.430561785455260804e+00
4.192374507178731058e+00
4.285210976745128519e+00
3.766778630983152798e+00
4.626997102584017085e+00
3.891968137776839143e+00
3.707540698176541305e+00
3.769280878720492556e+00
2.935426626276200768e+00
4.141304502554084443e+00
4.895775163502051441e+00
3.628141019695455771e+00
3.690937643992637796e+00
3.271298594707609197e+00
3.304752459703804934e+00
4.186973487221889556e+00
4.378801149125639114e+00
2.259029941158377852e+00
4.490084045298466719e+00
4.424776706102882429e+00
4.606406606980018026e+00
4.642238426431138265e+00
3.135661692912563137e+00
4.266336426358810385e+00
5.847566821344919674e+00
4.515554950329052630e+00
3.705548941442781796e+00
3.982430337282546695e+00
2.455840319824971640e+00
3.081095096982566783e+00
2.518636874379925672e+00
4.082705859308669361e+00
4.035200844977742562e+00
4.450849643166354674e+00
3.232568061039228891e+00
4.285482755829111312e+00
4.385481794347018791e+00
4.643300398338269019e+00
4.277936756636775861e+00
2.451380858305622024e+00
3.935665671848012082e+00
4.307112138950414781e+00
3.852676310812624738e+00
4.046189543894495699e+00
3.118348821023301021e+00
3.616479187415914787e+00
3.707235139897406384e+00
3.056239528466554667e+00
4.515806334943306410e+00
3.460717301008660485e+00
3.148089151054541901e+00
4.072739480417336466e+00
3.124337899098191151e+00
4.168163989821591642e+00
4.186297892899230710e+00
4.988775242982343094e+00
4.402949602256827077e+00
4.627130258225808923e+00
3.288631080197747636e+00
2.653380916118217137e+00
3.725399277915177887e+00
3.595931250120964151e+00
4.546908814336251936e+00
3.388705539713638970e+00
3.247351981835951307e+00
4.005224163317782526e+00
2.387860359768104068e+00
2.837252164940606836e+00
3.133210936931480006e+00
5.084187688699616459e+00
4.195759381875554972e+00
2.329800453479890621e+00
3.070236827187207140e+00
4.060328745090805214e+00
3.014187761068753968e+00
2.870898022736340316e+00
3.434216450494688377e+00
4.599682928829659012e+00
4.340923448295395559e+00
4.655370042683411036e+00
3.758518752120083573e+00
3.268895344143738946e+00
2.963007683270659776e+00
3.380184844546633371e+00
4.056728478431308460e+00
2.986322389808076849e+00
2.879371424371150567e+00
3.163958969805977794e+00
4.622872553372697979e+00
3.567374068717293234e+00
4.053507751433786055e+00
2.166910694743469534e+00
3.069832263119372406e+00
4.701332862670726698e+00
4.345745305824303628e+00
3.384818464432782115e+00
3.752267060647621832e+00
4.458358876013919669e+00
3.784009555790907253e+00
3.417093324341290650e+00
3.197978648181598160e+00
2.567054639718536535e+00
4.314631106139736438e+00
4.438401254340751834e+00
2.443489746299931209e+00
3.363405637267786741e+00
4.569396328551219355e+00
4.385983296101474416e+00
3.479873774696873312e+00
4.041851975847983169e+00
4.464045723904977336e+00
6.569222481385052603e+00
3.393829302943634385e+00
4.894247536132232845e+00
4.740628628845908743e+00
4.275610507046956776e+00
3.551596985902227388e+00
4.265976726916949957e+00
4.248622804748213078e+00
3.452805587942696874e+00
3.750886752187178264e+00
4.646941587663629747e+00
2.742697922578275715e+00
3.835109185026785994e+00
4.143079687983743042e+00
4.902890319348795600e+00
4.453474527302196506e+00
2.800492552577059424e+00
3.488711613993459970e+00
3.002178390860959389e+00
2.506005865250175990e+00
3.119426518871727616e+00
4.513748465245944530e+00
3.127572690330139071e+00
6.273527911708182359e+00
3.312850552014610095e+00
3.097081498138633648e+00
4.220892764595992830e+00
4.404420186361322820e+00
3.780987661528160793e+00
3.992917115956972296e+00
4.187201947485158726e+00
3.110371786359887647e+00
4.400264385531492017e+00
3.733167432300241284e+00
3.118909613806426506e+00
3.194864637300808496e+00
3.074586269576079722e+00
3.651105519103872155e+00
2.400960515937438533e+00
3.627789157454408553e+00
3.800062703535722175e+00
4.389171759193295941e+00
4.124201332209848303e+00
3.007575750473254761e+00
4.446154197060792512e+00
3.045767357402842990e+00
3.831748772508452028e+00
2.511602991559039211e+00
3.623422082596443161e+00
3.646929676917840979e+00
2.455566543448709282e+00
3.025852019372616830e+00
6.519404206088680098e+00
4.161605611166077523e+00
4.493732835730984476e+00
3.167210426789458744e+00
4.298477316049455155e+00
4.407692440681405976e+00
4.592884233237816360e+00
4.687688656740183646e+00
3.062688175857890993e+00
3.283033851808776049e+00
4.215253188476880908e+00
3.354392477843907372e+00
3.792750522186532081e+00
3.789451901953131419e+00
3.808874819769033859e+00
4.211007896504864512e+00
4.110004062858495288e+00
2.567482517132241071e+00
2.984451238136435869e+00
2.615569192038706525e+00
2.415585028058835348e+00
4.828003650343141828e+00
2.372801576516447852e+00
4.174830613212187735e+00
3.204151984994448199e+00
2.393995743461204473e+00
3.596903928107185067e+00
3.995671992299669739e+00
3.617892579790434215e+00
3.985155892409351530e+00
3.215467669046407906e+00
4.068911867040986508e+00
3.613819953070557478e+00
4.353161710854071664e+00
2.937737322487942393e+00
4.652013406089954728e+00
3.955803524936824633e+00
4.237358993741525026e+00
4.357497837947692076e+00
3.201070994818326465e+00
3.384459924674998899e+00
3.662928824209741308e+00
4.878664992147887070e+00
4.228513789123141464e+00
3.753242011722008442e+00
3.345443602746855483e+00
3.130641108274787143e+00
4.493759305502087464e+00
4.182136584846417371e+00
4.246743456169127739e+00
2.374271755667310302e+00
4.261735060611270498e+00
4.075096333579077523e+00
3.769964006156125258e+00
3.857292233998212527e+00
4.104502045502117724e+00
2.813739671912817375e+00
3.339822860039806329e+00
3.070311464109102939e+00
3.515959560295815578e+00
3.051175479858755146e+00
3.204602444518586779e+00
5.717086041843131738e+00
3.097102407638621990e+00
3.922375047926297320e+00
4.469403869140888830e+00
4.341912130176908136e+00
2.434030476861813064e+00
2.379414311058930309e+00
3.676258512864960526e+00
4.423489838318105605e+00
3.599290141670262066e+00
3.639900026802860289e+00
4.492019698846480225e+00
3.696801986290624065e+00
4.107761875117136086e+00
3.584852150714391783e+00
4.630560821814539096e+00
4.379436782041656429e+00
3.233357581428880856e+00
4.560724025593227537e+00
2.926396450462767973e+00
4.246812381742771869e+00
4.512850605496743661e+00
4.846403941784805269e+00
3.826432422764191710e+00
3.703265760060909351e+00
4.246621502569528417e+00
4.572092069238568257e+00
2.827323335491105816e+00
3.747500704583944131e+00
5.201939579795174851e+00
3.132754462509545590e+00
4.160597316682295599e+00
3.841479298779415519e+00
5.114519187773519882e+00
3.963097762631625720e+00
5.833414238292635723e+00
4.900328771700634967e+00
4.166387696592050993e+00
4.167253860213664396e+00
3.867995447203789183e+00
4.180024105729823525e+00
3.920815618639123201e+00
3.202707541345066744e+00
3.227750066919762961e+00
4.162393550724500457e+00
2.731175401316745521e+00
3.373161926542487699e+00
4.711210737191477094e+00
3.071764889741623428e+00
2.738346265566632631e+00
3.160986390952793990e+00
3.887080654935020974e+00
4.151121657217132110e+00
3.134588047347462769e+00
3.923639913000819046e+00
4.374895934718182389e+00
5.441135334699745307e+00
2.839019436566257326e+00
3.577105810415840192e+00
4.438203210868260307e+00
3.818200669347866949e+00
4.416910638354472951e+00
4.234856305633231344e+00
3.869678073531723328e+00
4.607766962600276628e+00
3.545931989243734428e+00
4.261605481449638688e+00
3.602963563892983778e+00
3.165465771679855322e+00
3.267314746052156771e+00
4.572126886479987107e+00
4.639283080536012349e+00
2.458859049456848744e+00
3.434477566407300841e+00
2.793554041574133784e+00
2.969367166474082609e+00
4.058257196671922529e+00
4.062904517623165290e+00
4.779541190106973758e+00
3.457563244157879190e+00
3.968869081473182625e+00
3.185542544088932893e+00
4.161863625489583995e+00
4.391459383396894012e+00
4.447064248139074749e+00
3.479758533561756906e+00
5.057659720864646324e+00
3.990128719623315945e+00
5.210235067491761463e+00
4.197383731897557979e+00
6.690799368648688628e+00
3.582829395334989897e+00
4.598760244918832285e+00
4.675684815185865872e+00
4.286847370500116661e+00
3.249673774015294114e+00
4.669753635318782514e+00
4.185352627991870023e+00
4.120525518821794186e+00
4.145124220307468299e+00
2.710137718263159634e+00
2.755381497212503028e+00
3.388368354091363610e+00
3.016986358862427942e+00
4.377557405049358863e+00
7.561282465411871989e+00
3.575988101526709428e+00
4.217759186308358998e+00
3.479987714333669935e+00
2.699070316810587400e+00
4.844832998515842704e+00
2.519942778487795909e+00
3.045362131878469825e+00
3.183652323474402301e+00
3.995220447852137813e+00
2.425753743458727740e+00
4.832679129412206009e+00
5.315850109706571125e+00
4.716819322135807901e+00
3.099121451190276488e+00
4.031370214811721198e+00
3.670971455042794762e+00
2.837118008871866159e+00
4.120323093075418441e+00
4.238056098512902992e+00
4.254049014613798363e+00
3.530964881898541297e+00
4.164892963571604767e+00
5.110267268162901999e+00
4.190860137801220020e+00
4.017849320751616382e+00
4.090999920906757126e+00
4.133478440500011786e+00
4.545277905501718507e+00
3.872799781690646093e+00
4.168464111290055563e+00
5.216034194132388002e+00
2.778750740989604395e+00
2.947985287725752634e+00
4.195626136064269929e+00
3.837082787346825619e+00
5.381557882806724535e+00
4.887790588156208926e+00
3.853293874505413719e+00
3.440393136197074320e+00
3.128802543711663997e+00
5.433945449640011027e+00
4.102403397094551707e+00
4.214333853952767939e+00
2.859684285063552878e+00
3.413653975541729224e+00
4.105864304648973118e+00
4.354956928933306770e+00
3.367522897888612921e+00
3.381125281461099696e+00
2.923882265190925089e+00
4.548171698529277052e+00
3.715403581539801880e+00
3.944013925045828373e+00
4.299773417296371747e+00
3.880708686002885877e+00
3.064721263953931185e+00
3.040371922836586638e+00
4.295076120692357335e+00
2.598023741615836713e+00
2.860510570420353282e+00
4.053345742052158585e+00
4.148596630374195016e+00
4.755680664379374534e+00
4.142513655426387054e+00
2.993384127114582682e+00
5.593149172050673634e+00
4.602276255127339510e+00
4.087799167085021779e+00
3.085958101370873230e+00
4.127517433295640359e+00
4.195713621797240833e+00
4.140486241290462388e+00
3.141867979212411122e+00
4.195058624989197682e+00
4.134025112266487056e+00
4.141017268703407694e+00
3.967419845763432651e+00
3.954441158021253511e+00
4.333345111701339292e+00
2.905267015794173346e+00
4.581372418680349057e+00
4.031871940288064060e+00
4.060827335258490933e+00
4.418708206690999063e+00
4.530581619528022408e+00
4.111498139057548684e+00
4.791284464849990599e+00
2.396553963086727190e+00
3.502058342983881634e+00
5.528644950830416960e+00
4.089325701827140946e+00
2.762468327163198900e+00
4.071530503501474385e+00
3.857984322497191698e+00
5.171417271822690509e+00
4.461512742945005883e+00
6.422176439383515678e+00
4.951630277700232341e+00
3.421650920798833262e+00
4.805373860917601547e+00
6.319739383429086921e+00
4.147306012431076994e+00
4.183246235950742076e+00
4.609917142230100850e+00
4.747331775257228159e+00
4.785059055933297500e+00
2.920052400804638459e+00
3.536350843130325217e+00
4.643422635632965978e+00
4.020072959804787516e+00
3.135996729020440021e+00
5.493503415236286713e+00
4.024148601152095495e+00
3.647047906066443357e+00
3.846966844640902217e+00
3.070005149258855592e+00
3.902475734564952781e+00
4.173575029345538923e+00
5.025044531472381948e+00
3.754237709125237465e+00
3.782012110043019071e+00
5.229869581257478472e+00
4.764160127661279276e+00
4.055672322815559561e+00
3.187420422924611252e+00
3.726180824818833059e+00
6.315072381808843005e+00
4.661227121349843294e+00
4.766962277159336736e+00
3.330358638885714484e+00
5.635793724694662998e+00
3.910049784327688904e+00
4.667173674400919126e+00
5.079322587805272349e+00
4.759864236631596413e+00
4.386612738610073947e+00
3.396170138458391996e+00
3.592958199815903697e+00
4.137293403928870461e+00
3.945341704322300025e+00
3.728642080652813107e+00
3.246747758995483402e+00
2.959588369065997870e+00
3.391812395272499447e+00
3.789647674699811120e+00
4.702306036869867256e+00
3.657350158437505883e+00
4.740711017699317686e+00
7.255279258348728888e+00
4.727829840158321417e+00
4.687112743794648040e+00
4.638295567963923283e+00
3.193818341493889434e+00
5.255028697109993985e+00
4.543698564578098953e+00
3.539087368804130218e+00
4.411074191073597106e+00
3.703270147385024913e+00
3.846739602115516465e+00
3.491953176723610497e+00
3.646168900057734419e+00
4.706980136964769912e+00
3.590732207955285027e+00
5.564366768717494693e+00
2.463859809269699497e+00
3.767179483683364971e+00
5.246972365511332725e+00
3.890658547825863067e+00
2.375633948185142508e+00
3.931395035453594478e+00
5.615285202479554982e+00
5.946769523808935531e+00
4.109400515092541895e+00
4.416943226315385829e+00
5.329284693776435766e+00
7.016157176631638848e+00
3.708361160810647927e+00
4.131058036435240055e+00
3.734738963257243860e+00
3.224778446454757308e+00
3.988163970429442706e+00
4.086048330422407560e+00
4.730066323675572448e+00
5.339658617658254336e+00
4.669319149256701884e+00
4.649650631119399691e+00
4.165060579906964655e+00
3.691669840936631530e+00
3.772860422974655403e+00
3.703174865839192087e+00
4.099143673558051759e+00
3.547888382862115719e+00
5.600992416386512573e+00
3.918591081995440817e+00
3.491842940469052969e+00
4.617992958446807350e+00
3.768903692684476781e+00
2.966025209037940868e+00
3.875993936232231540e+00
3.275132603527820763e+00
5.455212458811700138e+00
2.625510751090821771e+00
3.556041133594042059e+00
4.859242530686038286e+00
3.535482855691494564e+00
4.573488993328594709e+00
6.722808748628322562e+00
4.710123488763825250e+00
6.046820849100193129e+00
5.530726017878468070e+00
4.567804392466487506e+00
4.014652392929003000e+00
4.507428061730577973e+00
3.642515717252640783e+00
4.736030211495336317e+00
4.097440362109487921e+00
3.985331159319257743e+00
5.708451113936149568e+00
3.835428322165873816e+00
3.995402018403896527e+00
4.672034197882872775e+00
5.014008567436226471e+00
4.505236679019795965e+00
4.692380991508889210e+00
5.194410329767134904e+00
4.621332217622660110e+00
4.680987387475679995e+00
3.249946664797673357e+00
4.127321743411489940e+00
6.926639292323260477e+00
2.658317971727344187e+00
3.815377817935311722e+00
3.880993072513659659e+00
4.058692380697160651e+00
3.510298581003488572e+00
3.941048418609176984e+00
6.030142714235470436e+00
4.819003928872142239e+00
3.726687319453946934e+00
4.972738126670371628e+00
3.494260978343564972e+00
3.815804474812067859e+00
4.661473239925582490e+00
3.074827501487101600e+00
4.817353148127093476e+00
3.773951123124838603e+00
6.715313650921932442e+00
4.154838092094348845e+00
4.999946900253640081e+00
4.714244491911248502e+00
6.436441291148886634e+00
3.933980444155369405e+00
4.427151885258448161e+00
5.104715006095065455e+00
3.800300109916697089e+00
4.951318673381506663e+00
6.872517814929313573e+00
3.585344445055366869e+00
2.417209123207484822e+00
4.995163417996760558e+00
3.687795127270966589e+00
3.972806524899949565e+00
4.651290007590898057e+00
4.871096585532985301e+00
3.837642731069085933e+00
2.379278405352328818e+00
4.772315698004735651e+00
4.693098767611115107e+00
3.218675364820818174e+00
2.628004045771710651e+00
5.620109039478730750e+00
3.948775661053315122e+00
3.821859244756539820e+00
4.800238130027447703e+00
4.058581750587215708e+00
3.794564369438597762e+00
4.157432877959999828e+00
3.535318795625682853e+00
3.340262835328051683e+00
4.991129532732411889e+00
2.435520235820764157e+00
4.634179134938784195e+00
3.805385611452781536e+00
3.136051617778512934e+00
2.330539896220906737e+00
2.382765131162738026e+00
3.370793196341732134e+00
5.818659649915121079e+00
2.733689290762007396e+00
3.836033696315260144e+00
3.729585785566650991e+00
3.566013877997366244e+00
4.670198208677551754e+00
5.549565317957770638e+00
3.420842153493292237e+00
2.928791094729242594e+00
3.602594287775085391e+00
4.502370547315038607e+00
5.405868259610944193e+00
3.377315573289183526e+00
3.129803207371095741e+00
3.917547739695633524e+00
4.046548234394336419e+00
4.116758034269461852e+00
4.604525626896958101e+00
4.617187979912663387e+00
4.536179309151609829e+00
4.714873613410027531e+00
2.870655222394696615e+00
3.144968118431527238e+00
4.040138085584935368e+00
3.937798983730041780e+00
4.524525997894583540e+00
5.612266888453628866e+00
3.761896540265019073e+00
3.720867955435191554e+00
4.659549844655744621e+00
4.752232446431323254e+00
3.767172492713560139e+00
5.780830818525251047e+00
3.297844139310186939e+00
6.042573554405651137e+00
3.919988358779622928e+00
3.629083950799550706e+00
4.134429432995648135e+00
3.787620891474930307e+00
3.853252580362731550e+00
4.655935154497797157e+00
4.602153919907095769e+00
4.348445107729013159e+00
3.373376566266017562e+00
4.932199473234372356e+00
3.609619121700136102e+00
3.282639535619153115e+00
5.398057170760246493e+00
5.407270535897744423e+00
4.966382772740672635e+00
3.626254178466913558e+00
3.871556128325799317e+00
5.674090434733083832e+00
4.097542951771957931e+00
5.554452068146135346e+00
4.664064641094894270e+00
4.793434124795936668e+00
3.787130422484669801e+00
6.979787575841571723e+00
5.096824537872324257e+00
4.390139338729040830e+00
5.431876626384795514e+00
4.415420425615068645e+00
5.455779749547060575e+00
5.172723509166846867e+00
5.097382491141107863e+00
3.879357183668528997e+00
4.120953195880330711e+00
5.440206597796187538e+00
4.737888280169139321e+00
4.218386590264683988e+00
4.325178801478969604e+00
4.878088076447165022e+00
5.554221301088555052e+00
4.662676778688331858e+00
4.163522439962410004e+00
3.913171345555877423e+00
5.183747651144457791e+00
6.268008007326387521e+00
5.975513496808781966e+00
4.452935549286779704e+00
5.803211483062904463e+00
4.360548159816369562e+00
5.015898833571634796e+00
4.544278249271176406e+00
4.758879857148036407e+00
3.230631558137234016e+00
5.451139056683963702e+00
3.541817594877930020e+00
4.253549691307620506e+00
5.643507235986819026e+00
6.452950188542446952e+00
4.563364998696422425e+00
4.943601747775567823e+00
4.202297602349881700e+00
6.977446009503751156e+00
5.833644833993031575e+00
5.066341992354882251e+00
7.009580997931083246e+00
5.321144323631946449e+00
3.340192909645913311e+00
3.132793356745271485e+00
4.547656190712601187e+00
5.398244498984242412e+00
4.143760190951321754e+00
4.143981867269655339e+00
3.666114447829970757e+00
4.858930019815900891e+00
5.382908299226631499e+00
5.594569948681288984e+00
3.448352173635119478e+00
3.749025844685973219e+00
5.274753540842752386e+00
4.197481311431526585e+00
6.264145411114050432e+00
5.189937103875884361e+00
5.004092858639834773e+00
5.341887628663723575e+00
5.429926147614608567e+00
5.608534514339039490e+00
5.625689045979791025e+00
5.162498523195091060e+00
6.330108705349029918e+00
5.068564026767647945e+00
3.516923266592206332e+00
6.367904922051155658e+00
3.592527614943925585e+00
4.508739207620049427e+00
4.069871090959264137e+00
4.443503793711643723e+00
4.993219738504905081e+00
4.515038767700970013e+00
4.944708080836511144e+00
4.695253530453085133e+00
5.421079628697601294e+00
6.139209214089159872e+00
5.554269684013505959e+00
4.454266580257314700e+00
4.538943198562193082e+00
5.240068317209570559e+00
4.168854308895149963e+00
3.382580665654334240e+00
5.131704206383796318e+00
3.910476788799220671e+00
5.102691042118959075e+00
4.053731537294065213e+00
6.427323366545164340e+00
3.368733669636986061e+00
4.994767612071635554e+00
4.905050281255763700e+00
3.830869156615835713e+00
3.840867290863897665e+00
5.871961998773142177e+00
4.225468898028709397e+00
5.100492735865712390e+00
4.266596487199590726e+00
5.474919731782497578e+00
6.887562252128416773e+00
6.204655988637549413e+00
4.443443392077845999e+00
3.674569422106736205e+00
6.509795883930316940e+00
3.678980503850772799e+00
4.501969463390817161e+00
5.269026312436983162e+00
4.335015857774683568e+00
3.810064806736555898e+00
5.447894326021293310e+00
5.065052530620926419e+00
4.709060589781408623e+00
4.751738578446500938e+00
5.731837317390023223e+00
4.486014206592539466e+00
3.823445454672047106e+00
5.783459895149480445e+00
5.248050623153366345e+00
4.683080350401009895e+00
4.845539071711423951e+00
7.038465269505639554e+00
5.254727823894444150e+00
6.410690759456469934e+00
5.097392284199518286e+00
4.915440666256561286e+00
4.416454377484132721e+00
3.458843774605471211e+00
5.554813728970036557e+00
6.324035291624907629e+00
6.365393496037972554e+00
6.642640957476031893e+00
6.173106403436507961e+00
3.457019231974384432e+00
4.198602793962088242e+00
5.284571843319247009e+00
2.773474138808496470e+00
5.627032636030049773e+00
4.224319551378428628e+00
4.197233588797253390e+00
3.143012888192781684e+00
4.156892972278912524e+00
6.149816901316636830e+00
6.449779018493545735e+00
4.034566365985504888e+00
3.490361583195368489e+00
4.152010617757903255e+00
5.556075692760175322e+00
4.178843252545798137e+00
5.342486431569463790e+00
3.586294716514939473e+00
3.576626865395481580e+00
3.622265347593665474e+00
3.543137123068438310e+00
4.508819909411536209e+00
3.905618662823931331e+00
5.579605933425783704e+00
4.192976959076093024e+00
6.349178664572816544e+00
5.322388599271118181e+00
3.858253822610166139e+00
4.067731160949015212e+00
4.845970713033472599e+00
6.672875797177265866e+00
4.631575234911434080e+00
4.584547708347749051e+00
4.572264039163721705e+00
6.425307400031566196e+00
4.040837278067179739e+00
3.777219113062987965e+00
4.703686162540194005e+00
6.514363786554734581e+00
5.174492901805685108e+00
5.319183005593712821e+00
2.959529340246256801e+00
4.002661609214023031e+00
5.314346196984840454e+00
5.128078623200464925e+00
5.637588333216376313e+00
4.102158271857143212e+00
4.348882834462987290e+00
5.274456461203700819e+00
4.361327618646540394e+00
6.600379425426474711e+00
4.920327072512769462e+00
3.985151504387864918e+00
7.088443103414259205e+00
4.958904146228125143e+00
4.293278244481948391e+00
5.690155015967965468e+00
6.811951474842825149e+00
4.666848140299098446e+00
4.224334000054470017e+00
6.851642779974618236e+00
4.490565879550404205e+00
3.516087800138359754e+00
7.104526066030494746e+00
5.782729221057502755e+00
4.580521032206323895e+00
3.936976400758602335e+00
6.274198803096146193e+00
5.721445648481908286e+00
6.149131643422734328e+00
2.664548896554869373e+00
4.949027916490367218e+00
4.709445645391753033e+00
5.491472627937376672e+00
5.344437236549668846e+00
4.546994469602598343e+00
3.750018040606811986e+00
5.622430436033292622e+00
4.314397040608094258e+00
6.633195837800410999e+00
4.271823432689560107e+00
5.520043838486883736e+00
6.398884444486229839e+00
4.634622291052546750e+00
4.568051022825484253e+00
6.631589544912554146e+00
5.633898276243007430e+00
6.056596132774726193e+00
3.542653236494387237e+00
4.483667138909872563e+00
4.545168711246178717e+00
5.915350929035735561e+00
4.831466387356566194e+00
4.246805590019259391e+00
6.257551330867745065e+00
5.050769384889886027e+00
3.377114086001875570e+00
3.595465436174437812e+00
3.614661360990800265e+00
6.808564269044831363e+00
4.366918699033801587e+00
6.079608468323289827e+00
4.108547364773958321e+00
3.930353318193621881e+00
4.746403703470027935e+00
5.195934551417476399e+00
4.775398363130587853e+00
5.275423465318763938e+00
4.054401304444890108e+00
5.212299965525700074e+00
5.907799778566902305e+00
4.748375209708951772e+00
4.579182960344502007e+00
6.351532493955900804e+00
4.890075713721545370e+00
3.710720159953367236e+00
2.296375204000919545e+00
4.647224333357457660e+00
3.878383644726982826e+00
5.422245663090512480e+00
4.263968582170580390e+00
3.743845079153804267e+00
3.321778404980278321e+00
5.485664412726061201e+00
4.709892094612078139e+00
4.520303049837498754e+00
5.436998546466707438e+00
3.926979333888882984e+00
5.452350279523259680e+00
5.423399690655639205e+00
6.203953011713223553e+00
6.265925161436154411e+00
4.196051396237072240e+00
5.082567784071953199e+00
5.710951267271774157e+00
2.887919996410412971e+00
4.491260948229937711e+00
4.823064597494090222e+00
7.597980811004763524e+00
4.529131036663603282e+00
3.576053009552440543e+00
4.879333903140057771e+00
4.281584951177454634e+00
5.608388445580549941e+00
6.318386897323504670e+00
4.638119017753282947e+00
6.149638929731694681e+00
6.042645073516085041e+00
5.442730338065535634e+00
5.195967777991796765e+00
4.822570858739933186e+00
4.724203910392319905e+00
4.686710949384022662e+00
7.072191160530302056e+00
3.629793744414511636e+00
6.439739662321089853e+00
5.079306362480711101e+00
5.186492223761110409e+00
4.964551458848321275e+00
4.183926875358440434e+00
3.849711303083563685e+00
5.441231179813014407e+00
3.684782812530919216e+00
3.790291895285451851e+00
4.174864378029630174e+00
4.249242977767755391e+00
4.155737666859178780e+00
5.149302047104910685e+00
3.377131942476931048e+00
5.207167999674893188e+00
6.265540102112018062e+00
2.784224856007070592e+00
6.645329872593261911e+00
4.246436457037589207e+00
4.804988416046235500e+00
5.857728392648118287e+00
6.341749198593817027e+00
5.369227863316933025e+00
4.450764744300578002e+00
4.820394694203875119e+00
5.769651051875771763e+00
3.311854494918300418e+00
3.730373118194939330e+00
5.325218444437021859e+00
3.723238908394348901e+00
6.060906742989382145e+00
4.619031330348006392e+00
2.922428820905986768e+00
5.221524390417963346e+00
5.314757950687081234e+00
3.972778444817528065e+00
5.861376394171795567e+00
4.668643619546539725e+00
4.802327934724949898e+00
3.612463335565858635e+00
5.135247506713953136e+00
4.700964441901458457e+00
5.290164004385381702e+00
5.162019886571454386e+00
3.275128528899317715e+00
4.543744815336467013e+00
5.627553193900688200e+00
3.846608428023027493e+00
4.184321029823584226e+00
5.395905662690498872e+00
4.626613914585099074e+00
6.740535183512056605e+00
6.487419133909736679e+00
7.645338213954286033e+00
4.243783007230013560e+00
5.102029030697650569e+00
5.952321532403621163e+00
5.623887026031958669e+00
3.945606147222538329e+00
3.449784331439624374e+00
3.875915464594882565e+00
6.307552862045845643e+00
5.516475542748025873e+00
5.304204747629839289e+00
3.808248104874132789e+00
4.607741787245442922e+00
3.963689044040890508e+00
4.300643553106684891e+00
4.140698257880854882e+00
4.704458000067885948e+00
2.307310786006620873e+00
6.132196416705257391e+00
4.476320529139080406e+00
4.945070671754814740e+00
4.467114636971188268e+00
4.733307701060634365e+00
5.751625507867395903e+00
3.113790840205505006e+00
4.757728910513369769e+00
5.445450749866159512e+00
6.029485566926059192e+00
5.068550312369467292e+00
5.001533003950439316e+00
3.479214683430682520e+00
4.866713161549197864e+00
5.753588746079418392e+00
5.312076748252916758e+00
6.239946331554451220e+00
5.050673875633796328e+00
5.221911569652496254e+00
5.369628947928719143e+00
5.238951515261453196e+00
5.294697403563107585e+00
5.007006362861369020e+00
5.718268147022637748e+00
5.747266279980995485e+00
5.341207854412463263e+00
4.035892275937792206e+00
4.170022013092069102e+00
5.288814470557841929e+00
6.388815679942078773e+00
5.213717478369604308e+00
4.313188799576799681e+00
4.003947886752586172e+00
5.765150664241703637e+00
4.768437732898979320e+00
5.781338284292871776e+00
6.198413611449220539e+00
5.720447575136945240e+00
5.735025511044867130e+00
5.164597818173314536e+00
3.983295158925534984e+00
6.269776648109023576e+00
5.916953422905464777e+00
5.030001183789952535e+00
4.498267243453662800e+00
4.925273082096912169e+00
4.629556886227140566e+00
4.226364327256014519e+00
5.768666894757473074e+00
4.447186972146681683e+00
6.333976705734568391e+00
4.005691668402539207e+00
3.972901239090502745e+00
3.982678802854286104e+00
5.383163082199441618e+00
3.792140492708189647e+00
5.315748579862226819e+00
4.001302317745399684e+00
5.399021484398156545e+00
4.737876841318353627e+00
5.308948000673178846e+00
6.160774250707442334e+00
4.925789051246789008e+00
4.611933606282219600e+00
3.460560085481228398e+00
4.794273664310914285e+00
4.689838881424500450e+00
5.065482178924449741e+00
5.848192407540294013e+00
4.184788746877940113e+00
3.924889896382697696e+00
4.441783890090855280e+00
6.000000000000000000e+00
4.903411396862523475e+00
6.988748463105088682e+00
3.412608399115726776e+00
6.252407372479229508e+00
4.760434595844582617e+00
6.258840488589912709e+00
6.048561695309102149e+00
4.655545193431292361e+00
4.085125464060299194e+00
4.944795288656070653e+00
5.592166894885378881e+00
5.065079013929245200e+00
4.799992571677144326e+00
3.684113606994460444e+00
5.554127019800802145e+00
4.971979440469134204e+00
4.271545400612779098e+00
5.642968000009604523e+00
5.732265129217996247e+00
5.247887473416784410e+00
3.402265206493095384e+00
4.056677114275249352e+00
4.186053888450905092e+00
6.356156476877657724e+00
5.392814955068429228e+00
4.435535546515633420e+00
5.741692029580550027e+00
6.476416970934872452e+00
6.283856118660387402e+00
3.948922892098472914e+00
4.609728026419764646e+00
5.811966442977678504e+00
6.003405153755188906e+00
3.896794747872108111e+00
4.026087751445192708e+00
4.788825690167615612e+00
3.887566131860963115e+00
5.054637190747477860e+00
5.314033219116694795e+00
4.781255714698207981e+00
4.014670144094964144e+00
4.188874385993354821e+00
3.975949586401958058e+00
2.887006554426110760e+00
3.239292366755097685e+00
4.207930672724049082e+00
5.809834786884248814e+00
4.771646838725762230e+00
5.644279530744549689e+00
3.847193852554120941e+00
5.131697127081002563e+00
4.591826848624315005e+00
4.430995610786724548e+00
6.062424844340633001e+00
4.070712207612236178e+00
6.521709092097898619e+00
4.389723458167870795e+00
3.692266536687838219e+00
3.413097150177922146e+00
7.192088391133598435e+00
4.736225252804768360e+00
3.993912508583574272e+00
5.534944142260902922e+00
3.626350844735648948e+00
4.250979515679025766e+00
5.535531394693938623e+00
3.788876280710285815e+00
3.994999491596040730e+00
5.037905385738158159e+00
4.758748164042621021e+00
4.433173231482210319e+00
3.291733278250906114e+00
3.424113706796827472e+00
4.752834822022766303e+00
3.515929398904712677e+00
4.005005500707684796e+00
3.748956398574351034e+00
3.881803691973632287e+00
4.601351560556325992e+00
4.352858722203049702e+00
4.637473631017437370e+00
4.326774353237516912e+00
5.445810069067741566e+00
5.029576049758628820e+00
3.107632375484739473e+00
4.883272166856073682e+00
6.447427655497925514e+00
5.029676625121715539e+00
5.369722342881474653e+00
5.189434838883729029e+00
4.522215194773613334e+00
4.667947012651557870e+00
4.608222253048127826e+00
3.678722412439569656e+00
4.575407384509888153e+00
4.443489412230386293e+00
4.006517693679879422e+00
5.973861510287517440e+00
5.202335748601864651e+00
6.214901592611777659e+00
5.066677530849453603e+00
4.458783511944474753e+00
4.793750944805191594e+00
5.966462463382537607e+00
4.057801483185992097e+00
2.852292176921681133e+00
5.094313042676109404e+00
4.062088457832977895e+00
5.596256310933862999e+00
3.825721701397926111e+00
3.681553004049216593e+00
4.525503272520174036e+00
5.091277559486866444e+00
4.463802068801400402e+00
5.545797527142363847e+00
3.505736788075614285e+00
3.228894388874651078e+00
6.111631010103490524e+00
3.753423772425072080e+00
3.898918851723424339e+00
3.929730824953867163e+00
4.911839127919575887e+00
4.442763590549628105e+00
5.642208157937762536e+00
5.202096990229807538e+00
4.398949050855328835e+00
4.920378663877825076e+00
4.993699886069163263e+00
4.577873827518258665e+00
3.422376001105991161e+00
4.710319575017519966e+00
4.853600771799428060e+00
5.169104611459509613e+00
4.221422446556683639e+00
5.121493411876389956e+00
4.074654954241349714e+00
5.852827687914928134e+00
5.910101003864051350e+00
6.673571874434730766e+00
4.331256051254247730e+00
4.760863184233626200e+00
4.004060667293511955e+00
5.943028005877328823e+00
4.104254748298911792e+00
4.139440706042714524e+00
3.858793212630960312e+00
5.819310388633406106e+00
3.546887305724035322e+00
3.156742325074658684e+00
5.548309502390740278e+00
4.909138656654572941e+00
6.679336053028032794e+00
4.532037877110866475e+00
6.088185386157796586e+00
4.040021631884805231e+00
4.742072556395259042e+00
5.749045982685331957e+00
5.942645555478993202e+00
5.731182616091787807e+00
4.587108638847006148e+00
3.561653520012703744e+00
6.099788083783293402e+00
3.404293046843703152e+00
2.935736382827308866e+00
4.572349787606766469e+00
2.863940591401785696e+00
5.628037001223565206e+00
2.935844438358156783e+00
2.908065632422442537e+00
6.000000000000000000e+00
4.019912134097124223e+00
4.179149225143648394e+00
2.853235727178731196e+00
3.009837788360061772e+00
2.989293594146942290e+00
3.064189916137729064e+00
5.124389238504710953e+00
4.580739639083689418e+00
2.899423432522143074e+00
3.112720214577449518e+00
2.646255583028271907e+00
3.196523674639191182e+00
6.000000000000000000e+00
3.110951580699876651e+00
4.896765622633394877e+00
5.345794446188278926e+00
5.041566957969933149e+00
2.927987178789264178e+00
4.547326101172647128e+00
6.004651944140736219e+00
3.449435106084029812e+00
3.153532068912914710e+00
4.805337338260912361e+00
4.812932247807842678e+00
3.991396847613694732e+00
4.031722434844959402e+00
4.193848491939895951e+00
3.651968575690037078e+00
3.240014885367911823e+00
2.896923963309442129e+00
5.209776381044768812e+00
2.762078790383347027e+00
4.837269610787158669e+00
3.348723603790693115e+00
6.046442623520329462e+00
3.075160516197422034e+00
4.713666407922396218e+00
3.225556303758832399e+00
5.475459875412581390e+00
5.592860159359250183e+00
4.158795389175064194e+00
2.965387514433731386e+00
3.784188639786916220e+00
5.191332597726048270e+00
5.288556783977295339e+00
3.011172632909868696e+00
5.680922574035298211e+00
2.874347848866753097e+00
4.763661643474405238e+00
5.340465873783272421e+00
4.471102206948607716e+00
3.603002263439553765e+00
2.922052975743451242e+00
6.759435221103015756e+00
5.283298730848809299e+00
2.951225965429706832e+00
2.999952664294483817e+00
2.915989921896083636e+00
3.682818628542528394e+00
3.798509456263164275e+00
5.092477045901016908e+00
3.244503816829185094e+00
2.935520111094144013e+00
2.940923261647037101e+00
3.002377974718962506e+00
2.988398815862570501e+00
5.494806715833742139e+00
4.328577027425679624e+00
3.164630987826602571e+00
4.537114780087446064e+00
3.774331928049588392e+00
2.046039563995008415e+00
4.884759590167524479e+00
3.705018638290145105e+00
5.997036316331979755e+00
4.852765178950799729e+00
5.786593151025804183e+00
4.115426701563793976e+00
3.067640802397775257e+00
5.242508330301848929e+00
3.739780470239502996e+00
2.619609166234702080e+00
6.000000000000000000e+00
3.276290876093987503e+00
3.710650905221898554e+00
2.903367800859484760e+00
3.073670470366111740e+00
4.142808580749845149e+00
3.272656620256436888e+00
3.420272254626123498e+00
3.692537435158322445e+00
2.365422507715210898e+00
2.897590797188631218e+00
3.018809243606797033e+00
3.123072831818792139e+00
4.007747792649460905e+00
2.924877507419851419e+00
4.523148067690737406e+00
2.872214562580144737e+00
3.210331604118323412e+00
2.354611273645920377e+00
3.031086308404151275e+00
3.412402025300260711e+00
3.034479594137903913e+00
4.414699306967425407e+00
3.211076258933922567e+00
3.214028347269009878e+00
6.206067252990051131e+00
5.782221322033469946e+00
5.290047300811585806e+00
3.580477130250195206e+00
4.847749597012078304e+00
2.941336173122553355e+00
4.255873107233589359e+00
3.515324322896110854e+00
2.962631134841750669e+00
3.540451356125022819e+00
2.756870964386275880e+00
3.410733023149262522e+00
3.255512741384361863e+00
4.848071695701113626e+00
3.837595894583420097e+00
4.379470980788953582e+00
3.799093552177049027e+00
6.000000000000000000e+00
3.047130222032643942e+00
3.118259569390098296e+00
6.789403062560534607e+00
5.594602710771228615e+00
3.630693685437601737e+00
3.244258592451647605e+00
2.923289870839865578e+00
4.082643676903352947e+00
3.608062073111912404e+00
3.089140584887031693e+00
5.593298299618828295e+00
3.918859572666360869e+00
4.802877256302418907e+00
4.853612207484196972e+00
5.039017594766194819e+00
3.449369230673162257e+00
2.881915066065907638e+00
3.734351448246322924e+00
3.011553971043920974e+00
2.975661015568985768e+00
6.134585176854710831e+00
3.713058019155836664e+00
3.950735673000149273e+00
3.113286575338377826e+00
4.319542494022194923e+00
5.130445719256728765e+00
6.407138057295480138e+00
4.078106257644746435e+00
3.296869251989452909e+00
4.069244293925348366e+00
4.032088709846179952e+00
4.151750959610635228e+00
4.250925692538775280e+00
5.687138964021997367e+00
6.804145176298044717e+00
3.231614475418115973e+00
5.064580690902520388e+00
5.229981009013038751e+00
3.759243050000982134e+00
3.776949743816422789e+00
3.441224901826350990e+00
4.678344823980822298e+00
5.604616460309577164e+00
5.124094562005920395e+00
3.216438676236712979e+00
6.546600681284985512e+00
5.180561218162319292e+00
3.734470176016897014e+00
4.386382122241391457e+00
6.078225027060141450e+00
3.556922567347342135e+00
5.166094961111641126e+00
4.865930181536641363e+00
6.825709655898784867e+00
6.543956097042533671e+00
4.019095559864226175e+00
5.058056137568977206e+00
3.224011768393220123e+00
4.157053439980016307e+00
6.221931447527895287e+00
5.321003907741558514e+00
4.373898739586591589e+00
4.817510549497686867e+00
3.348556811431316227e+00
4.195740204108691529e+00
5.073158727462512729e+00
5.991502550322565845e+00
4.555028121028985133e+00
6.000000000000000000e+00
7.219912111233075080e+00
4.784315182642226105e+00
3.992293339502273053e+00
5.836218573156807921e+00
7.147150665857417096e+00
5.411581370965075521e+00
6.190753866509858483e+00
5.783793565558326577e+00
7.047430813759862467e+00
4.993280873720822299e+00
3.968043068167347087e+00
4.904615625886378893e+00
6.401306912350216649e+00
4.602185910743830988e+00
3.086957613908416942e+00
4.119135591853293477e+00
5.885316297355184467e+00
6.672689840765607450e+00
6.468748299716010841e+00
4.182104772586940911e+00
6.882292903134453965e+00
4.676923482825102951e+00
4.742483904584380738e+00
4.819109650092182839e+00
2.961728779060283756e+00
4.844175224028711035e+00
4.150418399247502776e+00
6.013369718816581333e+00
6.084786022664873784e+00
4.279851785065128311e+00
4.847842788920347701e+00
4.802938174581660391e+00
5.860451954422943643e+00
5.515432736362206434e+00
3.449715790836264784e+00
4.926723488442702248e+00
3.629881550055802819e+00
4.958077443454969924e+00
5.244503185769824327e+00
5.207353779232676061e+00
3.843434193022028378e+00
4.602291762042315604e+00
4.717524819963335503e+00
4.969212456729115601e+00
6.193592890739498813e+00
4.665993083796397656e+00
4.354758939360237058e+00
5.187654781395430348e+00
4.104850439129345219e+00
3.537809689099966626e+00
5.645461273943736202e+00
3.488425998361972979e+00
3.878190622140850419e+00
5.433281583209532251e+00
3.902944228068669030e+00
3.196222192158717057e+00
4.045650086142011048e+00
5.850096838893996676e+00
4.424672559760868040e+00
3.546200652359809524e+00
4.992788815296066218e+00
4.113858378829122309e+00
5.076455210845595367e+00
4.550085251490108007e+00
5.766308775209982862e+00
5.135107565527320617e+00
5.805840287551772505e+00
6.567571014525086071e+00
5.655548514640100777e+00
4.988751017073248306e+00
6.030639616593752805e+00
4.079783521174372041e+00
5.736846778882748410e+00
4.514678346806997311e+00
4.749292012494144899e+00
5.352815995333411792e+00
3.804869640067741088e+00
4.000055583373898216e+00
4.322427933055099203e+00
7.497103389614290236e+00
5.227581683555701630e+00
4.216445681923280731e+00
5.309119668986275187e+00
6.165804009886445058e+00
5.998711175161338005e+00
4.615642474972158738e+00
5.669199419660476025e+00
4.320696774372388305e+00
4.430022872232561859e+00
5.108583725336453440e+00
5.561839610619983887e+00
5.962965735331517969e+00
5.369844256743584232e+00
5.304921564441541726e+00
6.374984277193776805e+00
6.550818039878132382e+00
5.142894032918889913e+00
5.013777543372271772e+00
3.971579049579782250e+00
4.757159503610070672e+00
6.531291660572389191e+00
4.864520701881098752e+00
6.000000000000000000e+00
4.685398990454579859e+00
4.285639111819554259e+00
5.116668991017038870e+00
4.671789477854309425e+00
4.385043423256612449e+00
5.995145857902384634e+00
4.878499392704958915e+00
4.972872695869328119e+00
4.148336311878068727e+00
3.843321002171040668e+00
3.554462200268755367e+00
4.049452066673556061e+00
3.774789109180549218e+00
5.673535211931541866e+00
4.827537915973877602e+00
2.887813166383530916e+00
4.843398587456095861e+00
2.467582227117850913e+00
3.114402065541549636e+00
4.422831753799933097e+00
5.324055159025949280e+00
4.266104602006526747e+00
6.261317114718385923e+00
3.502425124048958338e+00
5.980811630885081165e+00
3.695528565012036193e+00
5.434447714005325558e+00
4.830422447647719331e+00
5.460565799823312361e+00
3.138688426155649580e+00
5.050779671821600481e+00
5.471755099257287647e+00
4.412944308309172392e+00
5.956615403421666066e+00
3.784366627116416915e+00
4.930976737489556783e+00
3.881786941940081448e+00
4.266756379322237613e+00
5.314525004100981498e+00
4.863754018162977033e+00
4.287662297502752295e+00
4.950417947538950258e+00
4.412691072366397904e+00
7.439279047011712720e+00
5.848615469799387512e+00
4.680865594911448824e+00
3.430925131841004116e+00
5.326576967859237399e+00
5.548805174812528662e+00
3.554369865273171225e+00
4.362447394664389577e+00
5.502800547891375516e+00
4.063769322844532184e+00
5.795591430212437167e+00
5.254714769876733804e+00
3.689032726242449378e+00
5.430488557480906309e+00
6.500148002430667482e+00
3.575260675065266902e+00
3.343794934537632990e+00
3.494604706932284977e+00
5.416197994410095973e+00
4.430302966268808262e+00
4.461607220180416888e+00
6.835480462844092386e+00
4.426719955984397714e+00
4.613165938396862842e+00
2.951531125301056768e+00
5.088897464763112666e+00
3.763580969918249419e+00
5.493070988190856596e+00
3.636859103976970431e+00
5.169976976903683408e+00
2.778401837428294385e+00
4.978220907992490396e+00
6.350315111880150631e+00
4.931221245089415284e+00
4.703339586997135058e+00
5.611826843986978730e+00
5.669937352710019418e+00
4.597797918588570454e+00
3.001909174264916658e+00
5.304844607763575581e+00
5.448984411853505350e+00
3.994527553285050381e+00
4.501182596401354985e+00
5.236650794000357934e+00
4.852654354407868631e+00
6.465310513051829133e+00
4.328444446014277247e+00
4.067085684025154357e+00
6.532206564362938117e+00
5.211659107062017071e+00
4.142914750548277958e+00
4.196586062875530487e+00
4.272795267192859292e+00
4.493277150268671249e+00
4.152433786636676949e+00
3.627979911586677098e+00
4.124276037901691616e+00
4.211848157016564009e+00
4.433450999031848028e+00
4.042639499762847421e+00
3.780262824258301624e+00
5.646168166771382779e+00
5.981165434252107005e+00
3.760206188287814832e+00
4.242126229874987331e+00
5.154196930956144840e+00
4.680300489696045396e+00
4.318148194177339860e+00
4.395609058241717548e+00
6.076767440830776579e+00
4.071608583653660851e+00
3.957221065735930132e+00
4.821054335134741464e+00
3.432882263998786598e+00
4.904561066265440417e+00
4.766040891810694902e+00
3.348771719478022213e+00
6.353320156216554437e+00
4.554809023199936746e+00
5.862477848842144290e+00
4.892019130240161218e+00
4.939628251035674822e+00
5.278177696614391401e+00
4.149381485344047604e+00
5.538823314506204909e+00
4.989349146175749539e+00
6.739665098151828460e+00
5.042807335017411852e+00
6.838112448088486062e+00
5.256845264849074439e+00
5.632044804260644355e+00
5.494849199409372886e+00
3.325457057412217310e+00
6.028840756913681709e+00
6.655748685042287782e+00
5.881212088349407452e+00
4.763468806282044277e+00
5.480026872156587459e+00
5.199019667979375647e+00
6.548241234717636416e+00
5.791956536965434665e+00
4.807011768732815327e+00
6.144613730483010627e+00
4.169170525040937214e+00
6.815793847959424667e+00
5.989657726032080909e+00
5.488089061649771949e+00
4.938160824559641782e+00
5.356137668024809173e+00
4.172004408948186693e+00
4.942090260994626227e+00
5.103620829030422357e+00
4.767696546946350367e+00
4.342388044347135434e+00
3.908946509933478808e+00
4.943741149385449951e+00
5.403923737684243278e+00
4.197286698282118422e+00
5.667186492188799107e+00
5.397925685281903085e+00
5.700658967201452043e+00
4.352602808168885673e+00
3.839584753351947377e+00
5.837246556438369538e+00
4.370452002783991929e+00
4.252296456450594064e+00
5.003877116924091872e+00
4.276959672363222609e+00
4.441977022621136584e+00
5.916061649090795349e+00
5.921752401613014527e+00
4.838095470669774301e+00
3.731245348551986751e+00
5.975055234942270310e+00
5.539785331979983241e+00
4.365797312328609792e+00
5.339595534999451942e+00
4.625252191324172202e+00
5.143212049745159220e+00
6.184746725338840179e+00
6.448779715540815083e+00
6.377330202055050634e+00
5.401580777886911378e+00
4.628650402559564725e+00
6.377047882284143654e+00
5.664300478952279505e+00
4.693237411516239632e+00
6.065178044385675982e+00
6.216912400009349859e+00
6.306887283417767165e+00
5.116062895432751390e+00
5.650042631499891499e+00
4.976047534173510201e+00
6.027786049306499194e+00
6.375716554825467064e+00
4.854363010209991280e+00
4.656569960693348165e+00
6.294660748516622384e+00
4.111435585393749648e+00
3.859423177914540926e+00
5.091897898101017006e+00
5.198594945711452198e+00
6.023570358612733600e+00
5.295833284493864035e+00
7.218529832008467650e+00
4.434059247857536690e+00
5.198148540722293376e+00
5.829883688150232501e+00
5.405110259611034529e+00
6.154705193503011706e+00
5.955062614950981548e+00
6.420785853972695634e+00
4.068841965451378329e+00
6.356810556907889875e+00
5.500829791999570340e+00
4.748545432274980271e+00
6.419377392889614953e+00
4.829155170674740205e+00
5.785527217776794018e+00
6.149481065792141266e+00
6.388691363712391436e+00
4.488447580468400311e+00
4.608807466355223426e+00
6.348013625477349819e+00
2.681724346439040119e+00
4.628216394287289148e+00
5.491592655768449127e+00
5.962352582121829947e+00
5.077831929049958504e+00
2.857418999605340737e+00
6.552089057853125453e+00
3.333764628490185622e+00
4.882081862310021947e+00
4.254634345300388532e+00
6.206447995135688345e+00
6.096278690983206516e+00
4.553713961400065457e+00
2.568725609337256799e+00
5.357027303558965059e+00
6.612085793353756458e+00
5.732046671027761775e+00
4.427630506796674581e+00
4.527964952416919431e+00
4.145407066778615146e+00
3.541618620351715929e+00
4.700610142336422825e+00
6.577145744829189233e+00
4.966421230192498371e+00
5.581853416118253364e+00
4.574291456573952530e+00
5.774781947525263526e+00
6.813639393092983276e+00
5.165064787099904464e+00
5.019851782434971987e+00
4.764378915368890688e+00
3.885137555976371893e+00
5.797849254808692621e+00
5.812978410104770788e+00
5.276874789348239503e+00
5.491094179119778929e+00
3.946131067308296103e+00
5.488879770688841475e+00
4.438027349888008288e+00
5.459326735945465359e+00
3.754953580569242444e+00
4.784916152392419519e+00
5.568839500985783175e+00
6.379214738876147095e+00
3.004340107221466827e+00
5.458136090705725252e+00
5.846878447434833426e+00
6.134623882430488173e+00
5.100879414177212468e+00
4.616532883807502152e+00
6.084026373854481307e+00
4.169147279449250121e+00
4.934929261871991990e+00
5.599183764389943363e+00
5.091343972518375338e+00
4.159952869506501116e+00
5.351131485634502027e+00
4.400381816864640250e+00
5.641916168686632815e+00
5.216372422237103734e+00
4.296674984587300017e+00
3.406552335114108043e+00
3.735182962067383983e+00
4.847925201737086631e+00
5.086454811593002390e+00
5.750755180206279071e+00
4.144744284873991269e+00
5.256549366991634109e+00
3.862685435136498313e+00
6.496669660492969456e+00
6.821101563308449300e+00
6.049824502522525904e+00
4.213901185545946504e+00
3.998915497471182690e+00
4.869636218492598090e+00
4.598569785177431868e+00
5.910903229038797946e+00
5.253138241422773191e+00
5.366243105917502199e+00
6.324750619324202461e+00
4.195117431557543242e+00
4.422536614176405756e+00
6.091505894033247159e+00
4.161247718971878840e+00
5.396978527387140900e+00
4.006431435144950370e+00
3.275915611903008173e+00
4.224005853706786162e+00
5.308783984621179286e+00
6.345178373737550004e+00
3.978616501646593751e+00
5.855825717090531235e+00
3.663803528492593387e+00
3.043473881743746112e+00
4.340979629178606913e+00
6.376895715315637148e+00
4.924168699408838279e+00
3.672863759806594075e+00
3.655291324709777356e+00
3.305793529800873820e+00
4.914386580428192985e+00
6.444045335792919715e+00
5.631472926942890034e+00
6.757383270554509380e+00
3.565905239301258689e+00
4.316600563855697459e+00
5.294989575635894674e+00
4.964943900056425719e+00
3.348610252475423099e+00
5.422546480880663822e+00
5.450581737495028278e+00
4.793158126299172928e+00
4.619344422958707064e+00
4.441026817178990171e+00
3.781144349111714931e+00
5.162303162244977095e+00
3.634147650212125935e+00
4.759508230573217702e+00
5.922143884223707744e+00
2.710224299092840461e+00
6.457795762110043469e+00
6.173273563419459542e+00
5.032777107260135274e+00
4.989539915353481625e+00
4.466040700092520410e+00
5.642737108098702770e+00
6.244766759088548724e+00
2.689396859323803568e+00
4.593481429916385750e+00
4.683940893869884547e+00
5.481607631184093776e+00
3.993063730482959262e+00
5.178180250109578608e+00
5.975384489099063501e+00
5.017722431622996027e+00
4.864413287055305624e+00
4.568097701920781795e+00
3.103559402700478920e+00
4.460938124589819864e+00
3.857408023998049273e+00
4.076699220265707524e+00
3.768502785036765168e+00
3.813395080588073860e+00
4.766494883006128447e+00
4.659104347762269782e+00
6.318959645734757657e+00
3.250847252420903111e+00
5.195045456907744885e+00
3.644962490903220775e+00
3.653872193033290028e+00
6.202224629984026905e+00
3.846173735679711214e+00
4.463598745774087106e+00
3.299938159131755810e+00
4.996422338624198822e+00
4.346464757973956594e+00
3.783605930673460627e+00
4.849780043917718331e+00
6.023965844216013110e+00
5.827725182410198990e+00
4.247223826722692053e+00
2.982300932264535298e+00
5.303994069139842615e+00
4.331045389207748286e+00
6.179547662850993106e+00
4.355452424176887050e+00
4.481767362494498919e+00
3.988042907456932795e+00
3.399159513804448363e+00
2.981790228913076213e+00
6.403973509629427241e+00
3.230304016821609281e+00
3.969932967609881125e+00
4.429429792930807963e+00
3.745683286961502656e+00
4.370080376287077684e+00
5.205640021818983776e+00
4.363444045109952540e+00
4.625526189234154373e+00
3.219935338680868675e+00
4.696404526803330981e+00
5.346422333261214632e+00
4.255215404337935325e+00
5.354221233983295747e+00
3.698155299143751407e+00
5.846060220743295233e+00
6.110400768689794759e+00
5.310844827439064275e+00
3.744685099154226648e+00
5.196195137151681465e+00
4.030971052681541877e+00
3.809369039028354109e+00
4.812598326983161812e+00
7.240394022522446349e+00
3.623180699980191211e+00
5.410854699213075492e+00
5.482867051860367269e+00
6.132808889257485241e+00
4.122474962340293203e+00
4.187914292311969433e+00
5.076200772599531952e+00
3.740431310882144977e+00
4.353624974107783707e+00
3.561829056390815929e+00
4.054590697993435633e+00
5.519910714047962408e+00
5.791274321989031471e+00
5.917824411152430741e+00
5.641634149549289212e+00
4.687824842842577056e+00
4.850488106326152682e+00
5.788860891330912750e+00
4.246641917142616407e+00
5.675515720642849260e+00
5.843830475932463742e+00
3.855729766774697254e+00
4.048699211925102404e+00
4.797602226527008185e+00
4.421054343306739298e+00
5.162728795820429539e+00
6.484058710323536090e+00
5.853179847407503189e+00
4.033073431835552114e+00
3.707845114710210943e+00
4.587448770743606907e+00
4.782115380736644994e+00
5.142399219433928081e+00
4.630612303422424247e+00
6.721364220753726748e+00
3.860281104644422534e+00
4.622331494354169124e+00
4.177965565908364098e+00
4.982125647412031455e+00
3.582166868686482708e+00
3.676843243819876594e+00
4.655623191313964071e+00
4.607363144036419556e+00
4.057069929816291776e+00
5.125743375421849990e+00
4.249998999031695313e+00
4.174070819063647519e+00
3.803321808550037986e+00
3.512964468278354957e+00
4.365285459957589431e+00
5.371766973504572995e+00
3.984816585670463152e+00
4.016009870614247745e+00
4.377473648503038106e+00
3.723744399892131796e+00
5.655641286507724352e+00
5.077855113825526345e+00
5.224805241341623940e+00
4.020145625918101651e+00
3.980021284776477764e+00
5.323799664983330793e+00
3.386238770797965536e+00
4.644618282721816094e+00
3.741205914499582619e+00
6.586080610093756782e+00
4.804756381467687021e+00
6.224444757736326217e+00
5.013617379335505220e+00
6.072330782084820910e+00
4.851914314941209838e+00
5.783707253977825147e+00
4.726586762091335103e+00
6.242549106957149263e+00
4.800627485477102496e+00
6.078153499195056320e+00
4.285487150218113328e+00
4.967139411394901671e+00
3.591722805125849405e+00
3.663138531734229986e+00
2.464865598447325556e+00
4.816828577016479151e+00
2.728247514556859876e+00
3.759396029535902350e+00
4.436097669342832006e+00
3.255721522030795789e+00
3.639367651611374654e+00
5.811150462275371353e+00
3.109235875460748311e+00
4.468220514230329066e+00
4.361256120445198725e+00
3.222875562581698716e+00
5.943508020059580232e+00
4.221541092382629756e+00
4.231783486604236089e+00
4.038479788890027677e+00
3.488306917076068103e+00
2.186163981526094702e+00
4.652359170458639781e+00
3.753638780528028462e+00
4.827412677953322628e+00
3.753316012354761533e+00
4.136170886234382671e+00
4.103264705833026937e+00
3.580794045789006397e+00
3.227917672337766497e+00
4.382319164989765703e+00
5.415518944849340599e+00
4.947026602459336786e+00
5.914967426011285667e+00
3.331879630711049423e+00
3.983841012372999035e+00
4.151212560795960016e+00
4.343444825223771844e+00
4.169487778468328187e+00
4.554069958392959805e+00
4.180696214056244031e+00
3.672362238410132651e+00
4.007321008848160560e+00
5.357920193583915136e+00
5.553298423862617739e+00
6.145635856418747878e+00
4.014861702181464764e+00
3.690115364382470897e+00
3.620270506853432657e+00
4.498088367644251129e+00
3.135792343339899091e+00
5.358720337771178954e+00
5.690669954059652369e+00
4.955495163260088098e+00
4.324280887841633891e+00
5.163476620951445994e+00
4.738751362909729536e+00
4.841642055300724223e+00
6.681125414973190679e+00
3.884785875328383042e+00
5.349516640871014417e+00
3.756517484148957919e+00
3.971664292379915917e+00
3.718432005817021047e+00
4.511906234257795134e+00
5.984958386628881577e+00
6.269169446596496442e+00
4.337433545155224834e+00
4.454778758450082421e+00
4.048131256007419410e+00
4.627287307106785263e+00
5.041378863459222259e+00
4.920058971842711237e+00
4.707152564258959337e+00
4.026513607533583006e+00
5.675595012953394303e+00
3.517030615442378050e+00
4.207891662605399929e+00
5.003366491352425172e+00
5.865238995183964299e+00
4.096656499662033823e+00
3.389181771454912173e+00
3.594796874657139263e+00
5.826968032852944290e+00
4.523749169233737710e+00
3.960880287773020036e+00
3.721403829441148225e+00
2.993856657891711404e+00
4.122710204898654140e+00
6.220402844715886559e+00
5.387558827590845034e+00
3.522160786276091748e+00
3.742793491999095501e+00
4.317960779957600082e+00
4.053444444794489954e+00
3.855456703355008230e+00
4.293662417847952106e+00
5.663485962074619628e+00
5.103157546667429934e+00
4.025642813870554448e+00
3.401588746770821459e+00
5.365792124069105107e+00
3.790547271658899930e+00
3.532970662692586306e+00
4.887577812718079784e+00
4.060035527144894019e+00
6.191164375850077839e+00
4.286921648299436782e+00
4.693216653335313460e+00
4.323075080253797609e+00
3.937154525094385349e+00
4.269861248567334400e+00
3.827427746763261140e+00
3.675459133684338298e+00
5.774596076259147281e+00
5.009602603891318395e+00
5.431160319547055693e+00
6.633674064769727430e+00
4.688001185924257186e+00
4.985236344877670867e+00
5.785199822743391174e+00
4.460669534517549550e+00
3.588776780766759433e+00
5.035398370174638316e+00
4.609136469434941041e+00
5.461469115954914244e+00
5.304910354308192133e+00
4.966004311158429552e+00
4.764600240271054332e+00
5.326261483213850845e+00
5.800052354790920184e+00
5.577972486060067681e+00
4.845188912379897239e+00
3.483857691647914478e+00
4.926268825344787494e+00
3.370684545117638820e+00
5.831149296050581299e+00
4.385167839615336405e+00
4.181683544164549460e+00
4.188078000975055559e+00
6.000976474557731422e+00
4.463489933184306757e+00
3.030673707717601140e+00
4.512495983595846027e+00
5.302173588754948597e+00
5.230628749034668346e+00
6.198857348439216430e+00
3.900767593898691210e+00
4.537835888594932143e+00
4.650989094891981424e+00
4.943324424704153230e+00
5.432822333401404968e+00
3.413252300299141062e+00
5.682918629666691146e+00
5.646370210717033267e+00
4.623186943126496473e+00
4.674106302737360608e+00
5.426663638969818848e+00
3.281624404990031607e+00
4.885972022151173988e+00
4.423620907853379691e+00
4.595716158524288275e+00
4.917941459930769810e+00
3.266261921413774694e+00
4.630641605242834302e+00
5.221386476688127942e+00
4.626303445907202772e+00
5.997539670594749239e+00
4.861355601944688409e+00
5.341000943591308392e+00
4.233299021952991126e+00
3.865474692561372549e+00
4.906387099644736516e+00
4.497389571506319683e+00
4.569683672432553578e+00
4.613464014358074294e+00
2.905810284438742119e+00
3.263233273523245437e+00
4.202766392720103994e+00
2.881180440733808190e+00
3.860073232946912292e+00
5.046946921868014968e+00
2.792615396591551669e+00
4.989641232029869755e+00
6.186786507090459075e+00
4.546420987018914062e+00
3.334816793730855267e+00
3.795971221001682938e+00
4.177572109911297460e+00
4.398315892962963325e+00
4.961720592958176468e+00
4.756115766557459601e+00
5.299445155136472962e+00
4.283875392450326558e+00
5.968670745633753327e+00
4.526003415615065251e+00
4.378379084711703229e+00
5.057957973721445732e+00
2.796295952799775275e+00
3.953940760932696641e+00
4.566085320671237291e+00
5.675780445563145094e+00
5.089599177998564983e+00
4.376579967465188403e+00
5.166069164003916470e+00
4.821038783885913226e+00
2.162486022314604295e+00
4.190839762244543465e+00
4.427486728689808082e+00
4.411870971179341794e+00
6.530094142701273974e+00
3.846538150211949336e+00
5.638891690099335996e+00
4.558172905514317641e+00
4.987960041690010726e+00
5.325057318666753581e+00
5.584344442810170506e+00
5.505825293054022573e+00
4.857185840460135573e+00
4.481420766503558362e+00
3.159683873798313947e+00
5.039992611302647418e+00
4.824440845229456265e+00
5.549212476447908493e+00
5.226122706310954769e+00
5.497751420446942205e+00
5.278705928864391161e+00
2.420279030761859573e+00
4.152263199290296747e+00
5.266288723332286814e+00
5.268603112841589109e+00
4.158925184341065062e+00
4.238159188284415180e+00
5.354280074465589401e+00
4.288909669254664436e+00
6.209247634315241626e+00
5.612398177982922398e+00
3.179047475434868542e+00
4.389878025449053922e+00
5.060990290338866160e+00
4.898052899050245657e+00
6.009413494597223959e+00
3.330736720924057703e+00
3.063424305459080621e+00
4.607921386625253746e+00
4.186095509732650655e+00
4.008191350439197720e+00
4.135558815570565372e+00
4.087795148127023381e+00
3.294413335928943809e+00
4.253252297327913212e+00
4.314725597762168796e+00
5.043620106916836043e+00
3.133940895626149192e+00
4.081948070470346579e+00
5.899032577736466720e+00
3.795609603500925466e+00
4.092868022454972277e+00
4.098429132618233162e+00
4.377837028346636572e+00
3.957493872281028224e+00
4.647493954861625198e+00
3.810797742252199249e+00
4.860504268496808500e+00
4.222498111765871975e+00
6.542531696239880290e+00
5.605471779113230468e+00
2.738013893099997098e+00
6.670880428434720066e+00
3.921936541767719220e+00
5.848909533362624202e+00
6.093716983420744526e+00
5.047595268272022651e+00
4.313598127838584873e+00
3.892978606286190857e+00
4.968867112998500701e+00
4.973130908623441648e+00
5.690373188859654263e+00
6.155097786327366371e+00
3.896980219190257166e+00
5.107187383811169212e+00
5.061899891422721787e+00
6.154763362705283569e+00
4.399512600902301784e+00
3.873840887903221120e+00
4.956157541177767634e+00
3.682626269843628286e+00
5.147161114134296334e+00
4.063830880332266915e+00
5.901549092831427146e+00
4.061558370838923793e+00
5.967021387679604771e+00
5.618903530096359233e+00
3.227191611593009490e+00
5.151545795216431856e+00
5.186819214811688283e+00
3.916174634351996087e+00
5.602727812568873311e+00
5.026002760576464112e+00
3.799558234140175905e+00
6.556586082114666425e+00
4.247203104494404968e+00
3.950803125671498162e+00
4.242442047144646899e+00
3.564539952352493657e+00
4.733777811124997292e+00
4.478619172850329733e+00
4.768190755783900059e+00
3.936120901753634271e+00
4.945576014606989368e+00
3.486682110636893484e+00
4.453502748706785752e+00
4.281253449834531821e+00
4.273400047528935097e+00
4.330244393683021720e+00
5.316310672777563084e+00
4.436452986740084370e+00
3.683684247394564792e+00
4.973335975689741062e+00
4.120632443048066307e+00
4.669772787002621328e+00
4.463823524475451165e+00
4.586446804566126190e+00
4.685268483168469444e+00
4.312524254954397840e+00
4.956758453698442146e+00
5.520470485445732933e+00
4.018198374601492873e+00
5.349237878048250572e+00
4.333309465366569135e+00
4.320984152251671873e+00
4.731330713471484373e+00
2.595433011177103122e+00
4.157948006972961963e+00
5.751898571130723781e+00
4.485782223078717657e+00
3.778965653033558247e+00
4.588805601994788930e+00
3.259477502113333092e+00
4.476068867866416667e+00
4.295134438179543324e+00
4.565037075981386749e+00
5.507162671827428468e+00
4.170557986196092415e+00
2.704773184848612289e+00
4.524120833103413730e+00
4.322240949514672081e+00
4.742067524644342669e+00
4.714944203685617730e+00
4.390648319949192135e+00
3.892660596738899415e+00
5.067158592641750836e+00
5.284060953375677272e+00
3.803253344939625080e+00
4.336862348942103651e+00
4.152571768332265378e+00
4.625275382065689556e+00
3.296830106578473529e+00
5.580481212685178605e+00
3.638479968448049107e+00
5.736136510721003390e+00
5.626462756076067606e+00
3.397088724588246400e+00
3.786933101514592170e+00
4.804175328432965131e+00
4.831444304724932692e+00
3.409326372163945074e+00
4.680096991586182753e+00
4.921754895718091660e+00
5.746398883964500826e+00
4.629827548357278388e+00
4.592579270735285490e+00
4.589997385625334658e+00
5.367569166951278170e+00
5.534955445299555521e+00
5.551601994480099833e+00
4.551876530781913566e+00
4.407591930073060382e+00
4.498027656904389993e+00
3.834119341431009076e+00
5.659672684763450867e+00
4.450098648595387729e+00
3.607034825328540251e+00
5.595807591463780817e+00
4.770346790103803691e+00
4.439957492557041974e+00
5.190471430706907974e+00
4.053341412248171238e+00
3.477739756170014740e+00
3.695265408167701437e+00
5.766279158128156723e+00
4.549731745795666527e+00
4.745482991523003236e+00
5.474125046624296331e+00
4.077237947705437016e+00
5.207456441941989311e+00
4.339407014582917554e+00
3.743111805183545471e+00
3.829283769722858555e+00
5.989959137599737637e+00
4.846311657729879485e+00
3.204295449919480454e+00
6.057195236153152251e+00
5.657746248621045027e+00
4.520223749491036003e+00
4.806083349746526956e+00
3.940929423107251139e+00
5.797059967488634058e+00
4.448306248241605587e+00
6.703994696196586389e+00
4.879700244014869348e+00
4.517824993791004218e+00
4.381078485619354979e+00
4.344575863378985048e+00
4.074197545915124508e+00
4.138716671165982852e+00
4.511663935718434715e+00
3.276186931572018679e+00
4.696371332168895130e+00
4.176785557906095292e+00
4.763325777029442598e+00
4.320983586984247893e+00
3.426967678041105358e+00
3.773699035998650864e+00
4.102315800563852477e+00
4.884549262720860874e+00
2.901906040029982314e+00
4.478983404874600893e+00
5.322435027134503116e+00
4.412360586540903462e+00
4.547836623660820976e+00
5.151760752180113201e+00
5.506117647101113732e+00
4.098976876654258916e+00
4.533329957128208854e+00
3.498804545431793755e+00
3.635202728455627419e+00
5.943171048369668696e+00
4.991160390270751535e+00
5.598052628502909300e+00
3.943043790134509674e+00
4.771487398470297236e+00
3.647882237941926675e+00
5.300147935903181562e+00
5.666812884577059783e+00
3.707713712408088114e+00
5.037225878012828950e+00
5.558430297974550349e+00
4.492330685901503529e+00
5.722642184705766688e+00
5.555850804972624957e+00
4.637321441761708130e+00
4.664205063214414082e+00
6.113614835500797540e+00
4.103345152628293135e+00
3.026094673944586866e+00
5.959652068755433518e+00
5.509011714407540339e+00
4.897375067823213968e+00
3.992278201220964995e+00
4.026123074752780973e+00
4.342723685383612420e+00
4.183975949533776273e+00
3.268299770568963147e+00
5.232100531835817137e+00
4.725996018394003073e+00
3.502430049984036842e+00
4.015692742654948688e+00
4.147846196700076149e+00
4.452653391594870058e+00
3.704296464891065455e+00
3.873849624504238420e+00
4.610417579497463336e+00
4.360573987805391738e+00
4.519350926745386410e+00
4.285686703310367385e+00
3.904384370309644581e+00
5.245537624890941331e+00
5.668747866032367355e+00
3.767585948536952056e+00
3.800407215914969328e+00
4.143074776036615781e+00
5.211633805749976922e+00
4.332806688179612564e+00
3.770610823688302027e+00
4.665913840271841195e+00
3.745849916481115649e+00
4.714236114194045868e+00
4.095367935388845915e+00
4.878473285558466266e+00
4.805438968160670399e+00
4.778434799299949631e+00
5.585508948701144227e+00
4.900867515420189946e+00
4.578167851765337915e+00
5.108535665118658642e+00
4.077585556992691096e+00
5.325686709250167183e+00
4.565747781892426360e+00
2.841015770827051590e+00
5.855530276129531586e+00
5.628011490321447319e+00
3.733550568938943659e+00
4.329856025163286048e+00
5.135370372043112752e+00
3.785133550985826822e+00
4.606883241014575248e+00
4.569452038045892728e+00
4.137345341924056008e+00
5.396666239881425575e+00
4.492704600700088591e+00
4.816519084266662531e+00
4.439349931628060908e+00
4.337495020796261258e+00
5.816534504768440250e+00
6.472108389680636620e+00
2.745298290211285241e+00
5.250512566643539714e+00
5.303669043355384360e+00
4.629001298901242123e+00
4.629365401403516600e+00
5.594406492197642855e+00
3.932898272057506972e+00
5.154349858366352066e+00
4.904653333985279140e+00
4.325338489383928398e+00
5.217229569320587679e+00
5.341144957608433330e+00
5.925635154447462583e+00
4.016845950362297302e+00
4.168808254541411351e+00
4.757465050349354740e+00
4.858646649431036302e+00
4.198303793487045965e+00
5.899485351322831583e+00
4.912710532384396700e+00
5.579145856651077651e+00
3.151893864119807098e+00
4.407844575603855120e+00
3.512302730396122286e+00
6.414259954320170820e+00
4.296109683602166385e+00
5.705994013937707443e+00
3.413807663491874145e+00
5.507585870966506647e+00
4.586978651986513889e+00
4.029439772081973459e+00
5.432822753331196353e+00
5.422420333870226372e+00
3.753476700950567402e+00
4.359785485950882666e+00
3.704946792217850504e+00
4.091453636764301294e+00
3.252219185479876984e+00
4.599102717170050703e+00
3.899207298815383638e+00
4.953354724367509121e+00
4.286637354594011740e+00
4.703539507997140490e+00
4.064306048991321418e+00
5.372724867701972329e+00
4.605080697224160247e+00
3.760090871124421419e+00
4.316048184936873255e+00
3.985912580922481574e+00
3.732890195332045913e+00
3.583088686293817382e+00
5.452988833661335022e+00
3.852305028740781623e+00
4.544499456408455984e+00
5.568321936274569062e+00
4.421191593613581716e+00
3.695929243764357608e+00
4.259521901020018930e+00
3.654026475685943076e+00
4.995230392165403543e+00
3.594929513748037042e+00
4.077560890440779851e+00
4.315020467008547023e+00
5.215527321351997259e+00
5.796912397585016308e+00
4.333716614406906587e+00
3.844806094754321446e+00
5.702859328256355553e+00
4.324183262758788615e+00
5.804091367263477963e+00
3.589683216900008578e+00
5.064780456257781616e+00
3.889518164824186996e+00
3.133951712866320793e+00
2.465966793151496361e+00
2.905395120743550663e+00
5.248745423254140618e+00
5.134651701226069065e+00
5.202234945484481621e+00
4.736459859434889452e+00
4.952704114941911762e+00
4.587670032029842915e+00
4.921786052356975638e+00
4.985157629908840704e+00
3.666831427143715683e+00
4.528352197601649642e+00
4.597224885233574199e+00
4.954995588189195388e+00
3.562275326268468767e+00
3.752786385374893285e+00
4.100967410669874802e+00
5.195795819132635884e+00
3.174509340560866644e+00
3.869513616431633718e+00
4.263345312511319207e+00
5.135683485499631828e+00
4.126816964850173797e+00
4.369070642984585362e+00
4.522997389254678424e+00
4.807122281498759087e+00
5.620622598387726043e+00
5.067223008783610538e+00
4.430100829950306185e+00
4.871499686074352908e+00
4.043574935504155476e+00
3.825287336325138288e+00
3.958090188012413080e+00
4.054103805209738454e+00
5.169834420197235048e+00
4.880826822515429875e+00
3.855109711353250646e+00
3.377149065222392110e+00
5.794554780377955794e+00
4.523929326984311494e+00
4.058179345269584459e+00
4.696663054855116926e+00
4.012071316455763537e+00
5.143265761835465355e+00
2.907254928512497116e+00
5.202066567582469325e+00
3.822668425779395029e+00
3.881630048087441498e+00
6.052439790734185365e+00
4.878070177521670381e+00
3.645466452503171695e+00
3.786576912562985786e+00
4.895828649688432677e+00
4.564908670954165970e+00
4.036210159999253477e+00
4.558445863791071417e+00
4.579928336568052316e+00
5.033456364538303696e+00
4.675851526695245397e+00
4.245098510425444616e+00
5.655953553338523676e+00
4.734298333221287791e+00
5.027403388607893930e+00
4.726384805235488429e+00
4.839919245160450245e+00
4.177389047305470449e+00
5.294836154889138946e+00
3.910821834051859014e+00
4.853008521106388251e+00
3.542460547765305279e+00
4.901950556769595124e+00
4.708745314268224291e+00
5.997728765988982857e+00
4.640283432369461281e+00
6.397295252287007017e+00
3.754350581086824956e+00
3.551142031764060292e+00
3.706472217618140164e+00
3.949148042629361477e+00
3.865568181645074652e+00
4.441609554855936004e+00
3.505839808376678857e+00
5.369136372300552296e+00
4.546381459082174281e+00
4.590075406648251644e+00
4.837467083710898841e+00
4.718969568107683088e+00
4.223901310748415128e+00
3.275078325590993877e+00
3.766163997873353431e+00
4.275696212857658551e+00
4.077527307769326370e+00
4.069810464596258726e+00
4.425086134427258067e+00
4.408678564524469934e+00
3.425536492220288665e+00
4.678544287234243981e+00
5.002444667493586294e+00
4.525849512838868272e+00
3.423053576618605209e+00
3.884704445929669347e+00
5.143963213719915828e+00
3.405255393385909990e+00
4.410406110260606027e+00
4.445491621967573082e+00
4.557582723583624151e+00
3.189201257355535279e+00
3.465568501228437626e+00
3.316496489929025238e+00
5.565890611495607487e+00
4.646644387167793155e+00
3.721186844128815174e+00
4.627016390159881531e+00
3.965812602222940964e+00
4.088655951727441007e+00
5.837561758162003400e+00
3.787126903228231534e+00
4.920311391053120431e+00
3.998871425412245273e+00
5.378576112170161849e+00
5.023304054113523875e+00
4.580985330021789537e+00
5.015557403802277214e+00
4.285403097539685291e+00
4.977006440519476271e+00
3.452937812817463481e+00
4.544656896844219141e+00
3.700538120177320422e+00
5.231544174458586660e+00
4.614918304915443414e+00
3.650999878766018281e+00
3.722963407649598988e+00
4.744051248239679275e+00
5.707342259606043022e+00
4.591041480721595569e+00
4.651409136461360561e+00
4.185540921895666955e+00
4.208438794419848250e+00
4.475910378326165784e+00
3.642186873821600557e+00
4.407388960134441369e+00
4.388789962621977736e+00
6.050362641668947994e+00
4.166561885996930670e+00
4.086665738105732970e+00
3.753095105802290110e+00
2.939797110497714083e+00
5.844561044261951110e+00
5.787607263903316479e+00
3.779310789004052484e+00
3.849070840344305466e+00
1.208750308759099168e+00
4.245770983176118563e+00
4.901009016775057958e+00
4.102270436382530860e+00
4.855148428123325033e+00
3.700104774700127219e+00
3.992205551102798289e+00
4.001935416256350742e+00
5.598837450538326266e+00
5.331363700395726823e+00
5.373306907864354720e+00
3.991453534573564887e+00
3.641379137436256741e+00
5.066114662481516540e+00
4.822080588610329954e+00
4.603739270959753327e+00
5.057990133419384193e+00
3.379629797784388323e+00
5.491287922191158799e+00
4.251627594540169142e+00
4.289550320188488364e+00
4.465517693698697776e+00
4.994990443895774845e+00
4.096018838659970740e+00
3.981424360570917642e+00
5.151575531419356757e+00
4.093617882918302087e+00
5.016590997538902030e+00
4.931796553308712916e+00
3.106780150756721426e+00
5.093346147680332336e+00
3.301598961420324940e+00
3.832577050991480494e+00
5.396918446016764292e+00
6.030161288299612288e+00
5.570936099011857934e+00
4.295260436899598133e+00
5.310734147406253491e+00
4.237648200608578719e+00
4.664015315382453508e+00
5.473806817861488483e+00
5.171949490515022951e+00
5.510438402807973368e+00
5.072727676700280242e+00
4.506174611442720135e+00
4.171438373505431230e+00
3.812603147603391918e+00
4.621961259321405002e+00
6.124965461765026653e+00
4.756071332222061798e+00
3.277987975662840725e+00
4.421876578702590876e+00
4.427546488760127019e+00
4.153912807829548193e+00
3.220344249149966753e+00
5.418254887887925975e+00
3.443605044158114303e+00
4.861261243494416462e+00
4.115257400264233922e+00
5.229549952808929980e+00
4.172070844607835838e+00
4.900899889112423580e+00
4.970112490077453593e+00
4.370062417114667142e+00
4.752168947867701831e+00
4.731783016588691382e+00
3.961426396136983996e+00
4.693347037220197748e+00
4.216544274996695485e+00
4.742122427199420898e+00
4.633150161822259250e+00
3.447021258278016198e+00
4.098661564574698879e+00
5.328774980583760978e+00
4.337255952424401428e+00
4.730515070100400621e+00
4.585221878836750697e+00
3.674966461216694125e+00
4.439953897198972044e+00
5.234833568840237206e+00
4.511789959531015803e+00
3.883893729895816271e+00
4.193206725549652347e+00
3.017971706671416676e+00
5.237608806944320960e+00
5.579078594839723237e+00
5.045549225970408003e+00
4.262855000511087233e+00
4.844213567700968781e+00
4.069596244219246373e+00
3.673128541633753574e+00
5.049182745805428141e+00
4.191922596929831712e+00
3.754934355619933939e+00
5.839416547791559609e+00
4.021623306554820587e+00
3.433048358480162765e+00
4.324775566574492025e+00
4.338087994591070640e+00
